disease,origin_date,target_date,horizon,observed,seasonal_naive,ARIMA,STL_ETS
Adenovirus,2025-07-07,2025-07-14,1,2.31,1.75,2.3989025429940343,2.8019676049026954
Adenovirus,2025-07-07,2025-07-21,2,2.02,1.88,2.4258643881891953,2.4804440522874898
Adenovirus,2025-07-07,2025-07-28,3,1.84,1.56,2.37502168272431,2.3748605695679452
Adenovirus,2025-07-07,2025-08-04,4,1.62,1.54,2.377342993424086,2.1841749835075395
Adenovirus,2025-07-14,2025-07-21,1,2.02,1.88,2.374332039068055,2.283547131573578
Adenovirus,2025-07-14,2025-07-28,2,1.84,1.56,2.318820821895913,2.177965322993887
Adenovirus,2025-07-14,2025-08-04,3,1.62,1.54,2.3253739148383845,1.9872814110733354
Adenovirus,2025-07-14,2025-08-11,4,1.74,1.54,2.3194307020442935,1.8744541252215996
Adenovirus,2025-07-21,2025-07-28,1,1.84,1.56,2.1015025358598245,2.09501774960744
Adenovirus,2025-07-21,2025-08-04,2,1.62,1.54,2.0801152649734287,1.9043373031853856
Adenovirus,2025-07-21,2025-08-11,3,1.74,1.54,2.0908625022338194,1.7915752404880216
Adenovirus,2025-07-21,2025-08-18,4,1.24,1.6,2.094998293893083,1.793628196761253
Adenovirus,2025-07-28,2025-08-04,1,1.62,1.54,1.9285115192525477,1.8395652095231505
Adenovirus,2025-07-28,2025-08-11,2,1.74,1.54,1.9304846956474933,1.7268471334072992
Adenovirus,2025-07-28,2025-08-18,3,1.24,1.6,1.9523692032312863,1.728944076262044
Adenovirus,2025-07-28,2025-08-25,4,1.32,1.54,1.9491642417576898,1.5844637589206092
Adenovirus,2025-08-04,2025-08-11,1,1.74,1.54,1.733879932947873,1.6702784589384696
Adenovirus,2025-08-04,2025-08-18,2,1.24,1.6,1.7350730659084328,1.6724053126933218
Adenovirus,2025-08-04,2025-08-25,3,1.32,1.54,1.7382758832445147,1.5279562315288415
Adenovirus,2025-08-04,2025-09-01,4,1.47,1.17,1.6822911953530877,1.211348083211421
Adenovirus,2025-08-11,2025-08-18,1,1.24,1.6,1.74575582351124,1.7626853072809494
Adenovirus,2025-08-11,2025-08-25,2,1.32,1.54,1.7565378922124535,1.6182484937094
Adenovirus,2025-08-11,2025-09-01,3,1.47,1.17,1.7157217408778387,1.3016526129849102
Adenovirus,2025-08-11,2025-09-08,4,1.17,1.07,1.707444793281628,1.3347219156307948
Adenovirus,2025-08-18,2025-08-25,1,1.32,1.54,1.4458325002080235,1.4110299065863665
Adenovirus,2025-08-18,2025-09-01,2,1.47,1.17,1.3767253238590558,1.0944465879750003
Adenovirus,2025-08-18,2025-09-08,3,1.17,1.07,1.390928460786399,1.127529158574203
Adenovirus,2025-08-18,2025-09-15,4,1.33,1.43,1.4379622566269405,1.00734383174808
Adenovirus,2025-08-25,2025-09-01,1,1.47,1.17,1.281210636177922,1.1129246326084543
Adenovirus,2025-08-25,2025-09-08,2,1.17,1.07,1.2953074263499555,1.1460159996213934
Adenovirus,2025-08-25,2025-09-15,3,1.33,1.43,1.3340608029265093,1.0258394692090067
Adenovirus,2025-08-25,2025-09-22,4,2.82,1.7,1.3689077142945592,1.1167246279015353
Adenovirus,2025-09-01,2025-09-08,1,1.17,1.07,1.3928033932762947,1.3798685691031687
Adenovirus,2025-09-01,2025-09-15,2,1.33,1.43,1.4553667886439499,1.2596915602212664
Adenovirus,2025-09-01,2025-09-22,3,2.82,1.7,1.4804443791747715,1.3505766676413002
Adenovirus,2025-09-01,2025-09-29,4,2.19,1.47,1.4612493109943747,1.510260635826755
Adenovirus,2025-09-08,2025-09-15,1,1.33,1.43,1.3080642625691803,1.1899460074356156
Adenovirus,2025-09-08,2025-09-22,2,2.82,1.7,1.3233047430877924,1.2808355981937
Adenovirus,2025-09-08,2025-09-29,3,2.19,1.47,1.3307542515990831,1.4405240497172054
Adenovirus,2025-09-08,2025-10-06,4,1.47,1.76,1.357975573249578,1.483483383725221
Adenovirus,2025-09-15,2025-09-22,1,2.82,1.7,1.3363533772321639,1.3849805564046827
Adenovirus,2025-09-15,2025-09-29,2,2.19,1.47,1.3417914682628493,1.5446699974050873
Adenovirus,2025-09-15,2025-10-06,3,1.47,1.76,1.368115670692275,1.5876309032876637
Adenovirus,2025-09-15,2025-10-13,4,1.7,1.62,1.3565515865844944,1.6248044256174783
Adenovirus,2025-09-22,2025-09-29,1,2.19,1.47,2.2350247031327664,2.268480315201418
Adenovirus,2025-09-22,2025-10-06,2,1.47,1.76,2.3504075394589505,2.311429670572876
Adenovirus,2025-09-22,2025-10-13,3,1.7,1.62,2.2647700622207663,2.3485916423915727
Adenovirus,2025-09-22,2025-10-20,4,1.78,1.93,2.297801331283565,2.6381718596800945
Adenovirus,2025-09-29,2025-10-06,1,1.47,1.76,2.31367137614215,2.2396796629659024
Adenovirus,2025-09-29,2025-10-13,2,1.7,1.62,2.218415428933332,2.276835688013649
Adenovirus,2025-09-29,2025-10-20,3,1.78,1.93,2.2621930214123838,2.566337967949432
Adenovirus,2025-09-29,2025-10-27,4,1.72,1.65,2.2050239523429442,2.5989390237454217
Adenovirus,2025-10-06,2025-10-13,1,1.7,1.62,1.708971585355384,1.8797559560697092
Adenovirus,2025-10-06,2025-10-20,2,1.78,1.93,1.7278834741138092,2.1692048493872074
Adenovirus,2025-10-06,2025-10-27,3,1.72,1.65,1.7185828523378925,2.201752518564912
Adenovirus,2025-10-06,2025-11-03,4,2.01,1.91,1.7595362878893737,2.288197997715235
Adenovirus,2025-10-13,2025-10-20,1,1.78,1.93,1.7108885361298436,2.091654372071693
Adenovirus,2025-10-13,2025-10-27,2,1.72,1.65,1.6993031635224685,2.1241261073065747
Adenovirus,2025-10-13,2025-11-03,3,2.01,1.91,1.7331888696588824,2.210496392591906
Adenovirus,2025-10-13,2025-11-10,4,2.15,2.51,1.8111763881278977,2.416826610700079
Adenovirus,2025-10-20,2025-10-27,1,1.72,1.65,1.7359340810374158,1.986497944291355
Adenovirus,2025-10-20,2025-11-03,2,2.01,1.91,1.7662405549572724,2.0727853346337004
Adenovirus,2025-10-20,2025-11-10,3,2.15,2.51,1.8250652787696917,2.2790326577988864
Adenovirus,2025-10-20,2025-11-17,4,1.16,1.87,1.7401448364738905,1.9623828237430279
Adenovirus,2025-10-27,2025-11-03,1,2.01,1.91,1.7645789779255356,1.9689613195387052
Adenovirus,2025-10-27,2025-11-10,2,2.15,2.51,1.8392985747536734,2.175116295431148
Adenovirus,2025-10-27,2025-11-17,3,1.16,1.87,1.7601464867813188,1.8583746504028404
Adenovirus,2025-10-27,2025-11-24,4,1.97,1.7,1.738954002687896,1.7350399862570218
Adenovirus,2025-11-03,2025-11-10,1,2.15,2.51,1.9899980011808664,2.2174683602192764
Adenovirus,2025-11-03,2025-11-17,2,1.16,1.87,1.934249332775785,1.9006297454820764
Adenovirus,2025-11-03,2025-11-24,3,1.97,1.7,1.8955210230089579,1.7771981116273654
Adenovirus,2025-11-03,2025-12-01,4,1.61,1.94,1.9250066286890424,2.077671867592958
Adenovirus,2025-11-10,2025-11-17,1,1.16,1.87,2.004597104208624,1.887975435449281
Adenovirus,2025-11-10,2025-11-24,2,1.97,1.7,1.9847878860936343,1.764547331026678
Adenovirus,2025-11-10,2025-12-01,3,1.61,1.94,2.0090162075724742,2.0650249353087053
Adenovirus,2025-11-10,2025-12-08,4,1.23,1.98,2.0070535998957304,1.8456131619104295
Adenovirus,2025-11-17,2025-11-24,1,1.97,1.7,1.4460335205211505,1.4295356699436932
Adenovirus,2025-11-17,2025-12-01,2,1.61,1.94,1.361011343466298,1.7300247511393767
Adenovirus,2025-11-17,2025-12-08,3,1.23,1.98,1.3987975080496762,1.5106244546547565
Adenovirus,2025-11-17,2025-12-15,4,1.77,2.51,1.4497256314094913,1.598976972397471
Adenovirus,2025-11-24,2025-12-01,1,1.61,1.94,1.703475262942121,2.0371610048049003
Adenovirus,2025-11-24,2025-12-08,2,1.23,1.98,1.8106739418575781,1.817761100809441
Adenovirus,2025-11-24,2025-12-15,3,1.77,2.51,1.8453646476262706,1.906114295537757
Adenovirus,2025-11-24,2025-12-22,4,1.8,1.62,1.7431189174959938,1.9346110535146672
Adenovirus,2025-12-01,2025-12-08,1,1.23,1.98,1.7318047721887364,1.6312032162642955
Adenovirus,2025-12-01,2025-12-15,2,1.77,2.51,1.7734823316077102,1.719562800525947
Adenovirus,2025-12-01,2025-12-22,3,1.8,1.62,1.6692111594748489,1.7480659480361926
Adenovirus,2025-12-01,2025-12-29,4,1.47,1.76,1.6859492742532483,1.446769018250425
Adenovirus,2025-12-08,2025-12-15,1,1.77,2.51,1.4533945276858136,1.5561922875648568
Adenovirus,2025-12-08,2025-12-22,2,1.8,1.62,1.3737679988103546,1.5847026491192728
Adenovirus,2025-12-08,2025-12-29,3,1.47,1.76,1.409203023062581,1.2833561351897633
Adenovirus,2025-12-08,2026-01-05,4,1.24,1.72,1.4102858476543463,1.3714163237447985
Adenovirus,2025-12-15,2025-12-22,1,1.8,1.62,1.5029944692624024,1.7215064110775904
Adenovirus,2025-12-15,2025-12-29,2,1.47,1.76,1.5242005525855058,1.420070368414507
Adenovirus,2025-12-15,2026-01-05,3,1.24,1.72,1.5231718360943396,1.5080410282359686
Adenovirus,2025-12-15,2026-01-12,4,1.36,1.94,1.5432652437159171,1.9341539830408974
Adenovirus,2025-12-22,2025-12-29,1,1.47,1.76,1.746948519090689,1.4854594934171943
Adenovirus,2025-12-22,2026-01-05,2,1.24,1.72,1.7415866878261905,1.5733248688196118
Adenovirus,2025-12-22,2026-01-12,3,1.36,1.94,1.7654344604177146,1.9993335318154597
Adenovirus,2025-12-22,2026-01-19,4,1.92,1.95,1.7663855485890574,2.1287732391146985
Adenovirus,2025-12-29,2026-01-05,1,1.24,1.72,1.582124008125326,1.5799673497408748
Adenovirus,2025-12-29,2026-01-12,2,1.36,1.94,1.5819755365407637,2.005862909792944
Adenovirus,2025-12-29,2026-01-19,3,1.92,1.95,1.579874899848274,2.135189514148404
Adenovirus,2025-12-29,2026-01-26,4,2.22,2.68,1.6547123114868905,2.0949424433877204
Adenovirus,2026-01-05,2026-01-12,1,1.36,1.94,1.4015870989418178,1.8589688571878067
Adenovirus,2026-01-05,2026-01-19,2,1.92,1.95,1.4117303326022776,1.9881770524862636
Adenovirus,2026-01-05,2026-01-26,3,2.22,2.68,1.5057403003448022,1.947812249332389
Adenovirus,2026-01-05,2026-02-02,4,3.09,3.03,1.5529478078472854,2.036542867939662
Adenovirus,2026-01-12,2026-01-19,1,1.92,1.95,1.3658446331794856,1.7740621057101995
Adenovirus,2026-01-12,2026-01-26,2,2.22,2.68,1.4667802464808042,1.7335778546462584
Adenovirus,2026-01-12,2026-02-02,3,3.09,3.03,1.5127183206520267,1.8221890253434647
Adenovirus,2026-01-12,2026-02-09,4,3.74,3.06,1.517237168722685,2.224220253295251
Adenovirus,2026-01-19,2026-01-26,1,2.22,2.68,1.8050853972187773,1.8445892895890807
Adenovirus,2026-01-19,2026-02-02,2,3.09,3.03,1.8702009181095278,1.933207198410825
Adenovirus,2026-01-19,2026-02-09,3,3.74,3.06,1.859012724676521,2.335245348800782
Adenovirus,2026-01-19,2026-02-16,4,4.67,3.4,1.9027515922405036,2.342106012845847
Adenovirus,2026-01-26,2026-02-02,1,3.09,3.03,2.124268170865427,2.135697610424957
Adenovirus,2026-01-26,2026-02-09,2,3.74,3.06,2.1275265997431867,2.5377399690905094
Adenovirus,2026-01-26,2026-02-16,3,4.67,3.4,2.1596587428879968,2.5446048414111697
Adenovirus,2026-01-26,2026-02-23,4,3.66,3.13,2.122627713720995,2.502027593137434
Adenovirus,2026-02-02,2026-02-09,1,3.74,3.06,2.710703595024835,2.995250451465614
Adenovirus,2026-02-02,2026-02-16,2,4.67,3.4,2.764277147495668,3.0021132906028343
Adenovirus,2026-02-02,2026-02-23,3,3.66,3.13,2.6805704525100937,2.959533879510896
Adenovirus,2026-02-02,2026-03-02,4,3.09,3.29,2.689911622053265,2.6020105398026967
Adenovirus,2026-02-09,2026-02-16,1,4.67,3.4,3.4255902016357,3.3345222195080337
Adenovirus,2026-02-09,2026-02-23,2,3.66,3.13,3.3830575539154863,3.291935256335546
Adenovirus,2026-02-09,2026-03-02,3,3.09,3.29,3.35422085117378,2.934404364546797
Adenovirus,2026-02-09,2026-03-09,4,3.15,2.59,3.2424507387699246,3.018862034646716
Adenovirus,2026-02-16,2026-02-23,1,3.66,3.13,4.203341548491787,3.8856168480812308
Adenovirus,2026-02-16,2026-03-02,2,3.09,3.29,4.257409562415033,3.5280747609124203
Adenovirus,2026-02-16,2026-03-09,3,3.15,2.59,4.131669584705925,3.6123520628530543
Adenovirus,2026-02-16,2026-03-16,4,4.18,2.63,4.133562805303338,3.441489461430408
Adenovirus,2026-02-23,2026-03-02,1,3.09,3.29,4.014906098568679,3.305676669379694
Adenovirus,2026-02-23,2026-03-09,2,3.15,2.59,3.7977707361514597,3.389842011691893
Adenovirus,2026-02-23,2026-03-16,3,4.18,2.63,3.8416351241473854,3.218867450640811
Adenovirus,2026-02-23,2026-03-23,4,4.62,3.07,3.890963466168611,3.3921499489118117
Adenovirus,2026-03-02,2026-03-09,1,3.15,2.59,3.2846718899377354,3.197029413493605
Adenovirus,2026-03-02,2026-03-16,2,4.18,2.63,3.2288588784488494,3.0259614614360864
Adenovirus,2026-03-02,2026-03-23,3,4.62,3.07,3.289243374604239,3.199150352912067
Adenovirus,2026-03-02,2026-03-30,4,4.77,2.91,3.2659034975156627,3.078345167247366
Adenovirus,2026-03-09,2026-03-16,1,4.18,2.63,3.1132743083340166,2.942133191027743
Adenovirus,2026-03-09,2026-03-23,2,4.62,3.07,3.210948214922464,3.1152326896545715
Adenovirus,2026-03-09,2026-03-30,3,4.77,2.91,3.1665138545458182,2.9943381111407184
Adenovirus,2026-03-09,2026-04-06,4,4.49,4.05,3.337681053674085,3.316383154529265
Adenovirus,2026-03-16,2026-03-23,1,4.62,3.07,3.8839348842295864,3.669454874171946
Adenovirus,2026-03-16,2026-03-30,2,4.77,2.91,3.888172469502055,3.548457228621173
Adenovirus,2026-03-16,2026-04-06,3,4.49,4.05,4.026112993319733,3.8703981166555916
Adenovirus,2026-03-16,2026-04-13,4,4.88,3.84,3.9946201091002935,3.818676408349806
Adenovirus,2026-03-23,2026-03-30,1,4.77,2.91,4.36084682283246,3.915823635806624
Adenovirus,2026-03-23,2026-04-06,2,4.49,4.05,4.509012525754525,4.237662089205867
Adenovirus,2026-03-23,2026-04-13,3,4.88,3.84,4.4489291771293535,4.185837946264906
Adenovirus,2026-03-23,2026-04-20,4,3.51,3.28,4.359282704705443,4.3029111014532875
Adenovirus,2026-03-30,2026-04-06,1,4.49,4.05,4.776865997340255,4.535418678082202
Adenovirus,2026-03-30,2026-04-13,2,4.88,3.84,4.73635830546542,4.483571150091701
Adenovirus,2026-03-30,2026-04-20,3,3.51,3.28,4.642292555065728,4.600620217482562
Adenovirus,2026-03-30,2026-04-27,4,2.98,2.86,4.579055775587273,4.338012516935262
Adenovirus,2026-04-06,2026-04-13,1,4.88,3.84,4.59104878784375,4.308582167362038
Adenovirus,2026-04-06,2026-04-20,2,3.51,3.28,4.5168502491865965,4.4256185015467
Adenovirus,2026-04-06,2026-04-27,3,2.98,2.86,4.468444914973523,4.162998067793201
Adenovirus,2026-04-06,2026-05-04,4,2.21,3.18,4.509346552994822,3.9086833004462105
Adenovirus,2026-04-13,2026-04-20,1,3.51,3.28,4.661330669530473,4.585122834763516
Adenovirus,2026-04-13,2026-04-27,2,2.98,2.86,4.6106564873230305,4.322484879419194
Adenovirus,2026-04-13,2026-05-04,3,2.21,3.18,4.650814480944717,4.068151750211836
Adenovirus,2026-04-13,2026-05-11,4,2.25,2.94,4.604979150838088,4.2097718610244135
Adenovirus,2026-04-20,2026-04-27,1,2.98,2.86,3.8683567821436435,3.682364151544463
Adenovirus,2026-04-20,2026-05-04,2,2.21,3.18,3.853255674336064,3.428023892117955
Adenovirus,2026-04-20,2026-05-11,3,2.25,2.94,3.852281044000778,3.569636872711382
Adenovirus,2026-04-20,2026-05-18,4,2.24,2.63,3.783750036111467,3.1804055889324285
Adenovirus,2026-04-27,2026-05-04,1,2.21,3.18,3.3099110414659427,3.0263195230261464
Adenovirus,2026-04-27,2026-05-11,2,2.25,2.94,3.2930795433323254,3.1679283327134202
Adenovirus,2026-04-27,2026-05-18,3,2.24,2.63,3.2809655308768564,2.7787490737120772
Adenovirus,2026-04-27,2026-05-25,4,2.63,2.36,3.2492477872611163,2.983902062058499
Adenovirus,2026-05-04,2026-05-11,1,2.25,2.94,2.495097943251296,2.732431501321806
Adenovirus,2026-05-04,2026-05-18,2,2.24,2.63,2.385127949709702,2.343335412497058
Adenovirus,2026-05-04,2026-05-25,3,2.63,2.36,2.32309621533696,2.5485715710200747
Adenovirus,2026-05-04,2026-06-01,4,2.62,2.17,2.2927519677039614,2.677382375284553
Adenovirus,2026-05-11,2026-05-18,1,2.24,2.63,2.3203769380523624,2.122604606964519
Adenovirus,2026-05-11,2026-05-25,2,2.63,2.36,2.33097390681679,2.3279236282533233
Adenovirus,2026-05-11,2026-06-01,3,2.62,2.17,2.3312280854382688,2.4568181594513936
Adenovirus,2026-05-11,2026-06-08,4,3.25,2.15,2.3410912770279473,2.3639686088196203
Adenovirus,2026-05-18,2026-05-25,1,2.63,2.36,2.2760526392859446,2.430784436630899
Adenovirus,2026-05-18,2026-06-01,2,2.62,2.17,2.276230222813235,2.559755159432845
Adenovirus,2026-05-18,2026-06-08,3,3.25,2.15,2.2930078155282363,2.466981800404947
Adenovirus,2026-05-18,2026-06-15,4,3.3,2.21,2.312324321516094,2.3052676823134406
Adenovirus,2026-05-25,2026-06-01,1,2.62,2.17,2.4633197586343107,2.7036748557216312
Adenovirus,2026-05-25,2026-06-08,2,3.25,2.15,2.504679443664301,2.6109760685534775
Adenovirus,2026-05-25,2026-06-15,3,3.3,2.21,2.4994375994705966,2.44933679795414
Adenovirus,2026-05-25,2026-06-22,4,2.36,2.66,2.571489597583784,2.518501471631737
Adenovirus,2026-06-01,2026-06-08,1,3.25,2.15,2.5718729335954698,2.5967210578892153
Adenovirus,2026-06-01,2026-06-15,2,3.3,2.21,2.5783470011621157,2.4351616736216064
Adenovirus,2026-06-01,2026-06-22,3,2.36,2.66,2.6505875238597416,2.504363205201972
Adenovirus,2026-06-01,2026-06-29,4,1.79,2.28,2.59357715270949,2.6248434345512566
Adenovirus,2026-06-08,2026-06-15,1,3.3,2.21,3.0220582173846453,2.79952215415607
Adenovirus,2026-06-08,2026-06-22,2,2.36,2.66,3.116472825297889,2.8687215069907435
Adenovirus,2026-06-08,2026-06-29,3,1.79,2.28,3.047507394612821,2.989189482786358
Adenovirus,2026-06-08,2026-07-06,4,2.13,2.42,3.078959920825377,2.998803500817808
Adenovirus,2026-06-15,2026-06-22,1,2.36,2.66,3.300107351338624,3.1227042766091198
Adenovirus,2026-06-15,2026-06-29,2,1.79,2.28,3.239156515052343,3.243158972954317
Adenovirus,2026-06-15,2026-07-06,3,2.13,2.42,3.2653195865280558,3.2527597115353495
Adenovirus,2026-06-15,2026-07-13,4,2.76,2.31,3.2501255690503013,3.472236696097917
Adenovirus,2026-06-22,2026-06-29,1,1.79,2.28,2.6045410071094746,2.8567759928223375
Adenovirus,2026-06-22,2026-07-06,2,2.13,2.42,2.5809433045416093,2.866379185520495
Adenovirus,2026-06-22,2026-07-13,3,2.76,2.31,2.591349574354495,3.085858761283104
Adenovirus,2026-06-22,2026-07-20,4,1.98,2.02,2.5504448582518675,2.7907291936676533
Adenovirus,2026-06-29,2026-07-06,1,2.13,2.42,2.064554293304432,2.391559252497621
Adenovirus,2026-06-29,2026-07-13,2,2.76,2.31,2.04360726894522,2.611051408529235
Adenovirus,2026-06-29,2026-07-20,3,1.98,2.02,1.9962492203770092,2.3159344211827886
Adenovirus,2026-06-29,2026-07-27,4,2.18,1.84,1.955369768226237,2.1789340486541824
hMPV,2025-07-07,2025-07-14,1,0.85,1.73,1.0533495968773043,1.2920472567996435
hMPV,2025-07-07,2025-07-21,2,0.72,0.91,0.9435982508745739,0.9837517067549242
hMPV,2025-07-07,2025-07-28,3,0.47,0.89,0.9805484065968613,1.0212287481790492
hMPV,2025-07-07,2025-08-04,4,0.56,1.05,1.0590363460076375,0.9274300902921988
hMPV,2025-07-14,2025-07-21,1,0.72,0.91,0.7481371756075523,0.7170964989504809
hMPV,2025-07-14,2025-07-28,2,0.47,0.89,0.7738444419573784,0.754574099491629
hMPV,2025-07-14,2025-08-04,3,0.56,1.05,0.8378944749459294,0.6607760007218015
hMPV,2025-07-14,2025-08-11,4,0.69,1.53,0.9666679931863393,0.7863530079339471
hMPV,2025-07-21,2025-07-28,1,0.47,0.89,0.7470699679375146,0.9005708349065806
hMPV,2025-07-21,2025-08-04,2,0.56,1.05,0.8093741094989764,0.8067712618675309
hMPV,2025-07-21,2025-08-11,3,0.69,1.53,0.937370114506282,0.9324427082041615
hMPV,2025-07-21,2025-08-18,4,0.66,1.16,0.9527074337261983,0.8144055701426238
hMPV,2025-07-28,2025-08-04,1,0.56,1.05,0.47853315002631636,0.5558887104920092
hMPV,2025-07-28,2025-08-11,2,0.69,1.53,0.531961837549076,0.6497621319022862
hMPV,2025-07-28,2025-08-18,3,0.66,1.16,0.5099549947040485,0.5063059622126258
hMPV,2025-07-28,2025-08-25,4,0.5,0.8,0.4963581205396741,0.570879591925795
hMPV,2025-08-04,2025-08-11,1,0.69,1.53,0.6703516191801573,0.800866432906139
hMPV,2025-08-04,2025-08-18,2,0.66,1.16,0.6780560608033748,0.6753570804524596
hMPV,2025-08-04,2025-08-25,3,0.5,0.8,0.7092065119795707,0.7543056438834415
hMPV,2025-08-04,2025-09-01,4,1.02,0.57,0.7554458942062994,0.818043237087756
hMPV,2025-08-11,2025-08-18,1,0.66,1.16,0.6687050167814292,0.7016434640689253
hMPV,2025-08-11,2025-08-25,2,0.5,0.8,0.6539995251720676,0.7844940164915581
hMPV,2025-08-11,2025-09-01,3,1.02,0.57,0.6659899963272684,0.8513707621290956
hMPV,2025-08-11,2025-09-08,4,0.48,0.76,0.7397922831964356,0.9802413216686758
hMPV,2025-08-18,2025-08-25,1,0.5,0.8,0.6453061897720767,0.8635296046202903
hMPV,2025-08-18,2025-09-01,2,1.02,0.57,0.6568752896801422,0.9401523080327179
hMPV,2025-08-18,2025-09-08,3,0.48,0.76,0.7309060357032462,1.076838382435275
hMPV,2025-08-18,2025-09-15,4,0.44,0.8,0.8011314217121259,1.1917929218207883
hMPV,2025-08-25,2025-09-01,1,1.02,0.57,0.5542054366927773,0.7395825070482229
hMPV,2025-08-25,2025-09-08,2,0.48,0.76,0.6684817804197611,0.8546199158544194
hMPV,2025-08-25,2025-09-15,3,0.44,0.8,0.7684026624265439,0.9522775886965377
hMPV,2025-08-25,2025-09-22,4,0.35,0.6,0.8324361939446792,0.930455050755351
hMPV,2025-09-01,2025-09-08,1,0.48,0.76,1.1165084859079086,1.2207195935074906
hMPV,2025-09-01,2025-09-15,2,0.44,0.8,1.2480171347430689,1.359581377717551
hMPV,2025-09-01,2025-09-22,3,0.35,0.6,1.3348865685847897,1.3707211999346942
hMPV,2025-09-01,2025-09-29,4,0.76,0.34,1.40455277036298,1.3980122650919
hMPV,2025-09-08,2025-09-15,1,0.44,0.8,0.6428388003833265,0.8196127617352496
hMPV,2025-09-08,2025-09-22,2,0.35,0.6,0.6825193814855606,0.7738424053379662
hMPV,2025-09-08,2025-09-29,3,0.76,0.34,0.743178129126898,0.7556058020828164
hMPV,2025-09-08,2025-10-06,4,0.11,1.06,0.9647103121803353,1.0013840110982803
hMPV,2025-09-15,2025-09-22,1,0.35,0.6,0.49083656363427863,0.63870312193423
hMPV,2025-09-15,2025-09-29,2,0.76,0.34,0.5397018705904957,0.6475723719096038
hMPV,2025-09-15,2025-10-06,3,0.11,1.06,0.7553955660840566,0.9150360381464084
hMPV,2025-09-15,2025-10-13,4,0.81,1.58,0.9427061148826394,1.068144865761632
hMPV,2025-09-22,2025-09-29,1,0.76,0.34,0.43477144230390397,0.5401008677807624
hMPV,2025-09-22,2025-10-06,2,0.11,1.06,0.5952202119451857,0.7705301699435769
hMPV,2025-09-22,2025-10-13,3,0.81,1.58,0.7921521766576289,0.8940122209782526
hMPV,2025-09-22,2025-10-20,4,0.35,1.49,0.8584790412839345,1.1757248513156737
hMPV,2025-09-29,2025-10-06,1,0.11,1.06,0.9758126679811341,1.171053258701158
hMPV,2025-09-29,2025-10-13,2,0.81,1.58,1.1967419563829722,1.3241653754360025
hMPV,2025-09-29,2025-10-20,3,0.35,1.49,1.3107793809832533,1.6296020375958642
hMPV,2025-09-29,2025-10-27,4,0.39,1.2,1.3993295663586065,1.6729754727598087
hMPV,2025-10-06,2025-10-13,1,0.81,1.58,0.33590043479228804,0.5529516180374636
hMPV,2025-10-06,2025-10-20,2,0.35,1.49,0.3651138896412416,0.8584234575396784
hMPV,2025-10-06,2025-10-27,3,0.39,1.2,0.5127512474272582,0.901832070045976
hMPV,2025-10-06,2025-11-03,4,0.99,1.8,0.6554659924246466,1.4689338259103417
hMPV,2025-10-13,2025-10-20,1,0.35,1.49,0.8208562152244412,1.283441069366477
hMPV,2025-10-13,2025-10-27,2,0.39,1.2,0.9840925238824664,1.3268386702819386
hMPV,2025-10-13,2025-11-03,3,0.99,1.8,1.1035922928438935,1.8939304159882253
hMPV,2025-10-13,2025-11-10,4,0.98,1.63,1.2695886691062697,2.16371474934983
hMPV,2025-10-20,2025-10-27,1,0.39,1.2,0.5334525777032122,0.6943150194943208
hMPV,2025-10-20,2025-11-03,2,0.99,1.8,0.6361046635338976,1.261395545092608
hMPV,2025-10-20,2025-11-10,3,0.98,1.63,0.826928351977936,1.5311686583462123
hMPV,2025-10-20,2025-11-17,4,0.68,2.33,1.0168864178119348,2.3116007555245943
hMPV,2025-10-27,2025-11-03,1,0.99,1.8,0.5366890524559025,1.1559160661292835
hMPV,2025-10-27,2025-11-10,2,0.98,1.63,0.676063174787104,1.364325480548585
hMPV,2025-10-27,2025-11-17,3,0.68,2.33,0.8822869744407134,2.0956621317635347
hMPV,2025-10-27,2025-11-24,4,1.33,2.27,1.0285267530082194,2.482759337434099
hMPV,2025-11-03,2025-11-10,1,0.98,1.63,1.104506969062415,1.4632973529855926
hMPV,2025-11-03,2025-11-17,2,0.68,2.33,1.357174680129442,2.2108831501884785
hMPV,2025-11-03,2025-11-24,3,1.33,2.27,1.5123262434721174,2.610974581274053
hMPV,2025-11-03,2025-12-01,4,2.09,2.44,1.6771830841708137,2.937458518906668
hMPV,2025-11-10,2025-11-17,1,0.68,2.33,1.2827074650212629,2.054792436932064
hMPV,2025-11-10,2025-11-24,2,1.33,2.27,1.3959260514714256,2.481136756591837
hMPV,2025-11-10,2025-12-01,3,2.09,2.44,1.593707877772691,2.828626887965684
hMPV,2025-11-10,2025-12-08,4,1.87,2.26,1.6605160424960304,2.227384241769541
hMPV,2025-11-17,2025-11-24,1,1.33,2.27,0.8487752312628092,1.504329536745427
hMPV,2025-11-17,2025-12-01,2,2.09,2.44,0.9777225555212363,1.7123172864272982
hMPV,2025-11-17,2025-12-08,3,1.87,2.26,1.1203243661065603,0.9994791285198019
hMPV,2025-11-17,2025-12-15,4,3.02,3.81,1.429177889261506,1.324109891234312
hMPV,2025-11-24,2025-12-01,1,2.09,2.44,1.438919062572521,2.0550798527769967
hMPV,2025-11-24,2025-12-08,2,1.87,2.26,1.597538958840075,1.4538939843064105
hMPV,2025-11-24,2025-12-15,3,3.02,3.81,1.8776256408506435,1.867852131639026
hMPV,2025-11-24,2025-12-22,4,3.93,4.01,2.0940606493887577,1.9639040137325905
hMPV,2025-12-01,2025-12-08,1,1.87,2.26,2.2219902869170474,1.747873572782682
hMPV,2025-12-01,2025-12-15,2,3.02,3.81,2.5239676280707366,2.1618550225193918
hMPV,2025-12-01,2025-12-22,3,3.93,4.01,2.70922230747111,2.2579302070170506
hMPV,2025-12-01,2025-12-29,4,3.23,4.27,2.7941152240028453,1.7504820586440522
hMPV,2025-12-08,2025-12-15,1,3.02,3.81,2.1945875447816197,2.449482762518895
hMPV,2025-12-08,2025-12-22,2,3.93,4.01,2.363499827948831,2.574839227426862
hMPV,2025-12-08,2025-12-29,3,3.23,4.27,2.473721649778199,2.0907252354661625
hMPV,2025-12-08,2026-01-05,4,3.03,3.27,2.402360217292602,1.4167659256629805
hMPV,2025-12-15,2025-12-22,1,3.93,4.01,3.119175053021409,3.1353917216161107
hMPV,2025-12-15,2025-12-29,2,3.23,4.27,3.3032284588398806,2.627711985204611
hMPV,2025-12-15,2026-01-05,3,3.03,3.27,3.2324814603077225,1.9348694238083108
hMPV,2025-12-15,2026-01-12,4,3.62,3.75,3.3778798548960483,1.9016897837077278
hMPV,2025-12-22,2025-12-29,1,3.23,4.27,4.043257811454097,3.2916813699462892
hMPV,2025-12-22,2026-01-05,2,3.03,3.27,3.9370331603942317,2.5986341073906445
hMPV,2025-12-22,2026-01-12,3,3.62,3.75,4.045727089219096,2.565249895096655
hMPV,2025-12-22,2026-01-19,4,3.55,3.47,4.050601942046308,2.412305034773344
hMPV,2025-12-29,2026-01-05,1,3.03,3.27,3.2505604540742468,2.43809900964255
hMPV,2025-12-29,2026-01-12,2,3.62,3.75,3.3659145972501983,2.4044988191247585
hMPV,2025-12-29,2026-01-19,3,3.55,3.47,3.345827835330045,2.2513379805776452
hMPV,2025-12-29,2026-01-26,4,3.71,3.79,3.3988300286019753,2.3207144653515535
hMPV,2026-01-05,2026-01-12,1,3.62,3.75,3.1608581608680404,2.8258723886556347
hMPV,2026-01-05,2026-01-19,2,3.55,3.47,3.1310945776318153,2.6724688052556695
hMPV,2026-01-05,2026-01-26,3,3.71,3.79,3.183746017827798,2.7416024348211474
hMPV,2026-01-05,2026-02-02,4,4.46,3.73,3.155487339210556,2.489719751909756
hMPV,2026-01-12,2026-01-19,1,3.55,3.47,3.5628392267386473,3.1797937909859906
hMPV,2026-01-12,2026-01-26,2,3.71,3.79,3.6370556255248827,3.2486689200991394
hMPV,2026-01-12,2026-02-02,3,4.46,3.73,3.6145279445713947,2.996527736735418
hMPV,2026-01-12,2026-02-09,4,3.41,3.94,3.6147360069570538,2.9816489071486965
hMPV,2026-01-19,2026-01-26,1,3.71,3.79,3.56056492338182,3.32872142851268
hMPV,2026-01-19,2026-02-02,2,4.46,3.73,3.4586362289657577,3.076574554684977
hMPV,2026-01-19,2026-02-09,3,3.41,3.94,3.4440765248850136,3.0616896343594417
hMPV,2026-01-19,2026-02-16,4,3.6,4.79,3.557287274251238,3.2726574760422698
hMPV,2026-01-26,2026-02-02,1,4.46,3.73,3.6816925657994535,3.1746370368570442
hMPV,2026-01-26,2026-02-09,2,3.41,3.94,3.6856323729176808,3.159742662987585
hMPV,2026-01-26,2026-02-16,3,3.6,4.79,3.7736552621185355,3.370701051126489
hMPV,2026-01-26,2026-02-23,4,3.43,4.02,3.5706988056034685,3.3013261324247027
hMPV,2026-02-02,2026-02-09,1,3.41,3.94,4.415678614526967,4.06378785955408
hMPV,2026-02-02,2026-02-16,2,3.6,4.79,4.534177701993268,4.409539978755902
hMPV,2026-02-02,2026-02-23,3,3.43,4.02,4.3390976430134955,4.447995755486746
hMPV,2026-02-02,2026-03-02,4,2.97,3.54,4.164808529046967,4.483024671267422
hMPV,2026-02-09,2026-02-16,1,3.6,4.79,3.6009796644735994,3.390795412366674
hMPV,2026-02-09,2026-02-23,2,3.43,4.02,3.3641446170916494,3.321391737657162
hMPV,2026-02-09,2026-03-02,3,2.97,3.54,3.1930252640277725,3.2701312373298883
hMPV,2026-02-09,2026-03-09,4,2.88,3.55,3.0879285833329977,3.3132279961176736
hMPV,2026-02-16,2026-02-23,1,3.43,4.02,3.3619181710829853,3.293456675421702
hMPV,2026-02-16,2026-03-02,2,2.97,3.54,3.1793903363975695,3.2303188782594936
hMPV,2026-02-16,2026-03-09,3,2.88,3.55,3.067689251925641,3.2636953645795272
hMPV,2026-02-16,2026-03-16,4,3.22,4.54,3.113341728045299,3.125448833745139
hMPV,2026-02-23,2026-03-02,1,2.97,3.54,3.2440016683423636,3.1646031581869067
hMPV,2026-02-23,2026-03-09,2,2.88,3.55,3.135702921490025,3.2072669157107736
hMPV,2026-02-23,2026-03-16,3,3.22,4.54,3.1814583530012035,3.076408124782114
hMPV,2026-02-23,2026-03-23,4,2.98,4.99,3.1340656874264017,2.9023831574622103
hMPV,2026-03-02,2026-03-09,1,2.88,3.55,2.8559581045585425,2.890623122004844
hMPV,2026-03-02,2026-03-16,2,3.22,4.54,2.87977562062185,2.759564751361724
hMPV,2026-03-02,2026-03-23,3,2.98,4.99,2.8161862667436526,2.5853405906402114
hMPV,2026-03-02,2026-03-30,4,2.94,4.26,2.5559736365252417,2.4663244713705668
hMPV,2026-03-09,2026-03-16,1,3.22,4.54,2.9022934811098717,2.63162421003129
hMPV,2026-03-09,2026-03-23,2,2.98,4.99,2.8401056581295685,2.457196384861576
hMPV,2026-03-09,2026-03-30,3,2.94,4.26,2.580533993191753,2.33797660114373
hMPV,2026-03-09,2026-04-06,4,3.2,4.03,2.418237328199584,2.195614638538026
hMPV,2026-03-16,2026-03-23,1,2.98,4.99,3.1522592508061056,2.769519411826758
hMPV,2026-03-16,2026-03-30,2,2.94,4.26,2.9201026679848257,2.6531348342055394
hMPV,2026-03-16,2026-04-06,3,3.2,4.03,2.7674867357962274,2.512995640125333
hMPV,2026-03-16,2026-04-13,4,2.81,4.16,2.678163095383426,2.3217740469941015
hMPV,2026-03-23,2026-03-30,1,2.94,4.26,2.7582231634689007,2.6555669256147434
hMPV,2026-03-23,2026-04-06,2,3.2,4.03,2.6128104794150584,2.5148391142181787
hMPV,2026-03-23,2026-04-13,3,2.81,4.16,2.49402081503315,2.323098007252226
hMPV,2026-03-23,2026-04-20,4,2.14,2.95,2.1829498232677764,2.1427072607729913
hMPV,2026-03-30,2026-04-06,1,3.2,4.03,2.78160175018482,2.5866668850881096
hMPV,2026-03-30,2026-04-13,2,2.81,4.16,2.6730811747188215,2.3932417414390548
hMPV,2026-03-30,2026-04-20,3,2.14,2.95,2.3682931888673346,2.2115024699064376
hMPV,2026-03-30,2026-04-27,4,2,3.76,2.406477071330908,2.1036950576385003
hMPV,2026-04-06,2026-04-13,1,2.81,4.16,3.128706314737409,2.729521482752362
hMPV,2026-04-06,2026-04-20,2,2.14,2.95,2.816394408878308,2.591114614491255
hMPV,2026-04-06,2026-04-27,3,2,3.76,2.8535134160088766,2.517975408081325
hMPV,2026-04-06,2026-05-04,4,1.95,2.78,2.5977934605242643,2.4229317127204584
hMPV,2026-04-13,2026-04-20,1,2.14,2.95,2.5503228346063875,2.4117205956043515
hMPV,2026-04-13,2026-04-27,2,2,3.76,2.5832372668060355,2.3039019443374884
hMPV,2026-04-13,2026-05-04,3,1.95,2.78,2.354244326926085,2.1811107342624045
hMPV,2026-04-13,2026-05-11,4,1.34,1.69,2.080353529808356,1.75608673041735
hMPV,2026-04-20,2026-04-27,1,2,3.76,2.242551107851212,1.9280052992125418
hMPV,2026-04-20,2026-05-04,2,1.95,2.78,1.9971879710488798,1.8052120306867456
hMPV,2026-04-20,2026-05-11,3,1.34,1.69,1.7041108567251766,1.3801859683909785
hMPV,2026-04-20,2026-05-18,4,0.78,1.51,1.6071760613582096,1.4366286064443439
hMPV,2026-04-27,2026-05-04,1,1.95,2.78,1.7305780680885328,1.7232638768597195
hMPV,2026-04-27,2026-05-11,2,1.34,1.69,1.4330539755225322,1.2647027756698976
hMPV,2026-04-27,2026-05-18,3,0.78,1.51,1.3146502645876263,1.2942440759441882
hMPV,2026-04-27,2026-05-25,4,1.29,1.09,1.1744410571260548,1.3752489956902219
hMPV,2026-05-04,2026-05-11,1,1.34,1.69,1.639285555091212,1.360950233310164
hMPV,2026-05-04,2026-05-18,2,0.78,1.51,1.5393623253972493,1.4004153926730427
hMPV,2026-05-04,2026-05-25,3,1.29,1.09,1.4047670104167436,1.4893492449211663
hMPV,2026-05-04,2026-06-01,4,0.39,1.02,1.3641500154633595,1.3279344946109646
hMPV,2026-05-11,2026-05-18,1,0.78,1.51,1.2530694791028807,1.3005330906847763
hMPV,2026-05-11,2026-05-25,2,1.29,1.09,1.1040202550769806,1.3782852761348627
hMPV,2026-05-11,2026-06-01,3,0.39,1.02,1.0382359320840286,1.2079196228517
hMPV,2026-05-11,2026-06-08,4,1.04,0.85,0.9751932997065778,0.9235028589948084
hMPV,2026-05-18,2026-05-25,1,1.29,1.09,0.6630519385025488,0.9284084614287504
hMPV,2026-05-18,2026-06-01,2,0.39,1.02,0.5879885972940162,0.7777590148279557
hMPV,2026-05-18,2026-06-08,3,1.04,0.85,0.48768126433526016,0.5091159426028313
hMPV,2026-05-18,2026-06-15,4,0.87,1.17,0.5463826932623079,0.6009254688737978
hMPV,2026-05-25,2026-06-01,1,0.39,1.02,1.1684079821622726,1.0386048965681294
hMPV,2026-05-25,2026-06-08,2,1.04,0.85,1.1033298261795197,0.7511900331117349
hMPV,2026-05-25,2026-06-15,3,0.87,1.17,1.179328188150897,0.8279833835871687
hMPV,2026-05-25,2026-06-22,4,1.07,1.18,1.2007878039583386,0.7912252624525851
hMPV,2026-06-01,2026-06-08,1,1.04,0.85,0.38783637076629396,0.23497066817016887
hMPV,2026-06-01,2026-06-15,2,0.87,1.17,0.4191673430871088,0.3268113592487395
hMPV,2026-06-01,2026-06-22,3,1.07,1.18,0.41953906603437385,0.30208427222209955
hMPV,2026-06-01,2026-06-29,4,0.83,1.17,0.434124783259902,0.27224862701583863
hMPV,2026-06-08,2026-06-15,1,0.87,1.17,1.0182947645717486,0.976643741757673
hMPV,2026-06-08,2026-06-22,2,1.07,1.18,1.060752527560031,0.9752098554642565
hMPV,2026-06-08,2026-06-29,3,0.83,1.17,1.0989087717161394,0.964008577792699
hMPV,2026-06-08,2026-07-06,4,0.62,0.91,1.113403601172736,0.8957847622669064
hMPV,2026-06-15,2026-06-22,1,1.07,1.18,0.9246019588580379,0.8533698267380785
hMPV,2026-06-15,2026-06-29,2,0.83,1.17,0.9535426596707821,0.8279757408055266
hMPV,2026-06-15,2026-07-06,3,0.62,0.91,0.9635530183503431,0.7483983761168744
hMPV,2026-06-15,2026-07-13,4,0.31,0.85,1.042070139956784,0.9530479408701258
hMPV,2026-06-22,2026-06-29,1,0.83,1.17,1.08748889072629,0.9745089555561861
hMPV,2026-06-22,2026-07-06,2,0.62,0.91,1.1072605602765333,0.9102652409723742
hMPV,2026-06-22,2026-07-13,3,0.31,0.85,1.191124865501017,1.127181087583529
hMPV,2026-06-22,2026-07-20,4,0.13,0.72,1.2095086282401915,0.8584512551794423
hMPV,2026-06-29,2026-07-06,1,0.62,0.91,0.8705181341584527,0.7808363041270479
hMPV,2026-06-29,2026-07-13,2,0.31,0.85,0.9380828021811682,0.9833597043109525
hMPV,2026-06-29,2026-07-20,3,0.13,0.72,0.9477285739674295,0.7031175880229839
hMPV,2026-06-29,2026-07-27,4,0.57,0.47,0.9764447995747808,0.6861552894324725
Influenza,2025-07-07,2025-07-14,1,0.6,1.25,1.7303191485390306,1.6079150696641622
Influenza,2025-07-07,2025-07-21,2,0.88,1.13,2.131406351039848,1.7493905903108096
Influenza,2025-07-07,2025-07-28,3,0.54,1.31,2.5104133448452743,1.8622610263081167
Influenza,2025-07-07,2025-08-04,4,1.02,0.86,2.5634988008405015,2.3009792592195235
Influenza,2025-07-14,2025-07-21,1,0.88,1.13,0.37244963423433486,0.7730058634449017
Influenza,2025-07-14,2025-07-28,2,0.54,1.31,0.4925268347714251,0.5982998223763545
Influenza,2025-07-14,2025-08-04,3,1.02,0.86,0.5949806075511068,0.8069560233050903
Influenza,2025-07-14,2025-08-11,4,0.97,1.42,1.1195963346210682,0.5433982530096495
Influenza,2025-07-21,2025-07-28,1,0.54,1.31,1.2814479248309234,1.3074165721812605
Influenza,2025-07-21,2025-08-04,2,1.02,0.86,1.5002020536382403,1.7382651879644784
Influenza,2025-07-21,2025-08-11,3,0.97,1.42,2.0023848822520436,1.6524451808494662
Influenza,2025-07-21,2025-08-18,4,1.13,1.01,2.1285255124368048,1.5997716353209945
Influenza,2025-07-28,2025-08-04,1,1.02,0.86,0.45880594681899156,1.0914093823560078
Influenza,2025-07-28,2025-08-11,2,0.97,1.42,0.6085835561495583,0.8160773428306656
Influenza,2025-07-28,2025-08-18,3,1.13,1.01,0.6800588398942473,0.6117817854400958
Influenza,2025-07-28,2025-08-25,4,1.63,0.9,0.8279064820981317,0.5728136461170932
Influenza,2025-08-04,2025-08-11,1,0.97,1.42,1.7229213443571938,1.2211617774945056
Influenza,2025-08-04,2025-08-18,2,1.13,1.01,2.0368552418149335,1.1459931713942653
Influenza,2025-08-04,2025-08-25,3,1.63,0.9,2.335768713694819,1.2103028897846078
Influenza,2025-08-04,2025-09-01,4,0.99,0.97,2.5235467487526395,1.49071686482907
Influenza,2025-08-11,2025-08-18,1,1.13,1.01,0.8682245750686555,1.2058688683564691
Influenza,2025-08-11,2025-08-25,2,1.63,0.9,0.9936742768028224,1.2939798609209365
Influenza,2025-08-11,2025-09-01,3,0.99,0.97,1.2161448693429624,1.5934042245012567
Influenza,2025-08-11,2025-09-08,4,1.32,1.14,1.5664103551946127,1.88296098465953
Influenza,2025-08-18,2025-08-25,1,1.63,0.9,1.4000671078985554,1.5434552867828875
Influenza,2025-08-18,2025-09-01,2,0.99,0.97,1.682811168268099,1.9231377533018903
Influenza,2025-08-18,2025-09-08,3,1.32,1.14,2.02097901142474,2.2768657258041096
Influenza,2025-08-18,2025-09-15,4,1.33,1.31,2.27763045829214,2.2588493901656648
Influenza,2025-08-25,2025-09-01,1,0.99,0.97,2.0398476678292963,2.2776301836322115
Influenza,2025-08-25,2025-09-08,2,1.32,1.14,2.4309117383196868,2.7421581535093944
Influenza,2025-08-25,2025-09-15,3,1.33,1.31,2.676986882501505,2.812745929081653
Influenza,2025-08-25,2025-09-22,4,2.72,1.39,2.835931712339129,3.0178913209222666
Influenza,2025-09-01,2025-09-08,1,1.32,1.14,0.7824435474100424,1.0860698732155623
Influenza,2025-09-01,2025-09-15,2,1.33,1.31,0.823301706111943,0.659664617301448
Influenza,2025-09-01,2025-09-22,3,2.72,1.39,1.0613041953920916,0.4672146167963125
Influenza,2025-09-01,2025-09-29,4,4.81,1.74,1.4551507244639743,0.8195718953335325
Influenza,2025-09-08,2025-09-15,1,1.33,1.31,1.6135977169980857,1.379918758092097
Influenza,2025-09-08,2025-09-22,2,2.72,1.39,1.938751037200055,1.411088813057515
Influenza,2025-09-08,2025-09-29,3,4.81,1.74,2.3463935890707375,1.9423416761498755
Influenza,2025-09-08,2025-10-06,4,6.66,2.23,2.6595288296038087,2.2181386110066597
Influenza,2025-09-15,2025-09-22,1,2.72,1.39,1.4985498660518504,1.628353508852344
Influenza,2025-09-15,2025-09-29,2,4.81,1.74,1.841313992235734,2.2302497196152182
Influenza,2025-09-15,2025-10-06,3,6.66,2.23,2.167227061169123,2.5625588652496827
Influenza,2025-09-15,2025-10-13,4,7.53,2.11,2.36441897158753,2.6684368657466795
Influenza,2025-09-22,2025-09-29,1,4.81,1.74,3.7701629386513216,3.8889020139070682
Influenza,2025-09-22,2025-10-06,2,6.66,2.23,4.20013311398587,4.724914440239507
Influenza,2025-09-22,2025-10-13,3,7.53,2.11,4.169743533576769,5.233751589586634
Influenza,2025-09-22,2025-10-20,4,9.47,3.04,4.309708182326093,6.104502795135044
Influenza,2025-09-29,2025-10-06,1,6.66,2.23,5.801462093846821,5.681063757948021
Influenza,2025-09-29,2025-10-13,2,7.53,2.11,5.966790323099875,6.4758091887009535
Influenza,2025-09-29,2025-10-20,3,9.47,3.04,5.994922396542044,7.574853261102495
Influenza,2025-09-29,2025-10-27,4,11.95,2.8,5.705627731787552,8.131226500278268
Influenza,2025-10-06,2025-10-13,1,7.53,2.11,7.343015510441106,7.105763920253402
Influenza,2025-10-06,2025-10-20,2,9.47,3.04,7.480242125858593,8.391312043737855
Influenza,2025-10-06,2025-10-27,3,11.95,2.8,7.053098895336845,9.097522405007853
Influenza,2025-10-06,2025-11-03,4,12.87,3.07,6.577261652119814,10.331619689874513
Influenza,2025-10-13,2025-10-20,1,9.47,3.04,7.8694964301134505,7.946276331336481
Influenza,2025-10-13,2025-10-27,2,11.95,2.8,7.526090781543864,8.505053331987536
Influenza,2025-10-13,2025-11-03,3,12.87,3.07,7.203194877732599,9.620482462653008
Influenza,2025-10-13,2025-11-10,4,11.07,4.4,7.173258442682565,10.905941610687375
Influenza,2025-10-20,2025-10-27,1,11.95,2.8,10.056076418888473,9.481481035872001
Influenza,2025-10-20,2025-11-03,2,12.87,3.07,9.795281678791067,10.87790406338655
Influenza,2025-10-20,2025-11-10,3,11.07,4.4,9.641646094269774,12.388032523314957
Influenza,2025-10-20,2025-11-17,4,10.5,6.92,9.82879491245531,14.022491956470784
Influenza,2025-10-27,2025-11-03,1,12.87,3.07,13.14633432882546,12.795118571212091
Influenza,2025-10-27,2025-11-10,2,11.07,4.4,13.225731593998749,14.86207014781344
Influenza,2025-10-27,2025-11-17,3,10.5,6.92,12.943599021442981,16.94184445616157
Influenza,2025-10-27,2025-11-24,4,15.63,10.48,13.029990917757303,19.64064193296775
Influenza,2025-11-03,2025-11-10,1,11.07,4.4,12.69689548249325,13.019237601009745
Influenza,2025-11-03,2025-11-17,2,10.5,6.92,12.244097578417701,14.511527685354345
Influenza,2025-11-03,2025-11-24,3,15.63,10.48,11.87887168883027,16.74019616720871
Influenza,2025-11-03,2025-12-01,4,21.44,14.68,11.965196828176111,19.66180763858651
Influenza,2025-11-10,2025-11-17,1,10.5,6.92,9.960339772286336,10.378403327177228
Influenza,2025-11-10,2025-11-24,2,15.63,10.48,9.908221321209478,11.346127133488833
Influenza,2025-11-10,2025-12-01,3,21.44,14.68,11.009088746666372,13.258963577676383
Influenza,2025-11-10,2025-12-08,4,19.79,17.83,11.998057968718829,15.516782268529035
Influenza,2025-11-17,2025-11-24,1,15.63,10.48,11.096301153495432,11.040884448033719
Influenza,2025-11-17,2025-12-01,2,21.44,14.68,12.19358048703526,12.853650783853181
Influenza,2025-11-17,2025-12-08,3,19.79,17.83,13.19693203314005,15.031401043874192
Influenza,2025-11-17,2025-12-15,4,17.46,21.43,13.959149265273693,16.59726948494108
Influenza,2025-11-24,2025-12-01,1,21.44,14.68,19.504846039827868,18.83323371916232
Influenza,2025-11-24,2025-12-08,2,19.79,17.83,21.616826659354018,22.787980038142152
Influenza,2025-11-24,2025-12-15,3,17.46,21.43,22.02430630518404,25.775426817515914
Influenza,2025-11-24,2025-12-22,4,15.07,26.66,21.77133137037198,25.98106663904288
Influenza,2025-12-01,2025-12-08,1,19.79,17.83,24.461815913436933,24.738494092935664
Influenza,2025-12-01,2025-12-15,2,17.46,21.43,24.944893951362324,28.30547250629064
Influenza,2025-12-01,2025-12-22,3,15.07,26.66,24.601416393390437,28.975357684894128
Influenza,2025-12-01,2025-12-29,4,14.5,22.9,22.19502170447403,25.931961579652235
Influenza,2025-12-08,2025-12-15,1,17.46,21.43,17.589327032891138,19.433461954152747
Influenza,2025-12-08,2025-12-22,2,15.07,26.66,16.36222274759539,17.434959009528555
Influenza,2025-12-08,2025-12-29,3,14.5,22.9,14.489031024418082,12.256061364578468
Influenza,2025-12-08,2026-01-05,4,12.89,17.36,13.140794231408897,8.58788572083171
Influenza,2025-12-15,2025-12-22,1,15.07,26.66,16.47880740305098,14.480454731329104
Influenza,2025-12-15,2025-12-29,2,14.5,22.9,13.867325962622367,8.385037969606135
Influenza,2025-12-15,2026-01-05,3,12.89,17.36,11.278000710078917,3.983567971507648
Influenza,2025-12-15,2026-01-12,4,11.48,15.26,9.920736284239798,2.029528491605575
Influenza,2025-12-22,2025-12-29,1,14.5,22.9,12.05268454564311,9.911902766758708
Influenza,2025-12-22,2026-01-05,2,12.89,17.36,9.8851852276469,5.984774983858171
Influenza,2025-12-22,2026-01-12,3,11.48,15.26,8.981570476641501,4.409320005964065
Influenza,2025-12-22,2026-01-19,4,9.16,13.82,8.432655336107885,4.20104156381237
Influenza,2025-12-29,2026-01-05,1,12.89,17.36,13.7190727150777,13.083043662370306
Influenza,2025-12-29,2026-01-12,2,11.48,15.26,13.305221916791904,13.647623585960112
Influenza,2025-12-29,2026-01-19,3,9.16,13.82,12.561343357471738,15.152716642185858
Influenza,2025-12-29,2026-01-26,4,7.18,13.17,11.733420123744228,15.131626105701631
Influenza,2026-01-05,2026-01-12,1,11.48,15.26,12.015619731010938,12.888024442156041
Influenza,2026-01-05,2026-01-19,2,9.16,13.82,11.09748051669436,14.154801470018477
Influenza,2026-01-05,2026-01-26,3,7.18,13.17,10.337355435762245,13.942504694488166
Influenza,2026-01-05,2026-02-02,4,5.26,11.63,9.549010341593561,13.684226475495318
Influenza,2026-01-12,2026-01-19,1,9.16,13.82,10.27080516502427,11.749025275670348
Influenza,2026-01-12,2026-01-26,2,7.18,13.17,9.460648664455558,10.8394684137696
Influenza,2026-01-12,2026-02-02,3,5.26,11.63,8.633015810595682,10.022727200873142
Influenza,2026-01-12,2026-02-09,4,3.96,10.28,7.963895989525422,9.057873389331132
Influenza,2026-01-19,2026-01-26,1,7.18,13.17,7.665764076053196,7.5685170849751735
Influenza,2026-01-19,2026-02-02,2,5.26,11.63,6.688991584891606,5.919834314580685
Influenza,2026-01-19,2026-02-09,3,3.96,10.28,6.195098846139718,4.289918936774865
Influenza,2026-01-19,2026-02-16,4,3,10.03,6.134909180884211,2.828217812686403
Influenza,2026-01-26,2026-02-02,1,5.26,11.63,5.862490049135781,6.164358747200826
Influenza,2026-01-26,2026-02-09,2,3.96,10.28,5.55891148958171,4.590583369351998
Influenza,2026-01-26,2026-02-16,3,3,10.03,5.120749259684856,3.173795375307072
Influenza,2026-01-26,2026-02-23,4,2.32,8.76,4.696013874544199,1.8484063346618023
Influenza,2026-02-02,2026-02-09,1,3.96,10.28,4.284969767924392,4.436773708317894
Influenza,2026-02-02,2026-02-16,2,3,10.03,4.123755044002496,2.9880358794602495
Influenza,2026-02-02,2026-02-23,3,2.32,8.76,3.973904036874506,1.6370893781524294
Influenza,2026-02-02,2026-03-02,4,1.65,6.78,3.7266276740714797,0.8765581555391029
Influenza,2026-02-09,2026-02-16,1,3,10.03,3.6145238680187513,3.5737539217261136
Influenza,2026-02-09,2026-02-23,2,2.32,8.76,3.39596082242773,2.4141415055778177
Influenza,2026-02-09,2026-03-02,3,1.65,6.78,3.174623463364285,1.8066795903403867
Influenza,2026-02-09,2026-03-09,4,1.52,7.36,3.5803876903633762,1.690470353497179
Influenza,2026-02-16,2026-02-23,1,2.32,8.76,2.433182825493671,2.7856600855202855
Influenza,2026-02-16,2026-03-02,2,1.65,6.78,2.082357051134786,2.305308361514102
Influenza,2026-02-16,2026-03-09,3,1.52,7.36,2.536027758319185,2.2908046939713684
Influenza,2026-02-16,2026-03-16,4,1.41,6.45,2.6787275879963794,1.6999513565141846
Influenza,2026-02-23,2026-03-02,1,1.65,6.78,1.9047284295943263,2.739719765019528
Influenza,2026-02-23,2026-03-09,2,1.52,7.36,2.334644150915641,2.8678475285156195
Influenza,2026-02-23,2026-03-16,3,1.41,6.45,2.4862251973306218,2.3910839920944555
Influenza,2026-02-23,2026-03-23,4,1.3,6.17,2.7581178497659544,2.12626801205361
Influenza,2026-03-02,2026-03-09,1,1.52,7.36,1.8326800097869516,2.326371235598189
Influenza,2026-03-02,2026-03-16,2,1.41,6.45,1.6615918221744215,1.6942915552826472
Influenza,2026-03-02,2026-03-23,3,1.3,6.17,1.761480011973004,1.3045584724924963
Influenza,2026-03-02,2026-03-30,4,1.02,4.84,1.8126387996678837,0.911707323023272
Influenza,2026-03-09,2026-03-16,1,1.41,6.45,1.1743765797677352,1.5451348911897425
Influenza,2026-03-09,2026-03-23,2,1.3,6.17,1.2175599517155482,1.125709460745052
Influenza,2026-03-09,2026-03-30,3,1.02,4.84,1.3072340730649885,0.7095938993927536
Influenza,2026-03-09,2026-04-06,4,1.24,3.77,1.3082337800062707,0.22888524398193288
Influenza,2026-03-16,2026-03-23,1,1.3,6.17,1.6023259032460815,1.8918057801567907
Influenza,2026-03-16,2026-03-30,2,1.02,4.84,1.7362737062020814,1.716351953657187
Influenza,2026-03-16,2026-04-06,3,1.24,3.77,1.6187028157144971,1.4281430416571765
Influenza,2026-03-16,2026-04-13,4,0.78,3.02,1.6355885162382013,0.715843567623293
Influenza,2026-03-23,2026-03-30,1,1.02,4.84,1.31757551776415,1.6348135963354067
Influenza,2026-03-23,2026-04-06,2,1.24,3.77,1.2424335683314718,1.3314912529688647
Influenza,2026-03-23,2026-04-13,3,0.78,3.02,1.311144589820885,0.6070767518327123
Influenza,2026-03-23,2026-04-20,4,0.95,2.02,1.459957456798715,0.2746661624227089
Influenza,2026-03-30,2026-04-06,1,1.24,3.77,0.9907645032466776,1.162827242094795
Influenza,2026-03-30,2026-04-13,2,0.78,3.02,1.139126387228973,0.3966697813866782
Influenza,2026-03-30,2026-04-20,3,0.95,2.02,1.2753952186004267,0.03086985623541283
Influenza,2026-03-30,2026-04-27,4,0.56,1.58,1.5212687353423195,-0.09821724634943063
Influenza,2026-04-06,2026-04-13,1,0.78,3.02,1.460877710555696,1.123931175214945
Influenza,2026-04-06,2026-04-20,2,0.95,2.02,1.7300706903221785,0.9852946855234985
Influenza,2026-04-06,2026-04-27,3,0.56,1.58,1.9224106707205197,1.0380872904229488
Influenza,2026-04-06,2026-05-04,4,1.19,1.58,1.946064359889664,1.1134282681748946
Influenza,2026-04-13,2026-04-20,1,0.95,2.02,0.543338107677374,0.9274724679305941
Influenza,2026-04-13,2026-04-27,2,0.56,1.58,0.6101412117003395,0.9685993485078046
Influenza,2026-04-13,2026-05-04,3,1.19,1.58,0.924240559783613,1.0344919668947492
Influenza,2026-04-13,2026-05-11,4,1.05,1.27,1.2287816891173828,0.6962665094871916
Influenza,2026-04-20,2026-04-27,1,0.56,1.58,1.1481527145950507,1.2753338942535235
Influenza,2026-04-20,2026-05-04,2,1.19,1.58,1.3928962022416784,1.439397428712709
Influenza,2026-04-20,2026-05-11,3,1.05,1.27,1.4619132654726834,1.179709770100907
Influenza,2026-04-20,2026-05-18,4,0.97,1.18,1.5696244136052293,1.1541770725778777
Influenza,2026-04-27,2026-05-04,1,1.19,1.58,0.4212440772646131,0.665525719302785
Influenza,2026-04-27,2026-05-11,2,1.05,1.27,0.4250707933930382,0.16816940993219776
Influenza,2026-04-27,2026-05-18,3,0.97,1.18,0.6259245949920693,-0.04771104438238449
Influenza,2026-04-27,2026-05-25,4,0.92,0.87,0.8450723030568241,-0.1608153179549201
Influenza,2026-05-04,2026-05-11,1,1.05,1.27,1.6208126759896273,1.1052826994224518
Influenza,2026-05-04,2026-05-18,2,0.97,1.18,1.9760005847983133,1.1641012394226746
Influenza,2026-05-04,2026-05-25,3,0.92,0.87,2.1334363051661405,1.2707072761799232
Influenza,2026-05-04,2026-06-01,4,0.41,0.69,2.2534780953996156,1.5022502607228412
Influenza,2026-05-11,2026-05-18,1,0.97,1.18,0.9667703519489415,1.096723487613239
Influenza,2026-05-11,2026-05-25,2,0.92,0.87,0.9483364169901405,1.1841580931859181
Influenza,2026-05-11,2026-06-01,3,0.41,0.69,1.1552402700318978,1.4003267662714176
Influenza,2026-05-11,2026-06-08,4,0.82,1.09,1.4270843718443453,1.374478630082502
Influenza,2026-05-18,2026-05-25,1,0.92,0.87,0.9931287611474366,0.9536645142920497
Influenza,2026-05-18,2026-06-01,2,0.41,0.69,1.1543743320767095,1.1001067449783322
Influenza,2026-05-18,2026-06-08,3,0.82,1.09,1.5517908494479542,1.0184268522747337
Influenza,2026-05-18,2026-06-15,4,0.45,0.84,1.7755613612513708,1.0188020183229431
Influenza,2026-05-25,2026-06-01,1,0.41,0.69,1.0398997015426104,1.016401281926047
Influenza,2026-05-25,2026-06-08,2,0.82,1.09,1.4217691786635078,0.90797943179316
Influenza,2026-05-25,2026-06-15,3,0.45,0.84,1.6512314221907247,0.886926260041867
Influenza,2026-05-25,2026-06-22,4,0.41,0.98,1.9484272826754938,0.7699380209242217
Influenza,2026-06-01,2026-06-08,1,0.82,1.09,0.28678374685631614,0.06664933019302843
Influenza,2026-06-01,2026-06-15,2,0.45,0.84,0.3679408885430693,-0.20564807252933592
Influenza,2026-06-01,2026-06-22,3,0.41,0.98,0.5794099437549782,-0.5235861299080034
Influenza,2026-06-01,2026-06-29,4,0.34,0.49,0.8360115748992869,-0.6622356772373945
Influenza,2026-06-08,2026-06-15,1,0.45,0.84,1.1326468113733572,0.9392084375697656
Influenza,2026-06-08,2026-06-22,2,0.41,0.98,1.5610396619977718,0.9605037611380478
Influenza,2026-06-08,2026-06-29,3,0.34,0.49,1.7739192061109783,1.093272943676435
Influenza,2026-06-08,2026-07-06,4,0.79,1.18,2.176547049560857,1.4643402713781737
Influenza,2026-06-15,2026-06-22,1,0.41,0.98,0.3426742818273123,0.21606967792049225
Influenza,2026-06-15,2026-06-29,2,0.34,0.49,0.3974334776048849,0.12729867729859912
Influenza,2026-06-15,2026-07-06,3,0.79,1.18,0.844183011471777,0.3211082253294908
Influenza,2026-06-15,2026-07-13,4,0.78,0.6,1.0205756187239547,0.07596928110899359
Influenza,2026-06-22,2026-06-29,1,0.34,0.49,0.42997108660519245,0.3614700723161235
Influenza,2026-06-22,2026-07-06,2,0.79,1.18,0.8682999336197832,0.6238399695920567
Influenza,2026-06-22,2026-07-13,3,0.78,0.6,1.0824706936961297,0.43355172420892174
Influenza,2026-06-22,2026-07-20,4,0.45,0.88,1.471444593701814,0.45824870575783994
Influenza,2026-06-29,2026-07-06,1,0.79,1.18,0.727594507614401,0.5328880578881301
Influenza,2026-06-29,2026-07-13,2,0.78,0.6,0.9224280095217985,0.31494586564044535
Influenza,2026-06-29,2026-07-20,3,0.45,0.88,1.3183778621747186,0.3175232554682452
Influenza,2026-06-29,2026-07-27,4,0.81,0.54,1.5365410194134896,0.23421240447861358
Parainfluenza,2025-07-07,2025-07-14,1,3.06,2,2.0555400145909686,1.9348257849907495
Parainfluenza,2025-07-07,2025-07-21,2,2.73,1.91,1.8825083946917767,1.2083663675325316
Parainfluenza,2025-07-07,2025-07-28,3,2.86,2.15,1.849173582073097,0.9793187037625715
Parainfluenza,2025-07-07,2025-08-04,4,2.41,1.67,1.75731895199628,0.6046509182866212
Parainfluenza,2025-07-14,2025-07-21,1,2.73,1.91,2.762707203954341,2.2304190690111216
Parainfluenza,2025-07-14,2025-07-28,2,2.86,2.15,2.8558013224056187,2.1646218995016784
Parainfluenza,2025-07-14,2025-08-04,3,2.41,1.67,2.8102550554623056,1.9205549464388183
Parainfluenza,2025-07-14,2025-08-11,4,2.36,1.71,2.930252224250006,1.5543182324080416
Parainfluenza,2025-07-21,2025-07-28,1,2.86,2.15,2.705646894515636,2.5209693847834402
Parainfluenza,2025-07-21,2025-08-04,2,2.41,1.67,2.633654001675437,2.331097562674118
Parainfluenza,2025-07-21,2025-08-11,3,2.36,1.71,2.604888044444098,2.0083258040035483
Parainfluenza,2025-07-21,2025-08-18,4,1.92,1.59,2.5825069875648983,2.0865853303322544
Parainfluenza,2025-07-28,2025-08-04,1,2.41,1.67,2.8214607216221137,2.497213996953316
Parainfluenza,2025-07-28,2025-08-11,2,2.36,1.71,2.8194164655155647,2.2004580606044106
Parainfluenza,2025-07-28,2025-08-18,3,1.92,1.59,2.838011558201765,2.2995511524351704
Parainfluenza,2025-07-28,2025-08-25,4,1.26,1.31,2.8222099323429406,2.093371875971503
Parainfluenza,2025-08-04,2025-08-11,1,2.36,1.71,2.492002589237013,1.9752753463807238
Parainfluenza,2025-08-04,2025-08-18,2,1.92,1.59,2.463823836348501,2.036372885062633
Parainfluenza,2025-08-04,2025-08-25,3,1.26,1.31,2.45872985441366,1.7998300442726791
Parainfluenza,2025-08-04,2025-09-01,4,1.71,1.3,2.472379520847269,1.8308678083026493
Parainfluenza,2025-08-11,2025-08-18,1,1.92,1.59,2.3473768477589165,2.237918362663307
Parainfluenza,2025-08-11,2025-08-25,2,1.26,1.31,2.326145061496759,2.032170311897242
Parainfluenza,2025-08-11,2025-09-01,3,1.71,1.3,2.3313872264260045,2.087880811982525
Parainfluenza,2025-08-11,2025-09-08,4,1.65,0.91,2.3577375407824976,2.043794463977323
Parainfluenza,2025-08-18,2025-08-25,1,1.26,1.31,1.948979722307018,1.6296461304323746
Parainfluenza,2025-08-18,2025-09-01,2,1.71,1.3,1.9018218119803518,1.6189525644738203
Parainfluenza,2025-08-18,2025-09-08,3,1.65,0.91,1.9008718444501282,1.521784720936356
Parainfluenza,2025-08-18,2025-09-15,4,1.91,0.93,1.937128892300617,1.7726562708971483
Parainfluenza,2025-08-25,2025-09-01,1,1.71,1.3,1.292263060253778,1.2464064478366073
Parainfluenza,2025-08-25,2025-09-08,2,1.65,0.91,1.2062585746342729,1.0855405245363878
Parainfluenza,2025-08-25,2025-09-15,3,1.91,0.93,1.1979665290047887,1.2854974512840645
Parainfluenza,2025-08-25,2025-09-22,4,1.52,1.22,1.2525024030847258,1.3581652322155298
Parainfluenza,2025-09-01,2025-09-08,1,1.65,0.91,1.5757952069119017,1.4607530491141623
Parainfluenza,2025-09-01,2025-09-15,2,1.91,0.93,1.619101133123529,1.721921003914036
Parainfluenza,2025-09-01,2025-09-22,3,1.52,1.22,1.700709144061825,1.8435562455691903
Parainfluenza,2025-09-01,2025-09-29,4,1.4,1.37,1.8102397704262325,1.9154902870136103
Parainfluenza,2025-09-08,2025-09-15,1,1.91,0.93,1.6847280069147261,1.8263893289965494
Parainfluenza,2025-09-08,2025-09-22,2,1.52,1.22,1.7754272426195528,1.9643844377509379
Parainfluenza,2025-09-08,2025-09-29,3,1.4,1.37,1.8896818285455486,2.049404584147722
Parainfluenza,2025-09-08,2025-10-06,4,1.53,1.78,2.018838010030811,2.184145769635289
Parainfluenza,2025-09-15,2025-09-22,1,1.52,1.22,1.9745972470376087,1.9755878249041636
Parainfluenza,2025-09-15,2025-09-29,2,1.4,1.37,2.116497357386624,2.0610701743917166
Parainfluenza,2025-09-15,2025-10-06,3,1.53,1.78,2.260052331827394,2.196180163072525
Parainfluenza,2025-09-15,2025-10-13,4,1.91,2.32,2.3998424272825236,2.2836719380629336
Parainfluenza,2025-09-22,2025-09-29,1,1.4,1.37,1.7147949367372624,1.6341510088714293
Parainfluenza,2025-09-22,2025-10-06,2,1.53,1.78,1.8026007061594822,1.7000747791907769
Parainfluenza,2025-09-22,2025-10-13,3,1.91,2.32,1.9132829968327711,1.7322168242852127
Parainfluenza,2025-09-22,2025-10-20,4,2.56,2.27,2.0384650267047575,1.8149000008620542
Parainfluenza,2025-09-29,2025-10-06,1,1.53,1.78,1.5242047120112003,1.5313181704125851
Parainfluenza,2025-09-29,2025-10-13,2,1.91,2.32,1.5964501315066646,1.5366102875267138
Parainfluenza,2025-09-29,2025-10-20,3,2.56,2.27,1.7014715833502667,1.5979592502404043
Parainfluenza,2025-09-29,2025-10-27,4,2.86,2.68,1.8291876635877409,1.6834275222476847
Parainfluenza,2025-10-06,2025-10-13,1,1.91,2.32,1.601149428218575,1.5836045284154427
Parainfluenza,2025-10-06,2025-10-20,2,2.56,2.27,1.7065401893022505,1.6536710019310141
Parainfluenza,2025-10-06,2025-10-27,3,2.86,2.68,1.8342531947532632,1.7461401463201351
Parainfluenza,2025-10-06,2025-11-03,4,1.96,2.96,1.9754400621050805,1.5358174649833023
Parainfluenza,2025-10-13,2025-10-20,1,2.56,2.27,1.9800488780215784,1.9566064478060423
Parainfluenza,2025-10-13,2025-10-27,2,2.86,2.68,2.1458024893266643,2.0962580893243445
Parainfluenza,2025-10-13,2025-11-03,3,1.96,2.96,2.3071281251702085,1.9237046826283648
Parainfluenza,2025-10-13,2025-11-10,4,2.99,2.97,2.4592007632561477,1.7938185052206421
Parainfluenza,2025-10-20,2025-10-27,1,2.86,2.68,2.6589611199969063,2.5966911080648747
Parainfluenza,2025-10-20,2025-11-03,2,1.96,2.96,2.89039690954356,2.501421826292361
Parainfluenza,2025-10-20,2025-11-10,3,2.99,2.97,3.0788565572472644,2.433380648131627
Parainfluenza,2025-10-20,2025-11-17,4,3.85,2.83,3.226025599793941,2.531594078278424
Parainfluenza,2025-10-27,2025-11-03,1,1.96,2.96,3.0686353840684797,2.6431017188387695
Parainfluenza,2025-10-27,2025-11-10,2,2.99,2.97,3.281576281328814,2.5964031255707294
Parainfluenza,2025-10-27,2025-11-17,3,3.85,2.83,3.441547068107531,2.71170437858974
Parainfluenza,2025-10-27,2025-11-24,4,2.67,3,3.5531557159343294,2.798462752002586
Parainfluenza,2025-11-03,2025-11-10,1,2.99,2.97,2.299311628685042,1.937830426293573
Parainfluenza,2025-11-03,2025-11-17,2,3.85,2.83,2.3265018393041146,1.9474211014984282
Parainfluenza,2025-11-03,2025-11-24,3,2.67,3,2.3694766476463953,1.9496218651475623
Parainfluenza,2025-11-03,2025-12-01,4,3.11,2.32,2.4236555132293285,1.5822199226323437
Parainfluenza,2025-11-10,2025-11-17,1,3.85,2.83,2.934619887330629,2.781649168353268
Parainfluenza,2025-11-10,2025-11-24,2,2.67,3,3.059624293440075,2.9193085794945066
Parainfluenza,2025-11-10,2025-12-01,3,3.11,2.32,3.1562567499217016,2.660270284540468
Parainfluenza,2025-11-10,2025-12-08,4,3.03,2.84,3.2266128144698705,2.8404616211750664
Parainfluenza,2025-11-17,2025-11-24,1,2.67,3,3.9974817715962176,3.633358184575084
Parainfluenza,2025-11-17,2025-12-01,2,3.11,2.32,4.134637878542709,3.4824242600391253
Parainfluenza,2025-11-17,2025-12-08,3,3.03,2.84,4.206504870437074,3.7490946950617268
Parainfluenza,2025-11-17,2025-12-15,4,2.85,2.56,4.249476350810461,3.7897549134026614
Parainfluenza,2025-11-24,2025-12-01,1,3.11,2.32,2.927161006770723,2.4438414855409922
Parainfluenza,2025-11-24,2025-12-08,2,3.03,2.84,2.8242372067013264,2.5467914933676408
Parainfluenza,2025-11-24,2025-12-15,3,2.85,2.56,2.9030352346892134,2.456473608355452
Parainfluenza,2025-11-24,2025-12-22,4,2.88,1.87,2.835567397057301,2.341851419855911
Parainfluenza,2025-12-01,2025-12-08,1,3.03,2.84,3.0089354111853854,2.96676239534092
Parainfluenza,2025-12-01,2025-12-15,2,2.85,2.56,3.1545161064420917,2.9398637535328382
Parainfluenza,2025-12-01,2025-12-22,3,2.88,1.87,3.0404553927094025,2.875973774498452
Parainfluenza,2025-12-01,2025-12-29,4,3.25,1.56,3.078977339691001,3.0187932945376965
Parainfluenza,2025-12-08,2025-12-15,1,2.85,2.56,3.0456929109916193,2.813249469268171
Parainfluenza,2025-12-08,2025-12-22,2,2.88,1.87,2.9085185902937054,2.727122534793242
Parainfluenza,2025-12-08,2025-12-29,3,3.25,1.56,2.856625734794723,2.8520994699988895
Parainfluenza,2025-12-08,2026-01-05,4,3.04,1.93,2.8209787269221236,2.762507966857239
Parainfluenza,2025-12-15,2025-12-22,1,2.88,1.87,2.738483203650871,2.6041698382606424
Parainfluenza,2025-12-15,2025-12-29,2,3.25,1.56,2.6636316391625905,2.707361655496923
Parainfluenza,2025-12-15,2026-01-05,3,3.04,1.93,2.6188190553324615,2.600334537809238
Parainfluenza,2025-12-15,2026-01-12,4,2.7,1.37,2.5417388281496622,2.5211876535609883
Parainfluenza,2025-12-22,2025-12-29,1,3.25,1.56,2.8471451907670398,2.803254573869957
Parainfluenza,2025-12-22,2026-01-05,2,3.04,1.93,2.89777819818851,2.7103048630314177
Parainfluenza,2025-12-22,2026-01-12,3,2.7,1.37,2.8483204754041527,2.642423076908689
Parainfluenza,2025-12-22,2026-01-19,4,2.55,1.13,2.8601869579816928,2.58428152989186
Parainfluenza,2025-12-29,2026-01-05,1,3.04,1.93,3.190571898956187,2.943767488206414
Parainfluenza,2025-12-29,2026-01-12,2,2.7,1.37,3.189483394605908,2.9115696384985332
Parainfluenza,2025-12-29,2026-01-19,3,2.55,1.13,3.195306596358636,2.88196371129517
Parainfluenza,2025-12-29,2026-01-26,4,2.23,0.87,3.163714693873478,2.8366382747028416
Parainfluenza,2026-01-05,2026-01-12,1,2.7,1.37,3.001291522504661,2.830764930602193
Parainfluenza,2026-01-05,2026-01-19,2,2.55,1.13,2.984788374086684,2.786601307099117
Parainfluenza,2026-01-05,2026-01-26,3,2.23,0.87,2.95610499467589,2.7296283677223827
Parainfluenza,2026-01-05,2026-02-02,4,2.49,1.39,2.9978519689365384,3.0498650181924525
Parainfluenza,2026-01-12,2026-01-19,1,2.55,1.13,2.7339973617766438,2.5496079975330233
Parainfluenza,2026-01-12,2026-01-26,2,2.23,0.87,2.6509008301514987,2.452496026878779
Parainfluenza,2026-01-12,2026-02-02,3,2.49,1.39,2.6734680682391168,2.7406224387227933
Parainfluenza,2026-01-12,2026-02-09,4,2.39,1.43,2.6722040809225134,2.9368407739437776
Parainfluenza,2026-01-19,2026-01-26,1,2.23,0.87,2.4905704846062227,2.3637138392277652
Parainfluenza,2026-01-19,2026-02-02,2,2.49,1.39,2.4918355670730987,2.637064247973991
Parainfluenza,2026-01-19,2026-02-09,3,2.39,1.43,2.479784316494505,2.8214590009045635
Parainfluenza,2026-01-19,2026-02-16,4,2.51,1.46,2.4713761168472193,3.1356947430304896
Parainfluenza,2026-01-26,2026-02-02,1,2.49,1.39,2.264939604539947,2.4765158339152644
Parainfluenza,2026-01-26,2026-02-09,2,2.39,1.43,2.222501629194751,2.6344007923687807
Parainfluenza,2026-01-26,2026-02-16,3,2.51,1.46,2.198386034509019,2.9274157332580484
Parainfluenza,2026-01-26,2026-02-23,4,2.71,1.78,2.2584685943092166,3.2542815861514502
Parainfluenza,2026-02-02,2026-02-09,1,2.39,1.43,2.419559407461277,2.616734394621709
Parainfluenza,2026-02-02,2026-02-16,2,2.51,1.46,2.4218879063275804,2.905991452724882
Parainfluenza,2026-02-02,2026-02-23,3,2.71,1.78,2.496504747563745,3.2298579986517404
Parainfluenza,2026-02-02,2026-03-02,4,2.85,1.91,2.5556205458601484,3.781030906217427
Parainfluenza,2026-02-09,2026-02-16,1,2.51,1.46,2.3964073722980745,2.709244946439535
Parainfluenza,2026-02-09,2026-02-23,2,2.71,1.78,2.467765044975059,3.0000858694308
Parainfluenza,2026-02-09,2026-03-02,3,2.85,1.91,2.52538153703385,3.5248377865318
Parainfluenza,2026-02-09,2026-03-09,4,3.58,2.06,2.6316524844733955,4.201662564421421
Parainfluenza,2026-02-16,2026-02-23,1,2.71,1.78,2.5666017572091953,2.8662506971968806
Parainfluenza,2026-02-16,2026-03-02,2,2.85,1.91,2.6373578075690367,3.3692763976325955
Parainfluenza,2026-02-16,2026-03-09,3,3.58,2.06,2.750251569393966,4.028853781531527
Parainfluenza,2026-02-16,2026-03-16,4,3.82,2.71,2.8109189918422053,3.9427933165412354
Parainfluenza,2026-02-23,2026-03-02,1,2.85,1.91,2.7632348520986634,3.2948983005548262
Parainfluenza,2026-02-23,2026-03-09,2,3.58,2.06,2.8946714249811576,3.944521729229307
Parainfluenza,2026-02-23,2026-03-16,3,3.82,2.71,2.963091576946565,3.8505292570475964
Parainfluenza,2026-02-23,2026-03-23,4,3.48,2.97,3.041113032496961,4.264961436829698
Parainfluenza,2026-03-02,2026-03-09,1,3.58,2.06,2.9107356837228897,3.659285472715779
Parainfluenza,2026-03-02,2026-03-16,2,3.82,2.71,2.9858250153005255,3.519594148098589
Parainfluenza,2026-03-02,2026-03-23,3,3.48,2.97,3.036604742164001,3.8975025926808597
Parainfluenza,2026-03-02,2026-03-30,4,3.83,3.42,3.093630017437575,3.8296029517297865
Parainfluenza,2026-03-09,2026-03-16,1,3.82,2.71,3.5756633709276544,3.5637264253021317
Parainfluenza,2026-03-09,2026-03-23,2,3.48,2.97,3.7328818907076697,3.951531420360869
Parainfluenza,2026-03-09,2026-03-30,3,3.83,3.42,3.8640941675249487,3.891587052095299
Parainfluenza,2026-03-09,2026-04-06,4,3.49,4.27,3.8982031498512946,3.985734393016184
Parainfluenza,2026-03-16,2026-03-23,1,3.48,2.97,3.9637754501857394,4.266891006039634
Parainfluenza,2026-03-16,2026-03-30,2,3.83,3.42,4.104915535687507,4.2583483794080195
Parainfluenza,2026-03-16,2026-04-06,3,3.49,4.27,4.246850088748863,4.39365689345701
Parainfluenza,2026-03-16,2026-04-13,4,4.13,4.39,4.2580888442081015,4.719839407325172
Parainfluenza,2026-03-23,2026-03-30,1,3.83,3.42,3.5228245054304157,3.689606498565971
Parainfluenza,2026-03-23,2026-04-06,2,3.49,4.27,3.551245680147124,3.7353378354691475
Parainfluenza,2026-03-23,2026-04-13,3,4.13,4.39,3.544977221129783,3.9899038077834894
Parainfluenza,2026-03-23,2026-04-20,4,4.23,3.81,3.4467715759654003,3.424662212133928
Parainfluenza,2026-03-30,2026-04-06,1,3.49,4.27,3.886140337790759,3.982576571607651
Parainfluenza,2026-03-30,2026-04-13,2,4.13,4.39,3.911660069754735,4.278679639955293
Parainfluenza,2026-03-30,2026-04-20,3,4.23,3.81,3.7517416591984007,3.7466702775042506
Parainfluenza,2026-03-30,2026-04-27,4,3.93,3.98,3.7776911791332646,3.50527251545142
Parainfluenza,2026-04-06,2026-04-13,1,4.13,4.39,3.5423887589835505,3.9835890343789684
Parainfluenza,2026-04-06,2026-04-20,2,4.23,3.81,3.3802522180859222,3.406457122720686
Parainfluenza,2026-04-06,2026-04-27,3,3.93,3.98,3.328107728870196,3.1289656205944008
Parainfluenza,2026-04-06,2026-05-04,4,3.73,4.32,3.2700126094618605,3.079541322665764
Parainfluenza,2026-04-13,2026-04-20,1,4.23,3.81,3.836117224922686,3.681924234248764
Parainfluenza,2026-04-13,2026-04-27,2,3.93,3.98,3.8502947250542015,3.4504831111048704
Parainfluenza,2026-04-13,2026-05-04,3,3.73,4.32,3.776850298539578,3.4379003098758707
Parainfluenza,2026-04-13,2026-05-11,4,3.5,4.03,3.7744260986863285,4.14099802022338
Parainfluenza,2026-04-20,2026-04-27,1,3.93,3.98,4.163731322358912,4.0377722706615256
Parainfluenza,2026-04-20,2026-05-04,2,3.73,4.32,4.116884200768724,4.11991252441355
Parainfluenza,2026-04-20,2026-05-11,3,3.5,4.03,4.0567196400173,4.898789033954647
Parainfluenza,2026-04-20,2026-05-18,4,3.43,5.33,4.078038572151075,5.341890544904285
Parainfluenza,2026-04-27,2026-05-04,1,3.73,4.32,3.890382546651172,4.084454298557641
Parainfluenza,2026-04-27,2026-05-11,2,3.5,4.03,3.7960913176506423,4.85871602336161
Parainfluenza,2026-04-27,2026-05-18,3,3.43,5.33,3.812572838062144,5.298227151977089
Parainfluenza,2026-04-27,2026-05-25,4,3.55,4.57,3.6889936668487078,5.677690579960657
Parainfluenza,2026-05-04,2026-05-11,1,3.5,4.03,3.668062013338566,4.615641993979079
Parainfluenza,2026-05-04,2026-05-18,2,3.43,5.33,3.6166144015310766,5.017402453864268
Parainfluenza,2026-05-04,2026-05-25,3,3.55,4.57,3.479700005644359,5.366685410962787
Parainfluenza,2026-05-04,2026-06-01,4,4.06,3.42,3.3010381128577815,4.368634332334578
Parainfluenza,2026-05-11,2026-05-18,1,3.43,5.33,3.4701452835586335,4.225798519479936
Parainfluenza,2026-05-11,2026-05-25,2,3.55,4.57,3.3134325195841874,4.457852471205969
Parainfluenza,2026-05-11,2026-06-01,3,4.06,3.42,3.124713062622272,3.3660411851076777
Parainfluenza,2026-05-11,2026-06-08,4,3.24,3.84,3.0172044642888753,3.168196390769837
Parainfluenza,2026-05-18,2026-05-25,1,3.55,4.57,3.2785927373063934,4.046906875984467
Parainfluenza,2026-05-18,2026-06-01,2,4.06,3.42,3.0854828957814537,2.8887044779528104
Parainfluenza,2026-05-18,2026-06-08,3,3.24,3.84,2.975344659442908,2.6377653149974893
Parainfluenza,2026-05-18,2026-06-15,4,2.78,3.4,2.90455808375387,2.444179720721338
Parainfluenza,2026-05-25,2026-06-01,1,4.06,3.42,3.3001879572570862,2.8153903525310913
Parainfluenza,2026-05-25,2026-06-08,2,3.24,3.84,3.235436003215711,2.5543824861896494
Parainfluenza,2026-05-25,2026-06-15,3,2.78,3.4,3.147810643843438,2.3527595768031353
Parainfluenza,2026-05-25,2026-06-22,4,2.08,3.07,3.0884462640206087,1.7735076524657694
Parainfluenza,2026-06-01,2026-06-08,1,3.24,3.84,3.8852485703705293,3.8885245411408054
Parainfluenza,2026-06-01,2026-06-15,2,2.78,3.4,3.918915958790736,3.886874597542022
Parainfluenza,2026-06-01,2026-06-22,3,2.08,3.07,3.8724181434962968,3.4675763262735533
Parainfluenza,2026-06-01,2026-06-29,4,2.32,3.15,3.840505286865209,3.525769521685356
Parainfluenza,2026-06-08,2026-06-15,1,2.78,3.4,3.35951070771937,3.518973974114921
Parainfluenza,2026-06-08,2026-06-22,2,2.08,3.07,3.237437428836301,3.0495869693799222
Parainfluenza,2026-06-08,2026-06-29,3,2.32,3.15,3.16821508245231,3.0677025837943557
Parainfluenza,2026-06-08,2026-07-06,4,2.54,2.11,3.0463171348637283,2.71485212699496
Parainfluenza,2026-06-15,2026-06-22,1,2.08,3.07,2.7315014300036937,2.6284968914703795
Parainfluenza,2026-06-15,2026-06-29,2,2.32,3.15,2.595417183352384,2.586896823522061
Parainfluenza,2026-06-15,2026-07-06,3,2.54,2.11,2.4392562573432928,2.18624707396544
Parainfluenza,2026-06-15,2026-07-13,4,2.06,3.06,2.4000611112431995,2.021861050116691
Parainfluenza,2026-06-22,2026-06-29,1,2.32,3.15,2.0249094022748704,2.3724785194045364
Parainfluenza,2026-06-22,2026-07-06,2,2.54,2.11,1.793623079689207,1.943513383133036
Parainfluenza,2026-06-22,2026-07-13,3,2.06,3.06,1.7170934033877359,1.7564692120469096
Parainfluenza,2026-06-22,2026-07-20,4,1.7,2.73,1.6540756548019013,1.1478231603361602
Parainfluenza,2026-06-29,2026-07-06,1,2.54,2.11,2.0886319905175643,2.127989751656462
Parainfluenza,2026-06-29,2026-07-13,2,2.06,3.06,2.0094199541603435,1.969308002236077
Parainfluenza,2026-06-29,2026-07-20,3,1.7,2.73,1.977943582647781,1.3833836040760998
Parainfluenza,2026-06-29,2026-07-27,4,2.27,2.86,1.9861412541736607,1.2613345764155552
Rhinovirus,2025-07-07,2025-07-14,1,9.06,10.19,10.759447933928374,10.193501886558934
Rhinovirus,2025-07-07,2025-07-21,2,9.61,10.06,11.262099855899464,9.74100621267419
Rhinovirus,2025-07-07,2025-07-28,3,8.46,8.11,9.270196357914326,8.192089149581822
Rhinovirus,2025-07-07,2025-08-04,4,9.04,7.3,8.421958363086452,7.800064117953767
Rhinovirus,2025-07-14,2025-07-21,1,9.61,10.06,9.622880964706043,8.85229048030891
Rhinovirus,2025-07-14,2025-07-28,2,8.46,8.11,7.7148889953065884,7.303396690643078
Rhinovirus,2025-07-14,2025-08-04,3,9.04,7.3,7.1670973010618955,6.911394932441561
Rhinovirus,2025-07-14,2025-08-11,4,7.56,6.15,6.509602041639409,7.047637169509452
Rhinovirus,2025-07-21,2025-07-28,1,8.46,8.11,7.703419486322855,8.022220763286734
Rhinovirus,2025-07-21,2025-08-04,2,9.04,7.3,7.155294442942619,7.630238697141978
Rhinovirus,2025-07-21,2025-08-11,3,7.56,6.15,6.4993691407110346,7.766787679433991
Rhinovirus,2025-07-21,2025-08-18,4,7.99,6.67,6.547712820609046,7.360053984636566
Rhinovirus,2025-07-28,2025-08-04,1,9.04,7.3,7.832310021605009,8.034354403239407
Rhinovirus,2025-07-28,2025-08-11,2,7.56,6.15,7.196479035207647,8.171202492179031
Rhinovirus,2025-07-28,2025-08-18,3,7.99,6.67,7.159737755928183,7.764767904029219
Rhinovirus,2025-07-28,2025-08-25,4,6.68,6.16,5.982523628586477,8.158100920443916
Rhinovirus,2025-08-04,2025-08-11,1,7.56,6.15,8.279095262839851,8.964442561674977
Rhinovirus,2025-08-04,2025-08-18,2,7.99,6.67,8.273666743383423,8.558311705687695
Rhinovirus,2025-08-04,2025-08-25,3,6.68,6.16,6.959802389648919,8.95194730789548
Rhinovirus,2025-08-04,2025-09-01,4,7.5,7.07,7.500433052868342,12.28039593020951
Rhinovirus,2025-08-11,2025-08-18,1,7.99,6.67,7.63011259128767,7.40418123013956
Rhinovirus,2025-08-11,2025-08-25,2,6.68,6.16,6.298779741239246,7.798167349963986
Rhinovirus,2025-08-11,2025-09-01,3,7.5,7.07,6.920864189068725,11.126966489894656
Rhinovirus,2025-08-11,2025-09-08,4,9.7,11.61,10.316284639246465,15.957661862775467
Rhinovirus,2025-08-18,2025-08-25,1,6.68,6.16,6.610055950719925,8.416489010535466
Rhinovirus,2025-08-18,2025-09-01,2,7.5,7.07,7.097483038324361,11.745639226017452
Rhinovirus,2025-08-18,2025-09-08,3,9.7,11.61,10.362110077670302,16.57668587145359
Rhinovirus,2025-08-18,2025-09-15,4,14.64,15.62,15.527394563451486,20.627688814580456
Rhinovirus,2025-08-25,2025-09-01,1,7.5,7.07,8.01352931463356,10.460194367691015
Rhinovirus,2025-08-25,2025-09-08,2,9.7,11.61,12.829773115756463,15.291620724177541
Rhinovirus,2025-08-25,2025-09-15,3,14.64,15.62,17.7009944278032,19.343003378354794
Rhinovirus,2025-08-25,2025-09-22,4,16.82,17.26,18.94659288897516,19.674124856488312
Rhinovirus,2025-09-01,2025-09-08,1,9.7,11.61,10.724844026440902,13.358876038654376
Rhinovirus,2025-09-01,2025-09-15,2,14.64,15.62,15.85504357978358,17.410264195707086
Rhinovirus,2025-09-01,2025-09-22,3,16.82,17.26,18.472619244523507,17.741396586303303
Rhinovirus,2025-09-01,2025-09-29,4,20.38,16.52,19.881936343458644,17.36852245219756
Rhinovirus,2025-09-08,2025-09-15,1,14.64,15.62,15.006586830924956,15.218408299405432
Rhinovirus,2025-09-08,2025-09-22,2,16.82,17.26,17.783074283853445,15.549574069109276
Rhinovirus,2025-09-08,2025-09-29,3,20.38,16.52,19.33886551985855,15.17673331411116
Rhinovirus,2025-09-08,2025-10-06,4,19.53,16.89,19.14483471389082,14.219389411803412
Rhinovirus,2025-09-15,2025-09-22,1,16.82,17.26,16.2893921803411,16.03682364669637
Rhinovirus,2025-09-15,2025-09-29,2,20.38,16.52,17.836010809707407,15.664017477249246
Rhinovirus,2025-09-15,2025-10-06,3,19.53,16.89,17.67399268879325,14.706714489402785
Rhinovirus,2025-09-15,2025-10-13,4,18.68,15.86,16.53474705384651,13.185018153916225
Rhinovirus,2025-09-22,2025-09-29,1,20.38,16.52,18.46503956585469,17.032095306430083
Rhinovirus,2025-09-22,2025-10-06,2,19.53,16.89,18.356892376946274,16.074823357644718
Rhinovirus,2025-09-22,2025-10-13,3,18.68,15.86,16.934203453201178,14.55315806121925
Rhinovirus,2025-09-22,2025-10-20,4,16.6,14.76,16.061517077710654,12.835802083943731
Rhinovirus,2025-09-29,2025-10-06,1,19.53,16.89,20.006435395998253,19.191161736605494
Rhinovirus,2025-09-29,2025-10-13,2,18.68,15.86,18.345023753620715,17.669499163331984
Rhinovirus,2025-09-29,2025-10-20,3,16.6,14.76,17.26472172714726,15.952287563954567
Rhinovirus,2025-09-29,2025-10-27,4,15.89,15.25,15.836371775681641,13.940746734795347
Rhinovirus,2025-10-06,2025-10-13,1,18.68,15.86,17.98973870682158,17.875201965150072
Rhinovirus,2025-10-06,2025-10-20,2,16.6,14.76,17.017990842646093,16.1581639983037
Rhinovirus,2025-10-06,2025-10-27,3,15.89,15.25,15.689082688725604,14.146796801675526
Rhinovirus,2025-10-06,2025-11-03,4,14.83,12.75,14.968163592713353,14.25754153729035
Rhinovirus,2025-10-13,2025-10-20,1,16.6,14.76,17.64034643786432,16.70717397941901
Rhinovirus,2025-10-13,2025-10-27,2,15.89,15.25,16.250486745811685,14.695990723654319
Rhinovirus,2025-10-13,2025-11-03,3,14.83,12.75,15.474115635658254,14.806919316639576
Rhinovirus,2025-10-13,2025-11-10,4,16.84,13.76,14.940918916387941,13.983971233287102
Rhinovirus,2025-10-20,2025-10-27,1,15.89,15.25,15.313507174943902,14.439189617819585
Rhinovirus,2025-10-20,2025-11-03,2,14.83,12.75,14.62812845850988,14.550338267037116
Rhinovirus,2025-10-20,2025-11-10,3,16.84,13.76,14.178972571024518,13.727610239916915
Rhinovirus,2025-10-20,2025-11-17,4,17.08,12.25,12.399536352719064,12.792553567383944
Rhinovirus,2025-10-27,2025-11-03,1,14.83,12.75,15.314507097601021,15.556011429009025
Rhinovirus,2025-10-27,2025-11-10,2,16.84,13.76,15.08216094465423,14.733510830047624
Rhinovirus,2025-10-27,2025-11-17,3,17.08,12.25,13.65414940866824,13.798681052941195
Rhinovirus,2025-10-27,2025-11-24,4,15.74,10.65,13.869603892681234,13.693590261390705
Rhinovirus,2025-11-03,2025-11-10,1,16.84,13.76,14.364957632083597,13.884520341242695
Rhinovirus,2025-11-03,2025-11-17,2,17.08,12.25,12.567966609250682,12.949946911806443
Rhinovirus,2025-11-03,2025-11-24,3,15.74,10.65,13.019785271772358,12.845112467926128
Rhinovirus,2025-11-03,2025-12-01,4,14.17,10.34,11.919903580495259,11.628410082676465
Rhinovirus,2025-11-10,2025-11-17,1,17.08,12.25,14.88020007833831,15.16714834883547
Rhinovirus,2025-11-10,2025-11-24,2,15.74,10.65,14.946462068915869,15.062289032680749
Rhinovirus,2025-11-10,2025-12-01,3,14.17,10.34,13.283342819859481,13.845560327818378
Rhinovirus,2025-11-10,2025-12-08,4,13.1,8.81,11.493145309163433,12.780299780432856
Rhinovirus,2025-11-17,2025-11-24,1,15.74,10.65,17.06946634852887,16.142129603961596
Rhinovirus,2025-11-17,2025-12-01,2,14.17,10.34,15.577471144680423,14.925361873655893
Rhinovirus,2025-11-17,2025-12-08,3,13.1,8.81,13.367187259716353,13.860062300827039
Rhinovirus,2025-11-17,2025-12-15,4,14.87,8.44,12.640914068162568,13.216918172217506
Rhinovirus,2025-11-24,2025-12-01,1,14.17,10.34,14.320476207871998,14.006850439678031
Rhinovirus,2025-11-24,2025-12-08,2,13.1,8.81,12.295735233711628,12.941532253905201
Rhinovirus,2025-11-24,2025-12-15,3,14.87,8.44,11.619733821620233,12.29836812197531
Rhinovirus,2025-11-24,2025-12-22,4,14.58,6.73,9.892163806809842,11.866652022082473
Rhinovirus,2025-12-01,2025-12-08,1,13.1,8.81,12.097169084810496,12.665434605373672
Rhinovirus,2025-12-01,2025-12-15,2,14.87,8.44,11.49343031546444,12.022252848321259
Rhinovirus,2025-12-01,2025-12-22,3,14.58,6.73,9.716530971982351,11.5905191233059
Rhinovirus,2025-12-01,2025-12-29,4,12.24,7.37,9.832451823149666,10.034152356510013
Rhinovirus,2025-12-08,2025-12-15,1,14.87,8.44,12.329998976908827,12.07233373829954
Rhinovirus,2025-12-08,2025-12-22,2,14.58,6.73,10.404088088012038,11.6405779138702
Rhinovirus,2025-12-08,2025-12-29,3,12.24,7.37,10.38572831499279,10.08425282846389
Rhinovirus,2025-12-08,2026-01-05,4,13.67,7.12,8.568015198777962,9.476406698048084
Rhinovirus,2025-12-15,2025-12-22,1,14.58,6.73,12.701836181491487,13.602334685942822
Rhinovirus,2025-12-15,2025-12-29,2,12.24,7.37,12.464850613831754,12.046005897022216
Rhinovirus,2025-12-15,2026-01-05,3,13.67,7.12,10.449696029223848,11.438156063092112
Rhinovirus,2025-12-15,2026-01-12,4,11.42,7.19,10.584115232522027,12.765577324538548
Rhinovirus,2025-12-22,2025-12-29,1,12.24,7.37,14.229529417166894,12.340661323011673
Rhinovirus,2025-12-22,2026-01-05,2,13.67,7.12,12.11030462422033,11.732859941436757
Rhinovirus,2025-12-22,2026-01-12,3,11.42,7.19,12.149439423353442,13.060321495184537
Rhinovirus,2025-12-22,2026-01-19,4,13.52,8.95,12.932833054955772,14.488331571311058
Rhinovirus,2025-12-29,2026-01-05,1,13.67,7.12,10.24290907538677,11.090358773949974
Rhinovirus,2025-12-29,2026-01-12,2,11.42,7.19,10.397307375698302,12.41792264194904
Rhinovirus,2025-12-29,2026-01-19,3,13.52,8.95,11.284131899988504,13.846035032326846
Rhinovirus,2025-12-29,2026-01-26,4,12.7,9.06,11.114024090717948,14.393610106973066
Rhinovirus,2026-01-05,2026-01-12,1,11.42,7.19,13.500827302723925,14.090438130837947
Rhinovirus,2026-01-05,2026-01-19,2,13.52,8.95,14.10556311953272,15.518617180256978
Rhinovirus,2026-01-05,2026-01-26,3,12.7,9.06,13.674683928968534,16.06625437830976
Rhinovirus,2026-01-05,2026-02-02,4,12.84,10.41,13.921843469412014,16.215362862634954
Rhinovirus,2026-01-12,2026-01-19,1,13.52,8.95,13.703029818334127,12.817557219860088
Rhinovirus,2026-01-12,2026-01-26,2,12.7,9.06,13.572476974658516,13.365271863040292
Rhinovirus,2026-01-12,2026-02-02,3,12.84,10.41,13.457407573130636,13.514457792492907
Rhinovirus,2026-01-12,2026-02-09,4,14.03,10.3,12.986414555121058,13.206675944906827
Rhinovirus,2026-01-19,2026-01-26,1,12.7,9.06,13.420770440737348,13.745391690912593
Rhinovirus,2026-01-19,2026-02-02,2,12.84,10.41,13.265044966703222,13.894546117256322
Rhinovirus,2026-01-19,2026-02-09,3,14.03,10.3,12.807860472871965,13.586729827460914
Rhinovirus,2026-01-19,2026-02-16,4,11.76,10.13,12.138873197224841,12.921941049082019
Rhinovirus,2026-01-26,2026-02-02,1,12.84,10.41,13.034600781374886,12.852919948236591
Rhinovirus,2026-01-26,2026-02-09,2,14.03,10.3,12.428344660914236,12.545085926441184
Rhinovirus,2026-01-26,2026-02-16,3,11.76,10.13,12.050281114574807,11.880279416062285
Rhinovirus,2026-01-26,2026-02-23,4,11.38,8.43,11.152993115560651,11.97565251354242
Rhinovirus,2026-02-02,2026-02-09,1,14.03,10.3,12.382044086893718,12.482740375775595
Rhinovirus,2026-02-02,2026-02-16,2,11.76,10.13,11.750997312654846,11.81792169356436
Rhinovirus,2026-02-02,2026-02-23,3,11.38,8.43,10.896989883424602,11.913281397332167
Rhinovirus,2026-02-02,2026-03-02,4,11.03,9.62,11.606985915871352,12.3395750993722
Rhinovirus,2026-02-09,2026-02-16,1,11.76,10.13,13.511040982680143,13.027516884773927
Rhinovirus,2026-02-09,2026-02-23,2,11.38,8.43,12.603029261859554,13.12284756770402
Rhinovirus,2026-02-09,2026-03-02,3,11.03,9.62,13.19279221450862,13.54911224890634
Rhinovirus,2026-02-09,2026-03-09,4,11.62,8.26,12.72432489346652,14.01366778032255
Rhinovirus,2026-02-16,2026-02-23,1,11.38,8.43,11.112603891511078,11.904483306628713
Rhinovirus,2026-02-16,2026-03-02,2,11.03,9.62,11.137014700257001,12.330740414983183
Rhinovirus,2026-02-16,2026-03-09,3,11.62,8.26,10.949647934600124,12.795488415676882
Rhinovirus,2026-02-16,2026-03-16,4,13.68,10.47,12.37353113481479,13.3697366019818
Rhinovirus,2026-02-23,2026-03-02,1,11.03,9.62,11.599331081639834,11.946963823470858
Rhinovirus,2026-02-23,2026-03-09,2,11.62,8.26,11.378750961311201,12.411918433982747
Rhinovirus,2026-02-23,2026-03-16,3,13.68,10.47,12.740502764940565,12.986373230105855
Rhinovirus,2026-02-23,2026-03-23,4,13.8,10.37,12.919236077918878,13.48013583428988
Rhinovirus,2026-03-02,2026-03-09,1,11.62,8.26,10.865891319459585,11.77498137255397
Rhinovirus,2026-03-02,2026-03-16,2,13.68,10.47,12.276265134107788,12.34965828688878
Rhinovirus,2026-03-02,2026-03-23,3,13.8,10.37,12.5000729309782,12.843641091126019
Rhinovirus,2026-03-02,2026-03-30,4,12.88,10.89,12.17434890376718,11.903077630569186
Rhinovirus,2026-03-09,2026-03-16,1,13.68,10.47,12.40601371025248,12.438358726671806
Rhinovirus,2026-03-09,2026-03-23,2,13.8,10.37,12.775366195666129,12.932542401878969
Rhinovirus,2026-03-09,2026-03-30,3,12.88,10.89,12.59122854635914,11.992179812292058
Rhinovirus,2026-03-09,2026-04-06,4,13.3,10.56,11.305415012270963,10.977353062798382
Rhinovirus,2026-03-16,2026-03-23,1,13.8,10.37,13.770041846848907,14.084783257949253
Rhinovirus,2026-03-16,2026-03-30,2,12.88,10.89,13.321238950140916,13.144601881817056
Rhinovirus,2026-03-16,2026-04-06,3,13.3,10.56,11.976017010798921,12.129954596569657
Rhinovirus,2026-03-16,2026-04-13,4,13.25,9.6,11.680641501916806,11.38063001593725
Rhinovirus,2026-03-23,2026-03-30,1,12.88,10.89,13.348124100302812,12.921736209632886
Rhinovirus,2026-03-23,2026-04-06,2,13.3,10.56,12.00008160742324,11.907276419350266
Rhinovirus,2026-03-23,2026-04-13,3,13.25,9.6,11.702709089320658,11.158139333682639
Rhinovirus,2026-03-23,2026-04-20,4,11.73,8.98,11.36836247948476,11.028062805520367
Rhinovirus,2026-03-30,2026-04-06,1,13.3,10.56,11.576239731231578,11.87079680267631
Rhinovirus,2026-03-30,2026-04-13,2,13.25,9.6,11.320340590137985,11.121652049825672
Rhinovirus,2026-03-30,2026-04-20,3,11.73,8.98,11.023062666450423,10.991566159579879
Rhinovirus,2026-03-30,2026-04-27,4,9.61,10.51,12.343590740226322,13.125367782662751
Rhinovirus,2026-04-06,2026-04-13,1,13.25,9.6,12.765465948425161,12.28116738493936
Rhinovirus,2026-04-06,2026-04-20,2,11.73,8.98,12.537050039519016,12.151053458026494
Rhinovirus,2026-04-06,2026-04-27,3,9.61,10.51,13.696293731911613,14.284827044442295
Rhinovirus,2026-04-06,2026-05-04,4,12.65,11.58,14.159348722811988,14.988903966914679
Rhinovirus,2026-04-13,2026-04-20,1,11.73,8.98,12.767181962649389,12.772597331704068
Rhinovirus,2026-04-13,2026-04-27,2,9.61,10.51,13.921467770707377,14.906338258680442
Rhinovirus,2026-04-13,2026-05-04,3,12.65,11.58,14.36875594729108,15.610380191503811
Rhinovirus,2026-04-13,2026-05-11,4,11.91,10.9,13.266422042614572,15.87913028792388
Rhinovirus,2026-04-20,2026-04-27,1,9.61,10.51,12.983152941539842,13.86016017387099
Rhinovirus,2026-04-20,2026-05-04,2,12.65,11.58,13.51997081548377,14.564182444574985
Rhinovirus,2026-04-20,2026-05-11,3,11.91,10.9,12.498240181721096,14.832912878875684
Rhinovirus,2026-04-20,2026-05-18,4,13.7,11.07,12.079932413747954,13.914369330724922
Rhinovirus,2026-04-27,2026-05-04,1,12.65,11.58,10.47547179985446,11.138936770972842
Rhinovirus,2026-04-27,2026-05-11,2,11.91,10.9,9.749438663832398,11.407688614981017
Rhinovirus,2026-04-27,2026-05-18,3,13.7,11.07,9.597551210107653,10.489447057056184
Rhinovirus,2026-04-27,2026-05-25,4,11.96,10.76,9.659620976246066,11.19378209029193
Rhinovirus,2026-05-04,2026-05-11,1,11.91,10.9,11.758640467981975,13.08152923407065
Rhinovirus,2026-05-04,2026-05-18,2,13.7,11.07,11.458769061523006,12.163428508977091
Rhinovirus,2026-05-04,2026-05-25,3,11.96,10.76,11.385913504053969,12.86790437504411
Rhinovirus,2026-05-04,2026-06-01,4,9.96,11.91,11.575318739220119,11.305225840626957
Rhinovirus,2026-05-11,2026-05-18,1,13.7,11.07,11.547097935795847,11.468229551084827
Rhinovirus,2026-05-11,2026-05-25,2,11.96,10.76,11.41847192244331,12.172854777265616
Rhinovirus,2026-05-11,2026-06-01,3,9.96,11.91,11.556257337731907,10.610326048598276
Rhinovirus,2026-05-11,2026-06-08,4,8.58,10.02,10.287239240102057,10.63195981715085
Rhinovirus,2026-05-18,2026-05-25,1,11.96,10.76,13.359988273003257,14.258796517647312
Rhinovirus,2026-05-18,2026-06-01,2,9.96,11.91,13.310343776128345,12.696355018693463
Rhinovirus,2026-05-18,2026-06-08,3,8.58,10.02,11.86916653800987,12.718076016959527
Rhinovirus,2026-05-18,2026-06-15,4,10.49,9.51,11.69444992436991,11.998248761500665
Rhinovirus,2026-05-25,2026-06-01,1,9.96,11.91,12.047574089185606,10.88714300126244
Rhinovirus,2026-05-25,2026-06-08,2,8.58,10.02,10.728635080793957,10.909013611223333
Rhinovirus,2026-05-25,2026-06-15,3,10.49,9.51,10.66399372968972,10.189333801559814
Rhinovirus,2026-05-25,2026-06-22,4,11.19,11.17,11.715042981236259,10.736011532786723
Rhinovirus,2026-06-01,2026-06-08,1,8.58,10.02,9.169514495494123,10.42237673441695
Rhinovirus,2026-06-01,2026-06-15,2,10.49,9.51,8.734122448514176,9.702873189969692
Rhinovirus,2026-06-01,2026-06-22,3,11.19,11.17,9.562258417071483,10.24962591404267
Rhinovirus,2026-06-01,2026-06-29,4,10.01,10.79,9.839272513989787,10.660709132867602
Rhinovirus,2026-06-08,2026-06-15,1,10.49,9.51,8.778381678724688,8.607866642543732
Rhinovirus,2026-06-08,2026-06-22,2,11.19,11.17,10.062394107769926,9.154653338464948
Rhinovirus,2026-06-08,2026-06-29,3,10.01,10.79,9.617127838851971,9.56575036299473
Rhinovirus,2026-06-08,2026-07-06,4,9.6,10.11,8.674635284083427,9.73611945734162
Rhinovirus,2026-06-15,2026-06-22,1,11.19,11.17,11.502318054770676,11.118880093940964
Rhinovirus,2026-06-15,2026-06-29,2,10.01,10.79,11.005390492057638,11.529964938032585
Rhinovirus,2026-06-15,2026-07-06,3,9.6,10.11,9.82990182360398,11.700321851941311
Rhinovirus,2026-06-15,2026-07-13,4,9.18,9.06,9.848822982665652,11.522428148170238
Rhinovirus,2026-06-22,2026-06-29,1,10.01,10.79,10.888376489371462,11.772663148344158
Rhinovirus,2026-06-22,2026-07-06,2,9.6,10.11,9.637791593131995,11.943002066253893
Rhinovirus,2026-06-22,2026-07-13,3,9.18,9.06,9.435310193587625,11.76509050853708
Rhinovirus,2026-06-22,2026-07-20,4,10.01,9.61,9.831710764543828,11.518645473100772
Rhinovirus,2026-06-29,2026-07-06,1,9.6,10.11,8.978023476834935,10.693451318001447
Rhinovirus,2026-06-29,2026-07-13,2,9.18,9.06,8.941668714167962,10.51554464418268
Rhinovirus,2026-06-29,2026-07-20,3,10.01,9.61,9.19161680942398,10.269104492644418
Rhinovirus,2026-06-29,2026-07-27,4,7.63,8.46,7.684084271650528,8.728816043012753
RSV,2025-07-07,2025-07-14,1,0.11,0.37,-0.26849482601146524,1.0267133437294762
RSV,2025-07-07,2025-07-21,2,0.3,0.3,-0.2563480074794069,1.1633086498027436
RSV,2025-07-07,2025-07-28,3,0.19,0.34,-0.2201590783125389,1.0891322925621825
RSV,2025-07-07,2025-08-04,4,0.19,0.54,0.4067465653135902,1.1363456613571437
RSV,2025-07-14,2025-07-21,1,0.3,0.3,0.25933194348535915,0.7124041242718397
RSV,2025-07-14,2025-07-28,2,0.19,0.34,0.4336729664651305,0.5313141664721985
RSV,2025-07-14,2025-08-04,3,0.19,0.54,1.1540407781670785,0.4930021554817965
RSV,2025-07-14,2025-08-11,4,0.45,1.27,0.8452556981647765,-0.2009414338754989
RSV,2025-07-21,2025-07-28,1,0.19,0.34,0.5114951677977668,0.7839545702205213
RSV,2025-07-21,2025-08-04,2,0.19,0.54,0.8762877972336738,0.8184978771946672
RSV,2025-07-21,2025-08-11,3,0.45,1.27,1.249006495409672,0.18307824628502517
RSV,2025-07-21,2025-08-18,4,0.31,0.48,1.4100548251935043,-0.24964839491817015
RSV,2025-07-28,2025-08-04,1,0.19,0.54,0.431995821729783,0.8341373786800803
RSV,2025-07-28,2025-08-11,2,0.45,1.27,0.6962263794629195,0.21348874723495898
RSV,2025-07-28,2025-08-18,3,0.31,0.48,0.7950370681542336,-0.2073858643548804
RSV,2025-07-28,2025-08-25,4,0.23,0.62,1.1380155177964775,-0.32563474288015215
RSV,2025-08-04,2025-08-11,1,0.45,1.27,0.38467939900960824,0.12422363701677394
RSV,2025-08-04,2025-08-18,2,0.31,0.48,0.4017753017565586,-0.31260529312666485
RSV,2025-08-04,2025-08-25,3,0.23,0.62,0.6838215922662343,-0.44359286535055453
RSV,2025-08-04,2025-09-01,4,0.33,0.34,0.9469373395348772,-0.950927789468633
RSV,2025-08-11,2025-08-18,1,0.31,0.48,0.4994074071227721,0.7317393857797878
RSV,2025-08-11,2025-08-25,2,0.23,0.62,0.8243105135366418,0.8764964002974529
RSV,2025-08-11,2025-09-01,3,0.33,0.34,1.1093272875726066,0.5897621245541962
RSV,2025-08-11,2025-09-08,4,0.57,0.95,1.6086921478374525,0.9399565330241515
RSV,2025-08-18,2025-08-25,1,0.23,0.62,0.5694128199460482,0.851577434895721
RSV,2025-08-18,2025-09-01,2,0.33,0.34,0.6312202975995707,0.5651795578257628
RSV,2025-08-18,2025-09-08,3,0.57,0.95,0.9936353475764417,0.915642293788935
RSV,2025-08-18,2025-09-15,4,0.38,0.77,0.9698273108353699,0.6280418743215935
RSV,2025-08-25,2025-09-01,1,0.33,0.34,0.3233062570324119,0.21446428649554994
RSV,2025-08-25,2025-09-08,2,0.57,0.95,0.6724001802142658,0.47729013367029516
RSV,2025-08-25,2025-09-15,3,0.38,0.77,0.8432190418593875,0.11957698738255351
RSV,2025-08-25,2025-09-22,4,0.43,0.65,1.1425696868841402,0.5275425225710341
RSV,2025-09-01,2025-09-08,1,0.57,0.95,0.6816999730520261,0.9676694647920956
RSV,2025-09-01,2025-09-15,2,0.38,0.77,0.8547072620082332,0.7434538440629429
RSV,2025-09-01,2025-09-22,3,0.43,0.65,1.1553407530791815,1.2582235413601435
RSV,2025-09-01,2025-09-29,4,0.6,1.35,1.6938443719983551,2.2226174485928487
RSV,2025-09-08,2025-09-15,1,0.38,0.77,0.7748358634153352,0.46681252216441194
RSV,2025-09-08,2025-09-22,2,0.43,0.65,1.0353718582896825,0.9126315231977048
RSV,2025-09-08,2025-09-29,3,0.6,1.35,1.4890574418856057,1.8218703464045989
RSV,2025-09-08,2025-10-06,4,1.05,2.09,1.9605699126844471,2.590212800505231
RSV,2025-09-15,2025-09-22,1,0.43,0.65,0.490311364720863,1.0171780630945055
RSV,2025-09-15,2025-09-29,2,0.6,1.35,0.809498837767971,1.957163983606847
RSV,2025-09-15,2025-10-06,3,1.05,2.09,1.2042362255269614,2.7501081727655183
RSV,2025-09-15,2025-10-13,4,1.34,3.22,1.719183115143747,3.9220589251675073
RSV,2025-09-22,2025-09-29,1,0.6,1.35,0.8064781061574195,1.4302470412675283
RSV,2025-09-22,2025-10-06,2,1.05,2.09,1.2010749796963491,2.085479246271581
RSV,2025-09-22,2025-10-13,3,1.34,3.22,1.7820581917576979,3.1472645447910743
RSV,2025-09-22,2025-10-20,4,2.47,5,2.5548240543804783,4.71387737909274
RSV,2025-09-29,2025-10-06,1,1.05,2.09,0.9162021607487905,1.3552964967732346
RSV,2025-09-29,2025-10-13,2,1.34,3.22,1.4250255564105356,2.2341483659456713
RSV,2025-09-29,2025-10-20,3,2.47,5,2.1542644943949116,3.6539940797424757
RSV,2025-09-29,2025-10-27,4,2.8,6.62,2.84091221095996,4.242920057698559
RSV,2025-10-06,2025-10-13,1,1.34,3.22,1.609748851101299,2.25386604300255
RSV,2025-10-06,2025-10-20,2,2.47,5,2.384759305361365,3.6839118760403804
RSV,2025-10-06,2025-10-27,3,2.8,6.62,3.097615636206225,4.281166453663646
RSV,2025-10-06,2025-11-03,4,4.1,9.38,3.9823566240917616,4.895515829255115
RSV,2025-10-13,2025-10-20,1,2.47,5,2.009983358189147,3.006778430669117
RSV,2025-10-13,2025-10-27,2,2.8,6.62,2.6293073867891885,3.4306383848322604
RSV,2025-10-13,2025-11-03,3,4.1,9.38,3.4604538529301694,3.9062398422165403
RSV,2025-10-13,2025-11-10,4,6.7,11.78,4.297055056859527,5.227158606032116
RSV,2025-10-20,2025-10-27,1,2.8,6.62,3.2657490652329626,3.3136223037587094
RSV,2025-10-20,2025-11-03,2,4.1,9.38,4.255938905880177,3.7677563077170113
RSV,2025-10-20,2025-11-10,3,6.7,11.78,5.189770909012012,5.071437260637399
RSV,2025-10-20,2025-11-17,4,8.67,13.41,5.829646090664914,5.686811528363942
RSV,2025-10-27,2025-11-03,1,4.1,9.38,3.562298249929034,3.7153664060991494
RSV,2025-10-27,2025-11-10,2,6.7,11.78,4.344859852112645,5.013945005653117
RSV,2025-10-27,2025-11-17,3,8.67,13.41,4.9032806184722695,5.625166741428609
RSV,2025-10-27,2025-11-24,4,9.94,15.26,5.457803690965981,5.18741898617448
RSV,2025-11-03,2025-11-10,1,6.7,11.78,5.058543508131731,5.9828198661437035
RSV,2025-11-03,2025-11-17,2,8.67,13.41,5.774765400647624,6.854419239373836
RSV,2025-11-03,2025-11-24,3,9.94,15.26,6.421126995285164,6.624888560808207
RSV,2025-11-03,2025-12-01,4,10.86,12.91,6.122641128105602,5.238266181260519
RSV,2025-11-10,2025-11-17,1,8.67,13.41,8.032915933052228,7.953958168522984
RSV,2025-11-10,2025-11-24,2,9.94,15.26,9.229669574396407,8.019960854422727
RSV,2025-11-10,2025-12-01,3,10.86,12.91,9.2225315590168,6.869774470263478
RSV,2025-11-10,2025-12-08,4,10.01,11.54,9.129354585115722,5.803194450550119
RSV,2025-11-17,2025-11-24,1,9.94,15.26,10.110570159572715,8.805013996618786
RSV,2025-11-17,2025-12-01,2,10.86,12.91,10.323236182078649,7.864334379759258
RSV,2025-11-17,2025-12-08,3,10.01,11.54,10.355788480751137,6.965445351250898
RSV,2025-11-17,2025-12-15,4,10.12,9.26,9.951957806870439,6.364455683848516
RSV,2025-11-24,2025-12-01,1,10.86,12.91,10.186847318497684,8.81143858232685
RSV,2025-11-24,2025-12-08,2,10.01,11.54,10.249411567632185,8.157837616304962
RSV,2025-11-24,2025-12-15,3,10.12,9.26,9.822400881027376,7.753015783427952
RSV,2025-11-24,2025-12-22,4,10.09,7.38,9.179223902704953,6.989465392986066
RSV,2025-12-01,2025-12-08,1,10.01,11.54,10.508580009850759,9.850081025810455
RSV,2025-12-01,2025-12-15,2,10.12,9.26,10.339622952010409,9.874784451441098
RSV,2025-12-01,2025-12-22,3,10.09,7.38,9.54516015252713,9.454927914295894
RSV,2025-12-01,2025-12-29,4,8.62,5.95,8.56723329749514,8.937526279154223
RSV,2025-12-08,2025-12-15,1,10.12,9.26,9.688317638203527,8.86514224075945
RSV,2025-12-08,2025-12-22,2,10.09,7.38,8.754428111582133,8.17096607341175
RSV,2025-12-08,2025-12-29,3,8.62,5.95,7.707666431937023,7.433414212621408
RSV,2025-12-08,2026-01-05,4,7.22,4.84,6.890426003936543,6.80381449088198
RSV,2025-12-15,2025-12-22,1,10.09,7.38,9.348561209591718,8.528563531666478
RSV,2025-12-15,2025-12-29,2,8.62,5.95,8.463003479680786,7.869088713586656
RSV,2025-12-15,2026-01-05,3,7.22,4.84,7.756240553984892,7.301823242382376
RSV,2025-12-15,2026-01-12,4,6.6,4.37,6.9807577295831855,6.910502928980556
RSV,2025-12-22,2025-12-29,1,8.62,5.95,9.31563254426254,8.480934640899232
RSV,2025-12-22,2026-01-05,2,7.22,4.84,8.68210259220084,8.060601561003935
RSV,2025-12-22,2026-01-12,3,6.6,4.37,7.906888741886364,7.786696998309954
RSV,2025-12-22,2026-01-19,4,5.99,3.91,7.073141036747593,7.651748234371763
RSV,2025-12-29,2026-01-05,1,7.22,4.84,7.8796009548193835,6.842815190028723
RSV,2025-12-29,2026-01-12,2,6.6,4.37,6.98255381035534,6.231021290397523
RSV,2025-12-29,2026-01-19,3,5.99,3.91,6.162676436363057,5.8256453180493715
RSV,2025-12-29,2026-01-26,4,4.86,2.5,4.980854748430108,5.007402649099898
RSV,2026-01-05,2026-01-12,1,6.6,4.37,5.953076882296536,5.5047122017079575
RSV,2026-01-05,2026-01-19,2,5.99,3.91,4.700023176627009,4.890704861138559
RSV,2026-01-05,2026-01-26,3,4.86,2.5,3.159894073866342,3.9054400431800795
RSV,2026-01-05,2026-02-02,4,4.63,2.36,2.4126347768372423,3.795339176866679
RSV,2026-01-12,2026-01-19,1,5.99,3.91,5.730391145997608,5.218295764463445
RSV,2026-01-12,2026-01-26,2,4.86,2.5,4.784292763916475,4.307784635624764
RSV,2026-01-12,2026-02-02,3,4.63,2.36,4.167352528974007,4.257364352582439
RSV,2026-01-12,2026-02-09,4,3.62,2.35,3.661707349526717,3.9662502576352923
RSV,2026-01-19,2026-01-26,1,4.86,2.5,5.158721207097997,4.280650712779457
RSV,2026-01-19,2026-02-02,2,4.63,2.36,4.638537096549965,4.211324867029787
RSV,2026-01-19,2026-02-09,3,3.62,2.35,4.184124050753721,3.905075953060626
RSV,2026-01-19,2026-02-16,4,2.68,1.82,3.6865292113131267,3.574236774601938
RSV,2026-01-26,2026-02-02,1,4.63,2.36,4.225384525157804,4.030407815456177
RSV,2026-01-26,2026-02-09,2,3.62,2.35,3.675437862324554,3.6652765393282283
RSV,2026-01-26,2026-02-16,3,2.68,1.82,3.1188096904295493,3.2873274556510914
RSV,2026-01-26,2026-02-23,4,2.03,1.63,2.730242507509969,3.110889733891929
RSV,2026-02-02,2026-02-09,1,3.62,2.35,4.227555966440865,3.6191300254342686
RSV,2026-02-02,2026-02-16,2,2.68,1.82,3.8077007011634443,3.219139920361215
RSV,2026-02-02,2026-02-23,3,2.03,1.63,3.4746602595946756,3.0250634870286044
RSV,2026-02-02,2026-03-02,4,1.39,0.83,3.0948123839364827,2.916632614112631
RSV,2026-02-09,2026-02-16,1,2.68,1.82,2.9717101754318325,2.5614117938352594
RSV,2026-02-09,2026-02-23,2,2.03,1.63,2.4334583269843817,2.183053887674299
RSV,2026-02-09,2026-03-02,3,1.39,0.83,1.9370442386905,1.927194190312509
RSV,2026-02-09,2026-03-09,4,1.08,1.08,1.7525847914169321,1.5906727389989577
RSV,2026-02-16,2026-02-23,1,2.03,1.63,1.9215557423318055,1.8707483625454842
RSV,2026-02-16,2026-03-02,2,1.39,0.83,1.170321758972312,1.5244249102995955
RSV,2026-02-16,2026-03-09,3,1.08,1.08,0.7453458300052631,1.11546744942985
RSV,2026-02-16,2026-03-16,4,1.15,1.31,0.40983098719644284,0.8505438662933851
RSV,2026-02-23,2026-03-02,1,1.39,0.83,1.4148055064418612,1.4392616113275092
RSV,2026-02-23,2026-03-09,2,1.08,1.08,1.1490847978196213,1.002041840290922
RSV,2026-02-23,2026-03-16,3,1.15,1.31,1.0377302877285537,0.714513107081316
RSV,2026-02-23,2026-03-23,4,1.02,0.9,0.9259221101173152,0.29973650062781054
RSV,2026-03-02,2026-03-09,1,1.08,1.08,1.1321231839047026,0.8000336465390938
RSV,2026-03-02,2026-03-16,2,1.15,1.31,1.0070938845443669,0.45611734759731837
RSV,2026-03-02,2026-03-23,3,1.02,0.9,0.865797307924534,-0.0038825564183051497
RSV,2026-03-02,2026-03-30,4,1.1,1.19,0.9898888713396996,0.15485274454118647
RSV,2026-03-09,2026-03-16,1,1.15,1.31,0.9352772278063362,0.7490511874347829
RSV,2026-03-09,2026-03-23,2,1.02,0.9,0.7763477598945094,0.36870689098312415
RSV,2026-03-09,2026-03-30,3,1.1,1.19,0.8903523637712056,0.5913074255758861
RSV,2026-03-09,2026-04-06,4,0.62,0.64,0.9137725588019823,0.49496508707485587
RSV,2026-03-16,2026-03-23,1,1.02,0.9,1.071859771463525,0.8000305024224961
RSV,2026-03-16,2026-03-30,2,1.1,1.19,1.2583432402876107,1.1330677168238492
RSV,2026-03-16,2026-04-06,3,0.62,0.64,1.3229332869096169,1.1251140184382766
RSV,2026-03-16,2026-04-13,4,0.83,0.68,1.53948565849048,1.031873654416473
RSV,2026-03-23,2026-03-30,1,1.1,1.19,1.1870245010135152,1.3096221250322873
RSV,2026-03-23,2026-04-06,2,0.62,0.64,1.233987014834891,1.3405343363958115
RSV,2026-03-23,2026-04-13,3,0.83,0.68,1.4405136508203573,1.278429997266949
RSV,2026-03-23,2026-04-20,4,0.4,0.31,1.5866663096055746,1.0826065095695845
RSV,2026-03-30,2026-04-06,1,0.62,0.64,1.1142305462245896,1.0090075699821277
RSV,2026-03-30,2026-04-13,2,0.83,0.68,1.291427526713222,0.8591389125209372
RSV,2026-03-30,2026-04-20,3,0.4,0.31,1.4208571783366977,0.5931040626264492
RSV,2026-03-30,2026-04-27,4,0.42,0.44,1.681666326389046,0.7324817494207414
RSV,2026-04-06,2026-04-13,1,0.83,0.68,0.6114688533693937,0.4172139422147869
RSV,2026-04-06,2026-04-20,2,0.4,0.31,0.5738077420650765,0.01978745915305513
RSV,2026-04-06,2026-04-27,3,0.42,0.44,0.7395444313585844,0.054052655301528585
RSV,2026-04-06,2026-05-04,4,0.26,0.26,0.9025299265355375,0.24360431637482627
RSV,2026-04-13,2026-04-20,1,0.4,0.31,0.9179646552523071,0.6434232600071947
RSV,2026-04-13,2026-04-27,2,0.42,0.44,1.1648719599853505,0.8506474957464447
RSV,2026-04-13,2026-05-04,3,0.26,0.26,1.375454670045527,1.1785665923949944
RSV,2026-04-13,2026-05-11,4,0.31,0.19,1.6160558145126087,1.0306535219585191
RSV,2026-04-20,2026-04-27,1,0.42,0.44,0.4616445060127079,0.6161285780380301
RSV,2026-04-20,2026-05-04,2,0.26,0.26,0.5064393206384303,0.8806003176869357
RSV,2026-04-20,2026-05-11,3,0.31,0.19,0.6514491351076974,0.6819298766707629
RSV,2026-04-20,2026-05-18,4,0.34,0.27,0.8922036318916007,0.8338293082143724
RSV,2026-04-27,2026-05-04,1,0.26,0.26,0.4491720989791852,0.7520246278339213
RSV,2026-04-27,2026-05-11,2,0.31,0.19,0.5801255642284495,0.5137990209042815
RSV,2026-04-27,2026-05-18,3,0.34,0.27,0.8128446393017206,0.6344615648766037
RSV,2026-04-27,2026-05-25,4,0.24,0.32,1.0896131726740164,0.8785169228919512
RSV,2026-05-04,2026-05-11,1,0.31,0.19,0.3199155140589851,0.10251809235738518
RSV,2026-05-04,2026-05-18,2,0.34,0.27,0.4887584162497527,0.11664482337557036
RSV,2026-05-04,2026-05-25,3,0.24,0.32,0.7289807733395355,0.2755686951502003
RSV,2026-05-04,2026-06-01,4,0.37,0.16,0.9738839515491886,-0.05269656518526267
RSV,2026-05-11,2026-05-18,1,0.34,0.27,0.4855395883606435,0.6365651552746923
RSV,2026-05-11,2026-05-25,2,0.24,0.32,0.7291309951274396,0.9372916248750762
RSV,2026-05-11,2026-06-01,3,0.37,0.16,0.980740083152408,0.7225755404457219
RSV,2026-05-11,2026-06-08,4,0.41,0.26,1.3145105654628093,0.8908095262112181
RSV,2026-05-18,2026-05-25,1,0.24,0.32,0.5261924579843509,0.7979308023442755
RSV,2026-05-18,2026-06-01,2,0.37,0.16,0.7235189858414177,0.5471218511052292
RSV,2026-05-18,2026-06-08,3,0.41,0.26,1.0496709203543566,0.6865996777476493
RSV,2026-05-18,2026-06-15,4,0.16,0.17,1.2694735283427745,0.7544027002752864
RSV,2026-05-25,2026-06-01,1,0.37,0.16,0.3299502533357579,0.15037979563485893
RSV,2026-05-25,2026-06-08,2,0.41,0.26,0.5595624994503137,0.18502250645093188
RSV,2026-05-25,2026-06-15,3,0.16,0.17,0.7239758594661225,0.16908750177662535
RSV,2026-05-25,2026-06-22,4,0.24,0.18,1.0055887902933067,0.15795962030899613
RSV,2026-06-01,2026-06-08,1,0.41,0.26,0.614633864131485,0.7813908773605869
RSV,2026-06-01,2026-06-15,2,0.16,0.17,0.7925154331736759,0.9282682865833929
RSV,2026-06-01,2026-06-22,3,0.24,0.18,1.0818370071589491,1.0471075240600254
RSV,2026-06-01,2026-06-29,4,0.15,0.19,1.3838050538273725,1.5740920488010886
RSV,2026-06-08,2026-06-15,1,0.16,0.17,0.5905601822615347,0.7155772737031758
RSV,2026-06-08,2026-06-22,2,0.24,0.18,0.8357849059378872,0.7783146354558497
RSV,2026-06-08,2026-06-29,3,0.15,0.19,1.12321261707369,1.2604230802374508
RSV,2026-06-08,2026-07-06,4,0.32,0.56,1.5062325791569728,2.0390253858553553
RSV,2026-06-15,2026-06-22,1,0.24,0.18,0.2542086458397872,0.4226349012704602
RSV,2026-06-15,2026-06-29,2,0.15,0.19,0.39644116709202804,0.808253000110313
RSV,2026-06-15,2026-07-06,3,0.32,0.56,0.7035885714037029,1.509664853896032
RSV,2026-06-15,2026-07-13,4,0.43,0.11,0.8334906970839389,1.5690031904973798
RSV,2026-06-22,2026-06-29,1,0.15,0.19,0.38066416245039125,0.8936110057737849
RSV,2026-06-22,2026-07-06,2,0.32,0.56,0.712833565725218,1.6225036584532642
RSV,2026-06-22,2026-07-13,3,0.43,0.11,0.8468299617220678,1.703831582932398
RSV,2026-06-22,2026-07-20,4,0.26,0.3,1.1714769083982564,1.9949180588547664
RSV,2026-06-29,2026-07-06,1,0.32,0.56,0.39575853401223293,1.1054423430382463
RSV,2026-06-29,2026-07-13,2,0.43,0.11,0.45170099937118646,1.0503348045964447
RSV,2026-06-29,2026-07-20,3,0.26,0.3,0.7317678126377349,1.2322800811056553
RSV,2026-06-29,2026-07-27,4,0.21,0.19,0.9971154560137907,1.1825752047397513
