date,year,epiweek,disease,positivity,in_reporting_delay_period
2017-07-03,2017,27,Adenovirus,4.64,FALSE
2017-07-10,2017,28,Adenovirus,4.73,FALSE
2017-07-17,2017,29,Adenovirus,4.87,FALSE
2017-07-24,2017,30,Adenovirus,4.58,FALSE
2017-07-31,2017,31,Adenovirus,5.25,FALSE
2017-08-07,2017,32,Adenovirus,4.36,FALSE
2017-08-14,2017,33,Adenovirus,3.89,FALSE
2017-08-21,2017,34,Adenovirus,3.36,FALSE
2017-08-28,2017,35,Adenovirus,3.81,FALSE
2017-09-04,2017,36,Adenovirus,3.3,FALSE
2017-09-11,2017,37,Adenovirus,3.05,FALSE
2017-09-18,2017,38,Adenovirus,3.08,FALSE
2017-09-25,2017,39,Adenovirus,3.23,FALSE
2017-10-02,2017,40,Adenovirus,2.02,FALSE
2017-10-09,2017,41,Adenovirus,4.14,FALSE
2017-10-16,2017,42,Adenovirus,3.44,FALSE
2017-10-23,2017,43,Adenovirus,3.22,FALSE
2017-10-30,2017,44,Adenovirus,3.46,FALSE
2017-11-06,2017,45,Adenovirus,3.57,FALSE
2017-11-13,2017,46,Adenovirus,3.16,FALSE
2017-11-20,2017,47,Adenovirus,3.6,FALSE
2017-11-27,2017,48,Adenovirus,2.27,FALSE
2017-12-04,2017,49,Adenovirus,2.64,FALSE
2017-12-11,2017,50,Adenovirus,2.47,FALSE
2017-12-18,2017,51,Adenovirus,2.4,FALSE
2017-12-25,2017,52,Adenovirus,2.12,FALSE
2018-01-01,2018,1,Adenovirus,2.11,FALSE
2018-01-08,2018,2,Adenovirus,1.87,FALSE
2018-01-15,2018,3,Adenovirus,2.23,FALSE
2018-01-22,2018,4,Adenovirus,2.46,FALSE
2018-01-29,2018,5,Adenovirus,2.23,FALSE
2018-02-05,2018,6,Adenovirus,2.81,FALSE
2018-02-12,2018,7,Adenovirus,3.32,FALSE
2018-02-19,2018,8,Adenovirus,2.94,FALSE
2018-02-26,2018,9,Adenovirus,3.35,FALSE
2018-03-05,2018,10,Adenovirus,3.41,FALSE
2018-03-12,2018,11,Adenovirus,2.94,FALSE
2018-03-19,2018,12,Adenovirus,3.79,FALSE
2018-03-26,2018,13,Adenovirus,4.84,FALSE
2018-04-02,2018,14,Adenovirus,4.31,FALSE
2018-04-09,2018,15,Adenovirus,5.03,FALSE
2018-04-16,2018,16,Adenovirus,3.99,FALSE
2018-04-23,2018,17,Adenovirus,3.99,FALSE
2018-04-30,2018,18,Adenovirus,5.03,FALSE
2018-05-07,2018,19,Adenovirus,4.76,FALSE
2018-05-14,2018,20,Adenovirus,3.94,FALSE
2018-05-21,2018,21,Adenovirus,3.72,FALSE
2018-05-28,2018,22,Adenovirus,4.31,FALSE
2018-06-04,2018,23,Adenovirus,5.1,FALSE
2018-06-11,2018,24,Adenovirus,4.01,FALSE
2018-06-18,2018,25,Adenovirus,4.74,FALSE
2018-06-25,2018,26,Adenovirus,4.78,FALSE
2018-07-02,2018,27,Adenovirus,4.58,FALSE
2018-07-09,2018,28,Adenovirus,4.5,FALSE
2018-07-16,2018,29,Adenovirus,3.37,FALSE
2018-07-23,2018,30,Adenovirus,3.1,FALSE
2018-07-30,2018,31,Adenovirus,3.13,FALSE
2018-08-06,2018,32,Adenovirus,3.33,FALSE
2018-08-13,2018,33,Adenovirus,2.13,FALSE
2018-08-20,2018,34,Adenovirus,2.17,FALSE
2018-08-27,2018,35,Adenovirus,2.78,FALSE
2018-09-03,2018,36,Adenovirus,3.19,FALSE
2018-09-10,2018,37,Adenovirus,2.5,FALSE
2018-09-17,2018,38,Adenovirus,2.92,FALSE
2018-09-24,2018,39,Adenovirus,2.09,FALSE
2018-10-01,2018,40,Adenovirus,1.85,FALSE
2018-10-08,2018,41,Adenovirus,2.82,FALSE
2018-10-15,2018,42,Adenovirus,3.06,FALSE
2018-10-22,2018,43,Adenovirus,3.1,FALSE
2018-10-29,2018,44,Adenovirus,3.56,FALSE
2018-11-05,2018,45,Adenovirus,3.58,FALSE
2018-11-12,2018,46,Adenovirus,2.81,FALSE
2018-11-19,2018,47,Adenovirus,2.33,FALSE
2018-11-26,2018,48,Adenovirus,2.5,FALSE
2018-12-03,2018,49,Adenovirus,2.8,FALSE
2018-12-10,2018,50,Adenovirus,2.82,FALSE
2018-12-17,2018,51,Adenovirus,3.39,FALSE
2018-12-24,2018,52,Adenovirus,2.59,FALSE
2018-12-31,2018,1,Adenovirus,1.89,FALSE
2019-01-07,2019,2,Adenovirus,2.26,FALSE
2019-01-14,2019,3,Adenovirus,2.45,FALSE
2019-01-21,2019,4,Adenovirus,2.69,FALSE
2019-01-28,2019,5,Adenovirus,2.68,FALSE
2019-02-04,2019,6,Adenovirus,2.58,FALSE
2019-02-11,2019,7,Adenovirus,2.46,FALSE
2019-02-18,2019,8,Adenovirus,3.11,FALSE
2019-02-25,2019,9,Adenovirus,3.49,FALSE
2019-03-04,2019,10,Adenovirus,4.04,FALSE
2019-03-11,2019,11,Adenovirus,4.27,FALSE
2019-03-18,2019,12,Adenovirus,5.28,FALSE
2019-03-25,2019,13,Adenovirus,4.51,FALSE
2019-04-01,2019,14,Adenovirus,4.69,FALSE
2019-04-08,2019,15,Adenovirus,4.43,FALSE
2019-04-15,2019,16,Adenovirus,3.72,FALSE
2019-04-22,2019,17,Adenovirus,3.96,FALSE
2019-04-29,2019,18,Adenovirus,5.21,FALSE
2019-05-06,2019,19,Adenovirus,4.35,FALSE
2019-05-13,2019,20,Adenovirus,4.64,FALSE
2019-05-20,2019,21,Adenovirus,4.07,FALSE
2019-05-27,2019,22,Adenovirus,4.62,FALSE
2019-06-03,2019,23,Adenovirus,4.52,FALSE
2019-06-10,2019,24,Adenovirus,5.38,FALSE
2019-06-17,2019,25,Adenovirus,4.78,FALSE
2019-06-24,2019,26,Adenovirus,3.9,FALSE
2019-07-01,2019,27,Adenovirus,4.37,FALSE
2019-07-08,2019,28,Adenovirus,5.27,FALSE
2019-07-15,2019,29,Adenovirus,4.77,FALSE
2019-07-22,2019,30,Adenovirus,5.11,FALSE
2019-07-29,2019,31,Adenovirus,3.55,FALSE
2019-08-05,2019,32,Adenovirus,4.2,FALSE
2019-08-12,2019,33,Adenovirus,3.11,FALSE
2019-08-19,2019,34,Adenovirus,3.6,FALSE
2019-08-26,2019,35,Adenovirus,3.74,FALSE
2019-09-02,2019,36,Adenovirus,3.21,FALSE
2019-09-09,2019,37,Adenovirus,3,FALSE
2019-09-16,2019,38,Adenovirus,2.18,FALSE
2019-09-23,2019,39,Adenovirus,2.52,FALSE
2019-09-30,2019,40,Adenovirus,2.48,FALSE
2019-10-07,2019,41,Adenovirus,2.67,FALSE
2019-10-14,2019,42,Adenovirus,2.83,FALSE
2019-10-21,2019,43,Adenovirus,2.26,FALSE
2019-10-28,2019,44,Adenovirus,2.66,FALSE
2019-11-04,2019,45,Adenovirus,2.42,FALSE
2019-11-11,2019,46,Adenovirus,2.31,FALSE
2019-11-18,2019,47,Adenovirus,2.94,FALSE
2019-11-25,2019,48,Adenovirus,2.47,FALSE
2019-12-02,2019,49,Adenovirus,2.16,FALSE
2019-12-09,2019,50,Adenovirus,2.52,FALSE
2019-12-16,2019,51,Adenovirus,2.14,FALSE
2019-12-23,2019,52,Adenovirus,2.19,FALSE
2019-12-30,2019,1,Adenovirus,2.24,FALSE
2020-01-06,2020,2,Adenovirus,2.36,FALSE
2020-01-13,2020,3,Adenovirus,3.45,FALSE
2020-01-20,2020,4,Adenovirus,3.6,FALSE
2020-01-27,2020,5,Adenovirus,3.62,FALSE
2020-02-03,2020,6,Adenovirus,3.41,FALSE
2020-02-10,2020,7,Adenovirus,3.04,FALSE
2020-02-17,2020,8,Adenovirus,4.58,FALSE
2020-02-24,2020,9,Adenovirus,2.55,FALSE
2020-03-02,2020,10,Adenovirus,3.36,FALSE
2020-03-09,2020,11,Adenovirus,2.72,FALSE
2020-03-16,2020,12,Adenovirus,2.7,FALSE
2020-03-23,2020,13,Adenovirus,1.75,FALSE
2020-03-30,2020,14,Adenovirus,1.01,FALSE
2020-04-06,2020,15,Adenovirus,1.07,FALSE
2020-04-13,2020,16,Adenovirus,1.02,FALSE
2020-04-20,2020,17,Adenovirus,0.66,FALSE
2020-04-27,2020,18,Adenovirus,0.82,FALSE
2020-05-04,2020,19,Adenovirus,1.01,FALSE
2020-05-11,2020,20,Adenovirus,1.17,FALSE
2020-05-18,2020,21,Adenovirus,1.46,FALSE
2020-05-25,2020,22,Adenovirus,0.36,FALSE
2020-06-01,2020,23,Adenovirus,0.68,FALSE
2020-06-08,2020,24,Adenovirus,1.01,FALSE
2020-06-15,2020,25,Adenovirus,1.55,FALSE
2020-06-22,2020,26,Adenovirus,1.56,FALSE
2020-06-29,2020,27,Adenovirus,1.83,FALSE
2020-07-06,2020,28,Adenovirus,2.45,FALSE
2020-07-13,2020,29,Adenovirus,1.88,FALSE
2020-07-20,2020,30,Adenovirus,1.89,FALSE
2020-07-27,2020,31,Adenovirus,1.04,FALSE
2020-08-03,2020,32,Adenovirus,1.41,FALSE
2020-08-10,2020,33,Adenovirus,1.1,FALSE
2020-08-17,2020,34,Adenovirus,1.16,FALSE
2020-08-24,2020,35,Adenovirus,1.14,FALSE
2020-08-31,2020,36,Adenovirus,1.51,FALSE
2020-09-07,2020,37,Adenovirus,1.14,FALSE
2020-09-14,2020,38,Adenovirus,1.47,FALSE
2020-09-21,2020,39,Adenovirus,1.61,FALSE
2020-09-28,2020,40,Adenovirus,1.64,FALSE
2020-10-05,2020,41,Adenovirus,1.89,FALSE
2020-10-12,2020,42,Adenovirus,2.07,FALSE
2020-10-19,2020,43,Adenovirus,2.16,FALSE
2020-10-26,2020,44,Adenovirus,2.53,FALSE
2020-11-02,2020,45,Adenovirus,2.64,FALSE
2020-11-09,2020,46,Adenovirus,1.8,FALSE
2020-11-16,2020,47,Adenovirus,2.55,FALSE
2020-11-23,2020,48,Adenovirus,1.59,FALSE
2020-11-30,2020,49,Adenovirus,2.06,FALSE
2020-12-07,2020,50,Adenovirus,2.32,FALSE
2020-12-14,2020,51,Adenovirus,1.8,FALSE
2020-12-21,2020,52,Adenovirus,1.95,FALSE
2020-12-28,2020,53,Adenovirus,2.63,FALSE
2021-01-04,2021,1,Adenovirus,1.82,FALSE
2021-01-11,2021,2,Adenovirus,1.69,FALSE
2021-01-18,2021,3,Adenovirus,2.07,FALSE
2021-01-25,2021,4,Adenovirus,1.35,FALSE
2021-02-01,2021,5,Adenovirus,2.11,FALSE
2021-02-08,2021,6,Adenovirus,1.25,FALSE
2021-02-15,2021,7,Adenovirus,1.93,FALSE
2021-02-22,2021,8,Adenovirus,1.82,FALSE
2021-03-01,2021,9,Adenovirus,1.54,FALSE
2021-03-08,2021,10,Adenovirus,2.28,FALSE
2021-03-15,2021,11,Adenovirus,1.93,FALSE
2021-03-22,2021,12,Adenovirus,2.02,FALSE
2021-03-29,2021,13,Adenovirus,2.42,FALSE
2021-04-05,2021,14,Adenovirus,1.75,FALSE
2021-04-12,2021,15,Adenovirus,2.45,FALSE
2021-04-19,2021,16,Adenovirus,2.15,FALSE
2021-04-26,2021,17,Adenovirus,3.58,FALSE
2021-05-03,2021,18,Adenovirus,3.02,FALSE
2021-05-10,2021,19,Adenovirus,2.15,FALSE
2021-05-17,2021,20,Adenovirus,2.35,FALSE
2021-05-24,2021,21,Adenovirus,2.07,FALSE
2021-05-31,2021,22,Adenovirus,3.07,FALSE
2021-06-07,2021,23,Adenovirus,2.72,FALSE
2021-06-14,2021,24,Adenovirus,2.44,FALSE
2021-06-21,2021,25,Adenovirus,2,FALSE
2021-06-28,2021,26,Adenovirus,1.74,FALSE
2021-07-05,2021,27,Adenovirus,1.88,FALSE
2021-07-12,2021,28,Adenovirus,1.55,FALSE
2021-07-19,2021,29,Adenovirus,1.73,FALSE
2021-07-26,2021,30,Adenovirus,1.68,FALSE
2021-08-02,2021,31,Adenovirus,1.61,FALSE
2021-08-09,2021,32,Adenovirus,1.58,FALSE
2021-08-16,2021,33,Adenovirus,1.46,FALSE
2021-08-23,2021,34,Adenovirus,1.36,FALSE
2021-08-30,2021,35,Adenovirus,1.21,FALSE
2021-09-06,2021,36,Adenovirus,1.5,FALSE
2021-09-13,2021,37,Adenovirus,1.07,FALSE
2021-09-20,2021,38,Adenovirus,0.94,FALSE
2021-09-27,2021,39,Adenovirus,1.75,FALSE
2021-10-04,2021,40,Adenovirus,1.38,FALSE
2021-10-11,2021,41,Adenovirus,1.35,FALSE
2021-10-18,2021,42,Adenovirus,1.96,FALSE
2021-10-25,2021,43,Adenovirus,1.79,FALSE
2021-11-01,2021,44,Adenovirus,1.85,FALSE
2021-11-08,2021,45,Adenovirus,2.21,FALSE
2021-11-15,2021,46,Adenovirus,2.72,FALSE
2021-11-22,2021,47,Adenovirus,2.96,FALSE
2021-11-29,2021,48,Adenovirus,2.13,FALSE
2021-12-06,2021,49,Adenovirus,3.14,FALSE
2021-12-13,2021,50,Adenovirus,2.89,FALSE
2021-12-20,2021,51,Adenovirus,2.67,FALSE
2021-12-27,2021,52,Adenovirus,3.03,FALSE
2022-01-03,2022,1,Adenovirus,2.11,FALSE
2022-01-10,2022,2,Adenovirus,2.11,FALSE
2022-01-17,2022,3,Adenovirus,2.68,FALSE
2022-01-24,2022,4,Adenovirus,4.02,FALSE
2022-01-31,2022,5,Adenovirus,2.59,FALSE
2022-02-07,2022,6,Adenovirus,3.02,FALSE
2022-02-14,2022,7,Adenovirus,3.87,FALSE
2022-02-21,2022,8,Adenovirus,3.21,FALSE
2022-02-28,2022,9,Adenovirus,4.29,FALSE
2022-03-07,2022,10,Adenovirus,2.67,FALSE
2022-03-14,2022,11,Adenovirus,2.64,FALSE
2022-03-21,2022,12,Adenovirus,2.69,FALSE
2022-03-28,2022,13,Adenovirus,2.48,FALSE
2022-04-04,2022,14,Adenovirus,3.44,FALSE
2022-04-11,2022,15,Adenovirus,3.29,FALSE
2022-04-18,2022,16,Adenovirus,4.2,FALSE
2022-04-25,2022,17,Adenovirus,4.25,FALSE
2022-05-02,2022,18,Adenovirus,4.11,FALSE
2022-05-09,2022,19,Adenovirus,2.5,FALSE
2022-05-16,2022,20,Adenovirus,3.92,FALSE
2022-05-23,2022,21,Adenovirus,3.26,FALSE
2022-05-30,2022,22,Adenovirus,4.1,FALSE
2022-06-06,2022,23,Adenovirus,3.81,FALSE
2022-06-13,2022,24,Adenovirus,3.95,FALSE
2022-06-20,2022,25,Adenovirus,3.81,FALSE
2022-06-27,2022,26,Adenovirus,3.37,FALSE
2022-07-04,2022,27,Adenovirus,4.19,FALSE
2022-07-11,2022,28,Adenovirus,4.7,FALSE
2022-07-18,2022,29,Adenovirus,6.25,FALSE
2022-07-25,2022,30,Adenovirus,5.43,FALSE
2022-08-01,2022,31,Adenovirus,5.06,FALSE
2022-08-08,2022,32,Adenovirus,4.79,FALSE
2022-08-15,2022,33,Adenovirus,4.22,FALSE
2022-08-22,2022,34,Adenovirus,4.03,FALSE
2022-08-29,2022,35,Adenovirus,3.3,FALSE
2022-09-05,2022,36,Adenovirus,2.78,FALSE
2022-09-12,2022,37,Adenovirus,2.98,FALSE
2022-09-19,2022,38,Adenovirus,2.37,FALSE
2022-09-26,2022,39,Adenovirus,1.79,FALSE
2022-10-03,2022,40,Adenovirus,2.37,FALSE
2022-10-10,2022,41,Adenovirus,2.27,FALSE
2022-10-17,2022,42,Adenovirus,2.3,FALSE
2022-10-24,2022,43,Adenovirus,2.43,FALSE
2022-10-31,2022,44,Adenovirus,3.18,FALSE
2022-11-07,2022,45,Adenovirus,3.78,FALSE
2022-11-14,2022,46,Adenovirus,3.18,FALSE
2022-11-21,2022,47,Adenovirus,3.07,FALSE
2022-11-28,2022,48,Adenovirus,2.96,FALSE
2022-12-05,2022,49,Adenovirus,3.3,FALSE
2022-12-12,2022,50,Adenovirus,2.83,FALSE
2022-12-19,2022,51,Adenovirus,2.75,FALSE
2022-12-26,2022,52,Adenovirus,3.23,FALSE
2023-01-02,2023,1,Adenovirus,2.6,FALSE
2023-01-09,2023,2,Adenovirus,2.78,FALSE
2023-01-16,2023,3,Adenovirus,3.8,FALSE
2023-01-23,2023,4,Adenovirus,3.69,FALSE
2023-01-30,2023,5,Adenovirus,3.45,FALSE
2023-02-06,2023,6,Adenovirus,4.06,FALSE
2023-02-13,2023,7,Adenovirus,3.93,FALSE
2023-02-20,2023,8,Adenovirus,4.85,FALSE
2023-02-27,2023,9,Adenovirus,4.1,FALSE
2023-03-06,2023,10,Adenovirus,2.98,FALSE
2023-03-13,2023,11,Adenovirus,4.08,FALSE
2023-03-20,2023,12,Adenovirus,3.77,FALSE
2023-03-27,2023,13,Adenovirus,3.89,FALSE
2023-04-03,2023,14,Adenovirus,3.51,FALSE
2023-04-10,2023,15,Adenovirus,3.69,FALSE
2023-04-17,2023,16,Adenovirus,3.62,FALSE
2023-04-24,2023,17,Adenovirus,3.26,FALSE
2023-05-01,2023,18,Adenovirus,2.94,FALSE
2023-05-08,2023,19,Adenovirus,2.7,FALSE
2023-05-15,2023,20,Adenovirus,2.87,FALSE
2023-05-22,2023,21,Adenovirus,2.4,FALSE
2023-05-29,2023,22,Adenovirus,1.85,FALSE
2023-06-05,2023,23,Adenovirus,2.19,FALSE
2023-06-12,2023,24,Adenovirus,2.36,FALSE
2023-06-19,2023,25,Adenovirus,2.31,FALSE
2023-06-26,2023,26,Adenovirus,1.97,FALSE
2023-07-03,2023,27,Adenovirus,1.49,FALSE
2023-07-10,2023,28,Adenovirus,2.29,FALSE
2023-07-17,2023,29,Adenovirus,1.76,FALSE
2023-07-24,2023,30,Adenovirus,2.01,FALSE
2023-07-31,2023,31,Adenovirus,1.66,FALSE
2023-08-07,2023,32,Adenovirus,1.91,FALSE
2023-08-14,2023,33,Adenovirus,1.73,FALSE
2023-08-21,2023,34,Adenovirus,1.76,FALSE
2023-08-28,2023,35,Adenovirus,1.82,FALSE
2023-09-04,2023,36,Adenovirus,1.29,FALSE
2023-09-11,2023,37,Adenovirus,1.77,FALSE
2023-09-18,2023,38,Adenovirus,1.38,FALSE
2023-09-25,2023,39,Adenovirus,1.52,FALSE
2023-10-02,2023,40,Adenovirus,1.81,FALSE
2023-10-09,2023,41,Adenovirus,1.65,FALSE
2023-10-16,2023,42,Adenovirus,1.62,FALSE
2023-10-23,2023,43,Adenovirus,2.29,FALSE
2023-10-30,2023,44,Adenovirus,1.98,FALSE
2023-11-06,2023,45,Adenovirus,2.06,FALSE
2023-11-13,2023,46,Adenovirus,1.96,FALSE
2023-11-20,2023,47,Adenovirus,1.72,FALSE
2023-11-27,2023,48,Adenovirus,1.8,FALSE
2023-12-04,2023,49,Adenovirus,1.58,FALSE
2023-12-11,2023,50,Adenovirus,1.47,FALSE
2023-12-18,2023,51,Adenovirus,1.69,FALSE
2023-12-25,2023,52,Adenovirus,1.61,FALSE
2024-01-01,2024,1,Adenovirus,1.72,FALSE
2024-01-08,2024,2,Adenovirus,1.59,FALSE
2024-01-15,2024,3,Adenovirus,1.72,FALSE
2024-01-22,2024,4,Adenovirus,1.82,FALSE
2024-01-29,2024,5,Adenovirus,1.9,FALSE
2024-02-05,2024,6,Adenovirus,1.79,FALSE
2024-02-12,2024,7,Adenovirus,1.98,FALSE
2024-02-19,2024,8,Adenovirus,2.21,FALSE
2024-02-26,2024,9,Adenovirus,1.77,FALSE
2024-03-04,2024,10,Adenovirus,1.96,FALSE
2024-03-11,2024,11,Adenovirus,2.07,FALSE
2024-03-18,2024,12,Adenovirus,1.85,FALSE
2024-03-25,2024,13,Adenovirus,2.39,FALSE
2024-04-01,2024,14,Adenovirus,1.91,FALSE
2024-04-08,2024,15,Adenovirus,2.1,FALSE
2024-04-15,2024,16,Adenovirus,1.64,FALSE
2024-04-22,2024,17,Adenovirus,1.78,FALSE
2024-04-29,2024,18,Adenovirus,1.73,FALSE
2024-05-06,2024,19,Adenovirus,2.18,FALSE
2024-05-13,2024,20,Adenovirus,1.62,FALSE
2024-05-20,2024,21,Adenovirus,1.47,FALSE
2024-05-27,2024,22,Adenovirus,1.78,FALSE
2024-06-03,2024,23,Adenovirus,2.52,FALSE
2024-06-10,2024,24,Adenovirus,1.82,FALSE
2024-06-17,2024,25,Adenovirus,1.55,FALSE
2024-06-24,2024,26,Adenovirus,1.88,FALSE
2024-07-01,2024,27,Adenovirus,1.9,FALSE
2024-07-08,2024,28,Adenovirus,1.48,FALSE
2024-07-15,2024,29,Adenovirus,1.75,FALSE
2024-07-22,2024,30,Adenovirus,1.88,FALSE
2024-07-29,2024,31,Adenovirus,1.56,FALSE
2024-08-05,2024,32,Adenovirus,1.54,FALSE
2024-08-12,2024,33,Adenovirus,1.54,FALSE
2024-08-19,2024,34,Adenovirus,1.6,FALSE
2024-08-26,2024,35,Adenovirus,1.54,FALSE
2024-09-02,2024,36,Adenovirus,1.17,FALSE
2024-09-09,2024,37,Adenovirus,1.07,FALSE
2024-09-16,2024,38,Adenovirus,1.43,FALSE
2024-09-23,2024,39,Adenovirus,1.7,FALSE
2024-09-30,2024,40,Adenovirus,1.47,FALSE
2024-10-07,2024,41,Adenovirus,1.76,FALSE
2024-10-14,2024,42,Adenovirus,1.62,FALSE
2024-10-21,2024,43,Adenovirus,1.93,FALSE
2024-10-28,2024,44,Adenovirus,1.65,FALSE
2024-11-04,2024,45,Adenovirus,1.91,FALSE
2024-11-11,2024,46,Adenovirus,2.51,FALSE
2024-11-18,2024,47,Adenovirus,1.87,FALSE
2024-11-25,2024,48,Adenovirus,1.7,FALSE
2024-12-02,2024,49,Adenovirus,1.94,FALSE
2024-12-09,2024,50,Adenovirus,1.98,FALSE
2024-12-16,2024,51,Adenovirus,2.51,FALSE
2024-12-23,2024,52,Adenovirus,1.62,FALSE
2024-12-30,2024,1,Adenovirus,1.76,FALSE
2025-01-06,2025,2,Adenovirus,1.72,FALSE
2025-01-13,2025,3,Adenovirus,1.94,FALSE
2025-01-20,2025,4,Adenovirus,1.95,FALSE
2025-01-27,2025,5,Adenovirus,2.68,FALSE
2025-02-03,2025,6,Adenovirus,3.03,FALSE
2025-02-10,2025,7,Adenovirus,3.06,FALSE
2025-02-17,2025,8,Adenovirus,3.4,FALSE
2025-02-24,2025,9,Adenovirus,3.13,FALSE
2025-03-03,2025,10,Adenovirus,3.29,FALSE
2025-03-10,2025,11,Adenovirus,2.59,FALSE
2025-03-17,2025,12,Adenovirus,2.63,FALSE
2025-03-24,2025,13,Adenovirus,3.07,FALSE
2025-03-31,2025,14,Adenovirus,2.91,FALSE
2025-04-07,2025,15,Adenovirus,4.05,FALSE
2025-04-14,2025,16,Adenovirus,3.84,FALSE
2025-04-21,2025,17,Adenovirus,3.28,FALSE
2025-04-28,2025,18,Adenovirus,2.86,FALSE
2025-05-05,2025,19,Adenovirus,3.18,FALSE
2025-05-12,2025,20,Adenovirus,2.94,FALSE
2025-05-19,2025,21,Adenovirus,2.63,FALSE
2025-05-26,2025,22,Adenovirus,2.36,FALSE
2025-06-02,2025,23,Adenovirus,2.17,FALSE
2025-06-09,2025,24,Adenovirus,2.15,FALSE
2025-06-16,2025,25,Adenovirus,2.21,FALSE
2025-06-23,2025,26,Adenovirus,2.66,FALSE
2025-06-30,2025,27,Adenovirus,2.28,FALSE
2025-07-07,2025,28,Adenovirus,2.42,FALSE
2025-07-14,2025,29,Adenovirus,2.31,FALSE
2025-07-21,2025,30,Adenovirus,2.02,FALSE
2025-07-28,2025,31,Adenovirus,1.84,FALSE
2025-08-04,2025,32,Adenovirus,1.62,FALSE
2025-08-11,2025,33,Adenovirus,1.74,FALSE
2025-08-18,2025,34,Adenovirus,1.24,FALSE
2025-08-25,2025,35,Adenovirus,1.32,FALSE
2025-09-01,2025,36,Adenovirus,1.47,FALSE
2025-09-08,2025,37,Adenovirus,1.17,FALSE
2025-09-15,2025,38,Adenovirus,1.33,FALSE
2025-09-22,2025,39,Adenovirus,2.82,FALSE
2025-09-29,2025,40,Adenovirus,2.19,FALSE
2025-10-06,2025,41,Adenovirus,1.47,FALSE
2025-10-13,2025,42,Adenovirus,1.7,FALSE
2025-10-20,2025,43,Adenovirus,1.78,FALSE
2025-10-27,2025,44,Adenovirus,1.72,FALSE
2025-11-03,2025,45,Adenovirus,2.01,FALSE
2025-11-10,2025,46,Adenovirus,2.15,FALSE
2025-11-17,2025,47,Adenovirus,1.16,FALSE
2025-11-24,2025,48,Adenovirus,1.97,FALSE
2025-12-01,2025,49,Adenovirus,1.61,FALSE
2025-12-08,2025,50,Adenovirus,1.23,FALSE
2025-12-15,2025,51,Adenovirus,1.77,FALSE
2025-12-22,2025,52,Adenovirus,1.8,FALSE
2025-12-29,2025,1,Adenovirus,1.47,FALSE
2026-01-05,2026,2,Adenovirus,1.24,FALSE
2026-01-12,2026,3,Adenovirus,1.36,FALSE
2026-01-19,2026,4,Adenovirus,1.92,FALSE
2026-01-26,2026,5,Adenovirus,2.22,FALSE
2026-02-02,2026,6,Adenovirus,3.09,FALSE
2026-02-09,2026,7,Adenovirus,3.74,FALSE
2026-02-16,2026,8,Adenovirus,4.67,FALSE
2026-02-23,2026,9,Adenovirus,3.66,FALSE
2026-03-02,2026,10,Adenovirus,3.09,FALSE
2026-03-09,2026,11,Adenovirus,3.15,FALSE
2026-03-16,2026,12,Adenovirus,4.18,FALSE
2026-03-23,2026,13,Adenovirus,4.62,FALSE
2026-03-30,2026,14,Adenovirus,4.77,FALSE
2026-04-06,2026,15,Adenovirus,4.49,FALSE
2026-04-13,2026,16,Adenovirus,4.88,FALSE
2026-04-20,2026,17,Adenovirus,3.51,FALSE
2026-04-27,2026,18,Adenovirus,2.98,FALSE
2026-05-04,2026,19,Adenovirus,2.21,FALSE
2026-05-11,2026,20,Adenovirus,2.25,FALSE
2026-05-18,2026,21,Adenovirus,2.24,FALSE
2026-05-25,2026,22,Adenovirus,2.63,FALSE
2026-06-01,2026,23,Adenovirus,2.62,FALSE
2026-06-08,2026,24,Adenovirus,3.25,FALSE
2026-06-15,2026,25,Adenovirus,3.3,FALSE
2026-06-22,2026,26,Adenovirus,2.36,FALSE
2026-06-29,2026,27,Adenovirus,1.79,FALSE
2026-07-06,2026,28,Adenovirus,2.13,FALSE
2026-07-13,2026,29,Adenovirus,2.76,FALSE
2026-07-20,2026,30,Adenovirus,1.98,FALSE
2026-07-27,2026,31,Adenovirus,2.18,FALSE
2026-08-03,2026,32,Adenovirus,1.74,FALSE
2026-08-10,2026,33,Adenovirus,1.66,FALSE
2026-08-17,2026,34,Adenovirus,1.05,FALSE
2026-08-24,2026,35,Adenovirus,1.05,FALSE
2026-08-31,2026,36,Adenovirus,1.26,FALSE
2026-09-07,2026,37,Adenovirus,1.6,FALSE
2026-09-14,2026,38,Adenovirus,0.69,FALSE
2017-07-03,2017,27,Influenza,1.71,FALSE
2017-07-10,2017,28,Influenza,1.22,FALSE
2017-07-17,2017,29,Influenza,0.8,FALSE
2017-07-24,2017,30,Influenza,0.73,FALSE
2017-07-31,2017,31,Influenza,1.25,FALSE
2017-08-07,2017,32,Influenza,0.97,FALSE
2017-08-14,2017,33,Influenza,1.25,FALSE
2017-08-21,2017,34,Influenza,0.86,FALSE
2017-08-28,2017,35,Influenza,1.12,FALSE
2017-09-04,2017,36,Influenza,2.42,FALSE
2017-09-11,2017,37,Influenza,2.84,FALSE
2017-09-18,2017,38,Influenza,2,FALSE
2017-09-25,2017,39,Influenza,1.52,FALSE
2017-10-02,2017,40,Influenza,1.71,FALSE
2017-10-09,2017,41,Influenza,1.89,FALSE
2017-10-16,2017,42,Influenza,1.74,FALSE
2017-10-23,2017,43,Influenza,1.32,FALSE
2017-10-30,2017,44,Influenza,1.03,FALSE
2017-11-06,2017,45,Influenza,1.14,FALSE
2017-11-13,2017,46,Influenza,1.85,FALSE
2017-11-20,2017,47,Influenza,3.42,FALSE
2017-11-27,2017,48,Influenza,3.27,FALSE
2017-12-04,2017,49,Influenza,7.44,FALSE
2017-12-11,2017,50,Influenza,9.78,FALSE
2017-12-18,2017,51,Influenza,19.9,FALSE
2017-12-25,2017,52,Influenza,25.71,FALSE
2018-01-01,2018,1,Influenza,25.57,FALSE
2018-01-08,2018,2,Influenza,25.36,FALSE
2018-01-15,2018,3,Influenza,24.05,FALSE
2018-01-22,2018,4,Influenza,24.52,FALSE
2018-01-29,2018,5,Influenza,23.07,FALSE
2018-02-05,2018,6,Influenza,22.11,FALSE
2018-02-12,2018,7,Influenza,25.94,FALSE
2018-02-19,2018,8,Influenza,25.58,FALSE
2018-02-26,2018,9,Influenza,23.25,FALSE
2018-03-05,2018,10,Influenza,22.06,FALSE
2018-03-12,2018,11,Influenza,18.65,FALSE
2018-03-19,2018,12,Influenza,15.92,FALSE
2018-03-26,2018,13,Influenza,16.55,FALSE
2018-04-02,2018,14,Influenza,15.13,FALSE
2018-04-09,2018,15,Influenza,9.77,FALSE
2018-04-16,2018,16,Influenza,5.89,FALSE
2018-04-23,2018,17,Influenza,2.91,FALSE
2018-04-30,2018,18,Influenza,2.34,FALSE
2018-05-07,2018,19,Influenza,1.53,FALSE
2018-05-14,2018,20,Influenza,1.48,FALSE
2018-05-21,2018,21,Influenza,1.05,FALSE
2018-05-28,2018,22,Influenza,0.59,FALSE
2018-06-04,2018,23,Influenza,0.31,FALSE
2018-06-11,2018,24,Influenza,0.67,FALSE
2018-06-18,2018,25,Influenza,0.44,FALSE
2018-06-25,2018,26,Influenza,0.56,FALSE
2018-07-02,2018,27,Influenza,0.5,FALSE
2018-07-09,2018,28,Influenza,0.43,FALSE
2018-07-16,2018,29,Influenza,0.15,FALSE
2018-07-23,2018,30,Influenza,0.25,FALSE
2018-07-30,2018,31,Influenza,0.53,FALSE
2018-08-06,2018,32,Influenza,0.54,FALSE
2018-08-13,2018,33,Influenza,0.52,FALSE
2018-08-20,2018,34,Influenza,0.44,FALSE
2018-08-27,2018,35,Influenza,1.33,FALSE
2018-09-03,2018,36,Influenza,2.27,FALSE
2018-09-10,2018,37,Influenza,1.11,FALSE
2018-09-17,2018,38,Influenza,0.5,FALSE
2018-09-24,2018,39,Influenza,0.45,FALSE
2018-10-01,2018,40,Influenza,0.67,FALSE
2018-10-08,2018,41,Influenza,0.8,FALSE
2018-10-15,2018,42,Influenza,0.54,FALSE
2018-10-22,2018,43,Influenza,0.93,FALSE
2018-10-29,2018,44,Influenza,1.7,FALSE
2018-11-05,2018,45,Influenza,2.51,FALSE
2018-11-12,2018,46,Influenza,2.42,FALSE
2018-11-19,2018,47,Influenza,3.17,FALSE
2018-11-26,2018,48,Influenza,3.77,FALSE
2018-12-03,2018,49,Influenza,5.15,FALSE
2018-12-10,2018,50,Influenza,6.44,FALSE
2018-12-17,2018,51,Influenza,12.18,FALSE
2018-12-24,2018,52,Influenza,17.3,FALSE
2018-12-31,2018,1,Influenza,15.76,FALSE
2019-01-07,2019,2,Influenza,20.89,FALSE
2019-01-14,2019,3,Influenza,21.33,FALSE
2019-01-21,2019,4,Influenza,23.44,FALSE
2019-01-28,2019,5,Influenza,25.51,FALSE
2019-02-04,2019,6,Influenza,28.12,FALSE
2019-02-11,2019,7,Influenza,26.6,FALSE
2019-02-18,2019,8,Influenza,21.7,FALSE
2019-02-25,2019,9,Influenza,15.55,FALSE
2019-03-04,2019,10,Influenza,11.4,FALSE
2019-03-11,2019,11,Influenza,11.35,FALSE
2019-03-18,2019,12,Influenza,10.4,FALSE
2019-03-25,2019,13,Influenza,9.28,FALSE
2019-04-01,2019,14,Influenza,7.37,FALSE
2019-04-08,2019,15,Influenza,7.22,FALSE
2019-04-15,2019,16,Influenza,6.47,FALSE
2019-04-22,2019,17,Influenza,5.54,FALSE
2019-04-29,2019,18,Influenza,3.74,FALSE
2019-05-06,2019,19,Influenza,3.45,FALSE
2019-05-13,2019,20,Influenza,2.57,FALSE
2019-05-20,2019,21,Influenza,2.65,FALSE
2019-05-27,2019,22,Influenza,1.37,FALSE
2019-06-03,2019,23,Influenza,2.03,FALSE
2019-06-10,2019,24,Influenza,1.73,FALSE
2019-06-17,2019,25,Influenza,1.15,FALSE
2019-06-24,2019,26,Influenza,1.02,FALSE
2019-07-01,2019,27,Influenza,1.25,FALSE
2019-07-08,2019,28,Influenza,0.95,FALSE
2019-07-15,2019,29,Influenza,1.09,FALSE
2019-07-22,2019,30,Influenza,0.74,FALSE
2019-07-29,2019,31,Influenza,0.98,FALSE
2019-08-05,2019,32,Influenza,0.86,FALSE
2019-08-12,2019,33,Influenza,1.85,FALSE
2019-08-19,2019,34,Influenza,2.51,FALSE
2019-08-26,2019,35,Influenza,2.27,FALSE
2019-09-02,2019,36,Influenza,1.19,FALSE
2019-09-09,2019,37,Influenza,1.36,FALSE
2019-09-16,2019,38,Influenza,1.07,FALSE
2019-09-23,2019,39,Influenza,2.07,FALSE
2019-09-30,2019,40,Influenza,1.22,FALSE
2019-10-07,2019,41,Influenza,2.49,FALSE
2019-10-14,2019,42,Influenza,2.68,FALSE
2019-10-21,2019,43,Influenza,2.74,FALSE
2019-10-28,2019,44,Influenza,3.45,FALSE
2019-11-04,2019,45,Influenza,3.62,FALSE
2019-11-11,2019,46,Influenza,7.12,FALSE
2019-11-18,2019,47,Influenza,15.18,FALSE
2019-11-25,2019,48,Influenza,17.01,FALSE
2019-12-02,2019,49,Influenza,20.23,FALSE
2019-12-09,2019,50,Influenza,21.12,FALSE
2019-12-16,2019,51,Influenza,22.57,FALSE
2019-12-23,2019,52,Influenza,25.87,FALSE
2019-12-30,2019,1,Influenza,19.22,FALSE
2020-01-06,2020,2,Influenza,12.89,FALSE
2020-01-13,2020,3,Influenza,9.22,FALSE
2020-01-20,2020,4,Influenza,6.92,FALSE
2020-01-27,2020,5,Influenza,7.85,FALSE
2020-02-03,2020,6,Influenza,5.73,FALSE
2020-02-10,2020,7,Influenza,6.71,FALSE
2020-02-17,2020,8,Influenza,6.45,FALSE
2020-02-24,2020,9,Influenza,5.88,FALSE
2020-03-02,2020,10,Influenza,5.49,FALSE
2020-03-09,2020,11,Influenza,3.86,FALSE
2020-03-16,2020,12,Influenza,1.97,FALSE
2020-03-23,2020,13,Influenza,0.82,FALSE
2020-03-30,2020,14,Influenza,0.14,FALSE
2020-04-06,2020,15,Influenza,0.17,FALSE
2020-04-13,2020,16,Influenza,2.48,FALSE
2020-04-20,2020,17,Influenza,0.58,FALSE
2020-04-27,2020,18,Influenza,0.06,FALSE
2020-05-04,2020,19,Influenza,0,FALSE
2020-05-11,2020,20,Influenza,0,FALSE
2020-05-18,2020,21,Influenza,0,FALSE
2020-05-25,2020,22,Influenza,0,FALSE
2020-06-01,2020,23,Influenza,0,FALSE
2020-06-08,2020,24,Influenza,0,FALSE
2020-06-15,2020,25,Influenza,0,FALSE
2020-06-22,2020,26,Influenza,0,FALSE
2020-06-29,2020,27,Influenza,0,FALSE
2020-07-06,2020,28,Influenza,0.12,FALSE
2020-07-13,2020,29,Influenza,0,FALSE
2020-07-20,2020,30,Influenza,0.12,FALSE
2020-07-27,2020,31,Influenza,0,FALSE
2020-08-03,2020,32,Influenza,0,FALSE
2020-08-10,2020,33,Influenza,0,FALSE
2020-08-17,2020,34,Influenza,0,FALSE
2020-08-24,2020,35,Influenza,0,FALSE
2020-08-31,2020,36,Influenza,0.1,FALSE
2020-09-07,2020,37,Influenza,0,FALSE
2020-09-14,2020,38,Influenza,0.23,FALSE
2020-09-21,2020,39,Influenza,0.07,FALSE
2020-09-28,2020,40,Influenza,0.19,FALSE
2020-10-05,2020,41,Influenza,0.12,FALSE
2020-10-12,2020,42,Influenza,0.06,FALSE
2020-10-19,2020,43,Influenza,0,FALSE
2020-10-26,2020,44,Influenza,0,FALSE
2020-11-02,2020,45,Influenza,0.05,FALSE
2020-11-09,2020,46,Influenza,0.05,FALSE
2020-11-16,2020,47,Influenza,0.26,FALSE
2020-11-23,2020,48,Influenza,0.17,FALSE
2020-11-30,2020,49,Influenza,0.09,FALSE
2020-12-07,2020,50,Influenza,0.06,FALSE
2020-12-14,2020,51,Influenza,0.16,FALSE
2020-12-21,2020,52,Influenza,0.06,FALSE
2020-12-28,2020,53,Influenza,0,FALSE
2021-01-04,2021,1,Influenza,0.04,FALSE
2021-01-11,2021,2,Influenza,0.04,FALSE
2021-01-18,2021,3,Influenza,0,FALSE
2021-01-25,2021,4,Influenza,0,FALSE
2021-02-01,2021,5,Influenza,0,FALSE
2021-02-08,2021,6,Influenza,0,FALSE
2021-02-15,2021,7,Influenza,0,FALSE
2021-02-22,2021,8,Influenza,0.02,FALSE
2021-03-01,2021,9,Influenza,0,FALSE
2021-03-08,2021,10,Influenza,0,FALSE
2021-03-15,2021,11,Influenza,0.02,FALSE
2021-03-22,2021,12,Influenza,0.03,FALSE
2021-03-29,2021,13,Influenza,0.05,FALSE
2021-04-05,2021,14,Influenza,0.03,FALSE
2021-04-12,2021,15,Influenza,0.09,FALSE
2021-04-19,2021,16,Influenza,0,FALSE
2021-04-26,2021,17,Influenza,0,FALSE
2021-05-03,2021,18,Influenza,0,FALSE
2021-05-10,2021,19,Influenza,0,FALSE
2021-05-17,2021,20,Influenza,0,FALSE
2021-05-24,2021,21,Influenza,0,FALSE
2021-05-31,2021,22,Influenza,0.08,FALSE
2021-06-07,2021,23,Influenza,0,FALSE
2021-06-14,2021,24,Influenza,0,FALSE
2021-06-21,2021,25,Influenza,0,FALSE
2021-06-28,2021,26,Influenza,0.03,FALSE
2021-07-05,2021,27,Influenza,0,FALSE
2021-07-12,2021,28,Influenza,0,FALSE
2021-07-19,2021,29,Influenza,0,FALSE
2021-07-26,2021,30,Influenza,0.03,FALSE
2021-08-02,2021,31,Influenza,0.03,FALSE
2021-08-09,2021,32,Influenza,0.08,FALSE
2021-08-16,2021,33,Influenza,0.03,FALSE
2021-08-23,2021,34,Influenza,0.03,FALSE
2021-08-30,2021,35,Influenza,0.04,FALSE
2021-09-06,2021,36,Influenza,0,FALSE
2021-09-13,2021,37,Influenza,0.09,FALSE
2021-09-20,2021,38,Influenza,0.23,FALSE
2021-09-27,2021,39,Influenza,0.47,FALSE
2021-10-04,2021,40,Influenza,0.75,FALSE
2021-10-11,2021,41,Influenza,0.7,FALSE
2021-10-18,2021,42,Influenza,0.78,FALSE
2021-10-25,2021,43,Influenza,0.76,FALSE
2021-11-01,2021,44,Influenza,0.43,FALSE
2021-11-08,2021,45,Influenza,0.9,FALSE
2021-11-15,2021,46,Influenza,0.64,FALSE
2021-11-22,2021,47,Influenza,0.78,FALSE
2021-11-29,2021,48,Influenza,0.95,FALSE
2021-12-06,2021,49,Influenza,1.03,FALSE
2021-12-13,2021,50,Influenza,1.07,FALSE
2021-12-20,2021,51,Influenza,0.83,FALSE
2021-12-27,2021,52,Influenza,0.61,FALSE
2022-01-03,2022,1,Influenza,0.58,FALSE
2022-01-10,2022,2,Influenza,0.99,FALSE
2022-01-17,2022,3,Influenza,0.37,FALSE
2022-01-24,2022,4,Influenza,0.48,FALSE
2022-01-31,2022,5,Influenza,0.39,FALSE
2022-02-07,2022,6,Influenza,1.55,FALSE
2022-02-14,2022,7,Influenza,0.89,FALSE
2022-02-21,2022,8,Influenza,1.21,FALSE
2022-02-28,2022,9,Influenza,1.6,FALSE
2022-03-07,2022,10,Influenza,2.48,FALSE
2022-03-14,2022,11,Influenza,3.16,FALSE
2022-03-21,2022,12,Influenza,4.34,FALSE
2022-03-28,2022,13,Influenza,5,FALSE
2022-04-04,2022,14,Influenza,5.02,FALSE
2022-04-11,2022,15,Influenza,4.77,FALSE
2022-04-18,2022,16,Influenza,2.94,FALSE
2022-04-25,2022,17,Influenza,2.19,FALSE
2022-05-02,2022,18,Influenza,2.01,FALSE
2022-05-09,2022,19,Influenza,2.58,FALSE
2022-05-16,2022,20,Influenza,1.36,FALSE
2022-05-23,2022,21,Influenza,0.86,FALSE
2022-05-30,2022,22,Influenza,1.01,FALSE
2022-06-06,2022,23,Influenza,1.61,FALSE
2022-06-13,2022,24,Influenza,0.53,FALSE
2022-06-20,2022,25,Influenza,0.52,FALSE
2022-06-27,2022,26,Influenza,0.47,FALSE
2022-07-04,2022,27,Influenza,0.7,FALSE
2022-07-11,2022,28,Influenza,1.26,FALSE
2022-07-18,2022,29,Influenza,0.57,FALSE
2022-07-25,2022,30,Influenza,0.53,FALSE
2022-08-01,2022,31,Influenza,0.81,FALSE
2022-08-08,2022,32,Influenza,1.91,FALSE
2022-08-15,2022,33,Influenza,0.88,FALSE
2022-08-22,2022,34,Influenza,0.58,FALSE
2022-08-29,2022,35,Influenza,1.17,FALSE
2022-09-05,2022,36,Influenza,2.51,FALSE
2022-09-12,2022,37,Influenza,3.44,FALSE
2022-09-19,2022,38,Influenza,2.59,FALSE
2022-09-26,2022,39,Influenza,3.14,FALSE
2022-10-03,2022,40,Influenza,4.47,FALSE
2022-10-10,2022,41,Influenza,5.68,FALSE
2022-10-17,2022,42,Influenza,6.24,FALSE
2022-10-24,2022,43,Influenza,7.6,FALSE
2022-10-31,2022,44,Influenza,7.97,FALSE
2022-11-07,2022,45,Influenza,9.32,FALSE
2022-11-14,2022,46,Influenza,9.72,FALSE
2022-11-21,2022,47,Influenza,12.38,FALSE
2022-11-28,2022,48,Influenza,16.45,FALSE
2022-12-05,2022,49,Influenza,22.74,FALSE
2022-12-12,2022,50,Influenza,29.18,FALSE
2022-12-19,2022,51,Influenza,32.64,FALSE
2022-12-26,2022,52,Influenza,28.02,FALSE
2023-01-02,2023,1,Influenza,14.67,FALSE
2023-01-09,2023,2,Influenza,7.08,FALSE
2023-01-16,2023,3,Influenza,3.41,FALSE
2023-01-23,2023,4,Influenza,3.29,FALSE
2023-01-30,2023,5,Influenza,2.66,FALSE
2023-02-06,2023,6,Influenza,2.03,FALSE
2023-02-13,2023,7,Influenza,2.55,FALSE
2023-02-20,2023,8,Influenza,2.37,FALSE
2023-02-27,2023,9,Influenza,1.9,FALSE
2023-03-06,2023,10,Influenza,2.55,FALSE
2023-03-13,2023,11,Influenza,2.19,FALSE
2023-03-20,2023,12,Influenza,1.61,FALSE
2023-03-27,2023,13,Influenza,1.61,FALSE
2023-04-03,2023,14,Influenza,1.62,FALSE
2023-04-10,2023,15,Influenza,1.1,FALSE
2023-04-17,2023,16,Influenza,0.94,FALSE
2023-04-24,2023,17,Influenza,1.06,FALSE
2023-05-01,2023,18,Influenza,0.94,FALSE
2023-05-08,2023,19,Influenza,0.88,FALSE
2023-05-15,2023,20,Influenza,0.41,FALSE
2023-05-22,2023,21,Influenza,0.66,FALSE
2023-05-29,2023,22,Influenza,0.4,FALSE
2023-06-05,2023,23,Influenza,0.49,FALSE
2023-06-12,2023,24,Influenza,0.47,FALSE
2023-06-19,2023,25,Influenza,0.6,FALSE
2023-06-26,2023,26,Influenza,0.34,FALSE
2023-07-03,2023,27,Influenza,0.64,FALSE
2023-07-10,2023,28,Influenza,0.57,FALSE
2023-07-17,2023,29,Influenza,0.73,FALSE
2023-07-24,2023,30,Influenza,0.72,FALSE
2023-07-31,2023,31,Influenza,0.35,FALSE
2023-08-07,2023,32,Influenza,1.1,FALSE
2023-08-14,2023,33,Influenza,0.5,FALSE
2023-08-21,2023,34,Influenza,0.56,FALSE
2023-08-28,2023,35,Influenza,0.53,FALSE
2023-09-04,2023,36,Influenza,0.82,FALSE
2023-09-11,2023,37,Influenza,1.11,FALSE
2023-09-18,2023,38,Influenza,0.83,FALSE
2023-09-25,2023,39,Influenza,0.61,FALSE
2023-10-02,2023,40,Influenza,1.1,FALSE
2023-10-09,2023,41,Influenza,1.1,FALSE
2023-10-16,2023,42,Influenza,1.03,FALSE
2023-10-23,2023,43,Influenza,1.11,FALSE
2023-10-30,2023,44,Influenza,1.55,FALSE
2023-11-06,2023,45,Influenza,1.94,FALSE
2023-11-13,2023,46,Influenza,1.74,FALSE
2023-11-20,2023,47,Influenza,1.97,FALSE
2023-11-27,2023,48,Influenza,2.94,FALSE
2023-12-04,2023,49,Influenza,6.07,FALSE
2023-12-11,2023,50,Influenza,9.59,FALSE
2023-12-18,2023,51,Influenza,11.45,FALSE
2023-12-25,2023,52,Influenza,11.71,FALSE
2024-01-01,2024,1,Influenza,9.74,FALSE
2024-01-08,2024,2,Influenza,10,FALSE
2024-01-15,2024,3,Influenza,13.81,FALSE
2024-01-22,2024,4,Influenza,17.6,FALSE
2024-01-29,2024,5,Influenza,15.49,FALSE
2024-02-05,2024,6,Influenza,12.81,FALSE
2024-02-12,2024,7,Influenza,10.9,FALSE
2024-02-19,2024,8,Influenza,8.23,FALSE
2024-02-26,2024,9,Influenza,6.21,FALSE
2024-03-04,2024,10,Influenza,5.77,FALSE
2024-03-11,2024,11,Influenza,6.42,FALSE
2024-03-18,2024,12,Influenza,4.89,FALSE
2024-03-25,2024,13,Influenza,3.81,FALSE
2024-04-01,2024,14,Influenza,3.74,FALSE
2024-04-08,2024,15,Influenza,2.71,FALSE
2024-04-15,2024,16,Influenza,2.23,FALSE
2024-04-22,2024,17,Influenza,2.39,FALSE
2024-04-29,2024,18,Influenza,2.5,FALSE
2024-05-06,2024,19,Influenza,1.87,FALSE
2024-05-13,2024,20,Influenza,1.38,FALSE
2024-05-20,2024,21,Influenza,0.97,FALSE
2024-05-27,2024,22,Influenza,0.78,FALSE
2024-06-03,2024,23,Influenza,0.86,FALSE
2024-06-10,2024,24,Influenza,0.82,FALSE
2024-06-17,2024,25,Influenza,0.81,FALSE
2024-06-24,2024,26,Influenza,0.56,FALSE
2024-07-01,2024,27,Influenza,0.68,FALSE
2024-07-08,2024,28,Influenza,1.18,FALSE
2024-07-15,2024,29,Influenza,1.25,FALSE
2024-07-22,2024,30,Influenza,1.13,FALSE
2024-07-29,2024,31,Influenza,1.31,FALSE
2024-08-05,2024,32,Influenza,0.86,FALSE
2024-08-12,2024,33,Influenza,1.42,FALSE
2024-08-19,2024,34,Influenza,1.01,FALSE
2024-08-26,2024,35,Influenza,0.9,FALSE
2024-09-02,2024,36,Influenza,0.97,FALSE
2024-09-09,2024,37,Influenza,1.14,FALSE
2024-09-16,2024,38,Influenza,1.31,FALSE
2024-09-23,2024,39,Influenza,1.39,FALSE
2024-09-30,2024,40,Influenza,1.74,FALSE
2024-10-07,2024,41,Influenza,2.23,FALSE
2024-10-14,2024,42,Influenza,2.11,FALSE
2024-10-21,2024,43,Influenza,3.04,FALSE
2024-10-28,2024,44,Influenza,2.8,FALSE
2024-11-04,2024,45,Influenza,3.07,FALSE
2024-11-11,2024,46,Influenza,4.4,FALSE
2024-11-18,2024,47,Influenza,6.92,FALSE
2024-11-25,2024,48,Influenza,10.48,FALSE
2024-12-02,2024,49,Influenza,14.68,FALSE
2024-12-09,2024,50,Influenza,17.83,FALSE
2024-12-16,2024,51,Influenza,21.43,FALSE
2024-12-23,2024,52,Influenza,26.66,FALSE
2024-12-30,2024,1,Influenza,22.9,FALSE
2025-01-06,2025,2,Influenza,17.36,FALSE
2025-01-13,2025,3,Influenza,15.26,FALSE
2025-01-20,2025,4,Influenza,13.82,FALSE
2025-01-27,2025,5,Influenza,13.17,FALSE
2025-02-03,2025,6,Influenza,11.63,FALSE
2025-02-10,2025,7,Influenza,10.28,FALSE
2025-02-17,2025,8,Influenza,10.03,FALSE
2025-02-24,2025,9,Influenza,8.76,FALSE
2025-03-03,2025,10,Influenza,6.78,FALSE
2025-03-10,2025,11,Influenza,7.36,FALSE
2025-03-17,2025,12,Influenza,6.45,FALSE
2025-03-24,2025,13,Influenza,6.17,FALSE
2025-03-31,2025,14,Influenza,4.84,FALSE
2025-04-07,2025,15,Influenza,3.77,FALSE
2025-04-14,2025,16,Influenza,3.02,FALSE
2025-04-21,2025,17,Influenza,2.02,FALSE
2025-04-28,2025,18,Influenza,1.58,FALSE
2025-05-05,2025,19,Influenza,1.58,FALSE
2025-05-12,2025,20,Influenza,1.27,FALSE
2025-05-19,2025,21,Influenza,1.18,FALSE
2025-05-26,2025,22,Influenza,0.87,FALSE
2025-06-02,2025,23,Influenza,0.69,FALSE
2025-06-09,2025,24,Influenza,1.09,FALSE
2025-06-16,2025,25,Influenza,0.84,FALSE
2025-06-23,2025,26,Influenza,0.98,FALSE
2025-06-30,2025,27,Influenza,0.49,FALSE
2025-07-07,2025,28,Influenza,1.18,FALSE
2025-07-14,2025,29,Influenza,0.6,FALSE
2025-07-21,2025,30,Influenza,0.88,FALSE
2025-07-28,2025,31,Influenza,0.54,FALSE
2025-08-04,2025,32,Influenza,1.02,FALSE
2025-08-11,2025,33,Influenza,0.97,FALSE
2025-08-18,2025,34,Influenza,1.13,FALSE
2025-08-25,2025,35,Influenza,1.63,FALSE
2025-09-01,2025,36,Influenza,0.99,FALSE
2025-09-08,2025,37,Influenza,1.32,FALSE
2025-09-15,2025,38,Influenza,1.33,FALSE
2025-09-22,2025,39,Influenza,2.72,FALSE
2025-09-29,2025,40,Influenza,4.81,FALSE
2025-10-06,2025,41,Influenza,6.66,FALSE
2025-10-13,2025,42,Influenza,7.53,FALSE
2025-10-20,2025,43,Influenza,9.47,FALSE
2025-10-27,2025,44,Influenza,11.95,FALSE
2025-11-03,2025,45,Influenza,12.87,FALSE
2025-11-10,2025,46,Influenza,11.07,FALSE
2025-11-17,2025,47,Influenza,10.5,FALSE
2025-11-24,2025,48,Influenza,15.63,FALSE
2025-12-01,2025,49,Influenza,21.44,FALSE
2025-12-08,2025,50,Influenza,19.79,FALSE
2025-12-15,2025,51,Influenza,17.46,FALSE
2025-12-22,2025,52,Influenza,15.07,FALSE
2025-12-29,2025,1,Influenza,14.5,FALSE
2026-01-05,2026,2,Influenza,12.89,FALSE
2026-01-12,2026,3,Influenza,11.48,FALSE
2026-01-19,2026,4,Influenza,9.16,FALSE
2026-01-26,2026,5,Influenza,7.18,FALSE
2026-02-02,2026,6,Influenza,5.26,FALSE
2026-02-09,2026,7,Influenza,3.96,FALSE
2026-02-16,2026,8,Influenza,3,FALSE
2026-02-23,2026,9,Influenza,2.32,FALSE
2026-03-02,2026,10,Influenza,1.65,FALSE
2026-03-09,2026,11,Influenza,1.52,FALSE
2026-03-16,2026,12,Influenza,1.41,FALSE
2026-03-23,2026,13,Influenza,1.3,FALSE
2026-03-30,2026,14,Influenza,1.02,FALSE
2026-04-06,2026,15,Influenza,1.24,FALSE
2026-04-13,2026,16,Influenza,0.78,FALSE
2026-04-20,2026,17,Influenza,0.95,FALSE
2026-04-27,2026,18,Influenza,0.56,FALSE
2026-05-04,2026,19,Influenza,1.19,FALSE
2026-05-11,2026,20,Influenza,1.05,FALSE
2026-05-18,2026,21,Influenza,0.97,FALSE
2026-05-25,2026,22,Influenza,0.92,FALSE
2026-06-01,2026,23,Influenza,0.41,FALSE
2026-06-08,2026,24,Influenza,0.82,FALSE
2026-06-15,2026,25,Influenza,0.45,FALSE
2026-06-22,2026,26,Influenza,0.41,FALSE
2026-06-29,2026,27,Influenza,0.34,FALSE
2026-07-06,2026,28,Influenza,0.79,FALSE
2026-07-13,2026,29,Influenza,0.78,FALSE
2026-07-20,2026,30,Influenza,0.45,FALSE
2026-07-27,2026,31,Influenza,0.81,FALSE
2026-08-03,2026,32,Influenza,1.08,FALSE
2026-08-10,2026,33,Influenza,1.62,FALSE
2026-08-17,2026,34,Influenza,2.22,FALSE
2026-08-24,2026,35,Influenza,2.35,FALSE
2026-08-31,2026,36,Influenza,2.47,FALSE
2026-09-07,2026,37,Influenza,3.45,FALSE
2026-09-14,2026,38,Influenza,3.74,FALSE
2017-07-03,2017,27,Parainfluenza,3.15,FALSE
2017-07-10,2017,28,Parainfluenza,3.28,FALSE
2017-07-17,2017,29,Parainfluenza,3.34,FALSE
2017-07-24,2017,30,Parainfluenza,4.14,FALSE
2017-07-31,2017,31,Parainfluenza,4.01,FALSE
2017-08-07,2017,32,Parainfluenza,4.6,FALSE
2017-08-14,2017,33,Parainfluenza,3.94,FALSE
2017-08-21,2017,34,Parainfluenza,3.72,FALSE
2017-08-28,2017,35,Parainfluenza,4.47,FALSE
2017-09-04,2017,36,Parainfluenza,3.94,FALSE
2017-09-11,2017,37,Parainfluenza,4.08,FALSE
2017-09-18,2017,38,Parainfluenza,4.89,FALSE
2017-09-25,2017,39,Parainfluenza,5.04,FALSE
2017-10-02,2017,40,Parainfluenza,5.32,FALSE
2017-10-09,2017,41,Parainfluenza,5.79,FALSE
2017-10-16,2017,42,Parainfluenza,6.56,FALSE
2017-10-23,2017,43,Parainfluenza,6.96,FALSE
2017-10-30,2017,44,Parainfluenza,5.78,FALSE
2017-11-06,2017,45,Parainfluenza,6.47,FALSE
2017-11-13,2017,46,Parainfluenza,4.93,FALSE
2017-11-20,2017,47,Parainfluenza,4.74,FALSE
2017-11-27,2017,48,Parainfluenza,3.08,FALSE
2017-12-04,2017,49,Parainfluenza,2.42,FALSE
2017-12-11,2017,50,Parainfluenza,3.05,FALSE
2017-12-18,2017,51,Parainfluenza,2.54,FALSE
2017-12-25,2017,52,Parainfluenza,2.32,FALSE
2018-01-01,2018,1,Parainfluenza,1.77,FALSE
2018-01-08,2018,2,Parainfluenza,1.72,FALSE
2018-01-15,2018,3,Parainfluenza,1.48,FALSE
2018-01-22,2018,4,Parainfluenza,1,FALSE
2018-01-29,2018,5,Parainfluenza,0.86,FALSE
2018-02-05,2018,6,Parainfluenza,1.21,FALSE
2018-02-12,2018,7,Parainfluenza,1.49,FALSE
2018-02-19,2018,8,Parainfluenza,1.28,FALSE
2018-02-26,2018,9,Parainfluenza,1.11,FALSE
2018-03-05,2018,10,Parainfluenza,2.35,FALSE
2018-03-12,2018,11,Parainfluenza,2.75,FALSE
2018-03-19,2018,12,Parainfluenza,2.81,FALSE
2018-03-26,2018,13,Parainfluenza,3.24,FALSE
2018-04-02,2018,14,Parainfluenza,3.94,FALSE
2018-04-09,2018,15,Parainfluenza,5.78,FALSE
2018-04-16,2018,16,Parainfluenza,5.74,FALSE
2018-04-23,2018,17,Parainfluenza,7.44,FALSE
2018-04-30,2018,18,Parainfluenza,7.43,FALSE
2018-05-07,2018,19,Parainfluenza,8.42,FALSE
2018-05-14,2018,20,Parainfluenza,7.05,FALSE
2018-05-21,2018,21,Parainfluenza,8.72,FALSE
2018-05-28,2018,22,Parainfluenza,8.78,FALSE
2018-06-04,2018,23,Parainfluenza,7.39,FALSE
2018-06-11,2018,24,Parainfluenza,7.32,FALSE
2018-06-18,2018,25,Parainfluenza,5.67,FALSE
2018-06-25,2018,26,Parainfluenza,6.67,FALSE
2018-07-02,2018,27,Parainfluenza,4.98,FALSE
2018-07-09,2018,28,Parainfluenza,5.32,FALSE
2018-07-16,2018,29,Parainfluenza,3.38,FALSE
2018-07-23,2018,30,Parainfluenza,5.09,FALSE
2018-07-30,2018,31,Parainfluenza,3.62,FALSE
2018-08-06,2018,32,Parainfluenza,4.18,FALSE
2018-08-13,2018,33,Parainfluenza,3.53,FALSE
2018-08-20,2018,34,Parainfluenza,3.23,FALSE
2018-08-27,2018,35,Parainfluenza,2.05,FALSE
2018-09-03,2018,36,Parainfluenza,2.67,FALSE
2018-09-10,2018,37,Parainfluenza,2.82,FALSE
2018-09-17,2018,38,Parainfluenza,1.88,FALSE
2018-09-24,2018,39,Parainfluenza,2.04,FALSE
2018-10-01,2018,40,Parainfluenza,2.72,FALSE
2018-10-08,2018,41,Parainfluenza,2.2,FALSE
2018-10-15,2018,42,Parainfluenza,2.26,FALSE
2018-10-22,2018,43,Parainfluenza,3.03,FALSE
2018-10-29,2018,44,Parainfluenza,3.05,FALSE
2018-11-05,2018,45,Parainfluenza,2.77,FALSE
2018-11-12,2018,46,Parainfluenza,1.91,FALSE
2018-11-19,2018,47,Parainfluenza,2.66,FALSE
2018-11-26,2018,48,Parainfluenza,2.27,FALSE
2018-12-03,2018,49,Parainfluenza,3.07,FALSE
2018-12-10,2018,50,Parainfluenza,2.11,FALSE
2018-12-17,2018,51,Parainfluenza,2.49,FALSE
2018-12-24,2018,52,Parainfluenza,2.39,FALSE
2018-12-31,2018,1,Parainfluenza,2.6,FALSE
2019-01-07,2019,2,Parainfluenza,2.18,FALSE
2019-01-14,2019,3,Parainfluenza,2.02,FALSE
2019-01-21,2019,4,Parainfluenza,2.14,FALSE
2019-01-28,2019,5,Parainfluenza,2.36,FALSE
2019-02-04,2019,6,Parainfluenza,2.89,FALSE
2019-02-11,2019,7,Parainfluenza,3.25,FALSE
2019-02-18,2019,8,Parainfluenza,3.65,FALSE
2019-02-25,2019,9,Parainfluenza,3.77,FALSE
2019-03-04,2019,10,Parainfluenza,4.06,FALSE
2019-03-11,2019,11,Parainfluenza,5.16,FALSE
2019-03-18,2019,12,Parainfluenza,5.77,FALSE
2019-03-25,2019,13,Parainfluenza,6.74,FALSE
2019-04-01,2019,14,Parainfluenza,6.98,FALSE
2019-04-08,2019,15,Parainfluenza,7.3,FALSE
2019-04-15,2019,16,Parainfluenza,6.77,FALSE
2019-04-22,2019,17,Parainfluenza,8.27,FALSE
2019-04-29,2019,18,Parainfluenza,8.76,FALSE
2019-05-06,2019,19,Parainfluenza,8.13,FALSE
2019-05-13,2019,20,Parainfluenza,6.39,FALSE
2019-05-20,2019,21,Parainfluenza,7.73,FALSE
2019-05-27,2019,22,Parainfluenza,6.4,FALSE
2019-06-03,2019,23,Parainfluenza,5.04,FALSE
2019-06-10,2019,24,Parainfluenza,3.47,FALSE
2019-06-17,2019,25,Parainfluenza,5.69,FALSE
2019-06-24,2019,26,Parainfluenza,4.65,FALSE
2019-07-01,2019,27,Parainfluenza,4.62,FALSE
2019-07-08,2019,28,Parainfluenza,3.41,FALSE
2019-07-15,2019,29,Parainfluenza,4.34,FALSE
2019-07-22,2019,30,Parainfluenza,4.92,FALSE
2019-07-29,2019,31,Parainfluenza,3.86,FALSE
2019-08-05,2019,32,Parainfluenza,4.15,FALSE
2019-08-12,2019,33,Parainfluenza,3.14,FALSE
2019-08-19,2019,34,Parainfluenza,3.87,FALSE
2019-08-26,2019,35,Parainfluenza,4.18,FALSE
2019-09-02,2019,36,Parainfluenza,3.45,FALSE
2019-09-09,2019,37,Parainfluenza,4.64,FALSE
2019-09-16,2019,38,Parainfluenza,4.22,FALSE
2019-09-23,2019,39,Parainfluenza,4.57,FALSE
2019-09-30,2019,40,Parainfluenza,4.23,FALSE
2019-10-07,2019,41,Parainfluenza,4.82,FALSE
2019-10-14,2019,42,Parainfluenza,4.74,FALSE
2019-10-21,2019,43,Parainfluenza,3.94,FALSE
2019-10-28,2019,44,Parainfluenza,5.13,FALSE
2019-11-04,2019,45,Parainfluenza,4.55,FALSE
2019-11-11,2019,46,Parainfluenza,4.86,FALSE
2019-11-18,2019,47,Parainfluenza,4.1,FALSE
2019-11-25,2019,48,Parainfluenza,3.74,FALSE
2019-12-02,2019,49,Parainfluenza,3.65,FALSE
2019-12-09,2019,50,Parainfluenza,3.28,FALSE
2019-12-16,2019,51,Parainfluenza,2.31,FALSE
2019-12-23,2019,52,Parainfluenza,2.47,FALSE
2019-12-30,2019,1,Parainfluenza,1.72,FALSE
2020-01-06,2020,2,Parainfluenza,2.03,FALSE
2020-01-13,2020,3,Parainfluenza,1.95,FALSE
2020-01-20,2020,4,Parainfluenza,1.85,FALSE
2020-01-27,2020,5,Parainfluenza,1.37,FALSE
2020-02-03,2020,6,Parainfluenza,1.2,FALSE
2020-02-10,2020,7,Parainfluenza,1.23,FALSE
2020-02-17,2020,8,Parainfluenza,1.37,FALSE
2020-02-24,2020,9,Parainfluenza,1.31,FALSE
2020-03-02,2020,10,Parainfluenza,1.6,FALSE
2020-03-09,2020,11,Parainfluenza,1.87,FALSE
2020-03-16,2020,12,Parainfluenza,1.45,FALSE
2020-03-23,2020,13,Parainfluenza,0.89,FALSE
2020-03-30,2020,14,Parainfluenza,0.52,FALSE
2020-04-06,2020,15,Parainfluenza,0.61,FALSE
2020-04-13,2020,16,Parainfluenza,0.25,FALSE
2020-04-20,2020,17,Parainfluenza,0.55,FALSE
2020-04-27,2020,18,Parainfluenza,0.24,FALSE
2020-05-04,2020,19,Parainfluenza,0.21,FALSE
2020-05-11,2020,20,Parainfluenza,0.22,FALSE
2020-05-18,2020,21,Parainfluenza,0.41,FALSE
2020-05-25,2020,22,Parainfluenza,0.12,FALSE
2020-06-01,2020,23,Parainfluenza,0.21,FALSE
2020-06-08,2020,24,Parainfluenza,0.1,FALSE
2020-06-15,2020,25,Parainfluenza,0.25,FALSE
2020-06-22,2020,26,Parainfluenza,0.14,FALSE
2020-06-29,2020,27,Parainfluenza,0,FALSE
2020-07-06,2020,28,Parainfluenza,0.39,FALSE
2020-07-13,2020,29,Parainfluenza,0.13,FALSE
2020-07-20,2020,30,Parainfluenza,0.13,FALSE
2020-07-27,2020,31,Parainfluenza,0,FALSE
2020-08-03,2020,32,Parainfluenza,0,FALSE
2020-08-10,2020,33,Parainfluenza,0,FALSE
2020-08-17,2020,34,Parainfluenza,0,FALSE
2020-08-24,2020,35,Parainfluenza,0,FALSE
2020-08-31,2020,36,Parainfluenza,0,FALSE
2020-09-07,2020,37,Parainfluenza,0,FALSE
2020-09-14,2020,38,Parainfluenza,0.06,FALSE
2020-09-21,2020,39,Parainfluenza,0.17,FALSE
2020-09-28,2020,40,Parainfluenza,0,FALSE
2020-10-05,2020,41,Parainfluenza,0,FALSE
2020-10-12,2020,42,Parainfluenza,0,FALSE
2020-10-19,2020,43,Parainfluenza,0.1,FALSE
2020-10-26,2020,44,Parainfluenza,0,FALSE
2020-11-02,2020,45,Parainfluenza,0,FALSE
2020-11-09,2020,46,Parainfluenza,0.18,FALSE
2020-11-16,2020,47,Parainfluenza,0.38,FALSE
2020-11-23,2020,48,Parainfluenza,0.08,FALSE
2020-11-30,2020,49,Parainfluenza,0.07,FALSE
2020-12-07,2020,50,Parainfluenza,0,FALSE
2020-12-14,2020,51,Parainfluenza,0.15,FALSE
2020-12-21,2020,52,Parainfluenza,0.2,FALSE
2020-12-28,2020,53,Parainfluenza,0.09,FALSE
2021-01-04,2021,1,Parainfluenza,0.25,FALSE
2021-01-11,2021,2,Parainfluenza,0.09,FALSE
2021-01-18,2021,3,Parainfluenza,0.07,FALSE
2021-01-25,2021,4,Parainfluenza,0,FALSE
2021-02-01,2021,5,Parainfluenza,0.07,FALSE
2021-02-08,2021,6,Parainfluenza,0.15,FALSE
2021-02-15,2021,7,Parainfluenza,0.08,FALSE
2021-02-22,2021,8,Parainfluenza,0,FALSE
2021-03-01,2021,9,Parainfluenza,0.08,FALSE
2021-03-08,2021,10,Parainfluenza,0.09,FALSE
2021-03-15,2021,11,Parainfluenza,0.24,FALSE
2021-03-22,2021,12,Parainfluenza,0.17,FALSE
2021-03-29,2021,13,Parainfluenza,1.14,FALSE
2021-04-05,2021,14,Parainfluenza,0.09,FALSE
2021-04-12,2021,15,Parainfluenza,0.19,FALSE
2021-04-19,2021,16,Parainfluenza,0.92,FALSE
2021-04-26,2021,17,Parainfluenza,1.64,FALSE
2021-05-03,2021,18,Parainfluenza,1.95,FALSE
2021-05-10,2021,19,Parainfluenza,3.01,FALSE
2021-05-17,2021,20,Parainfluenza,6.4,FALSE
2021-05-24,2021,21,Parainfluenza,10.41,FALSE
2021-05-31,2021,22,Parainfluenza,14.11,FALSE
2021-06-07,2021,23,Parainfluenza,10.02,FALSE
2021-06-14,2021,24,Parainfluenza,10.24,FALSE
2021-06-21,2021,25,Parainfluenza,10.45,FALSE
2021-06-28,2021,26,Parainfluenza,8.99,FALSE
2021-07-05,2021,27,Parainfluenza,8.7,FALSE
2021-07-12,2021,28,Parainfluenza,6.35,FALSE
2021-07-19,2021,29,Parainfluenza,4.4,FALSE
2021-07-26,2021,30,Parainfluenza,3.01,FALSE
2021-08-02,2021,31,Parainfluenza,2.03,FALSE
2021-08-09,2021,32,Parainfluenza,1.75,FALSE
2021-08-16,2021,33,Parainfluenza,1.41,FALSE
2021-08-23,2021,34,Parainfluenza,1.35,FALSE
2021-08-30,2021,35,Parainfluenza,1.72,FALSE
2021-09-06,2021,36,Parainfluenza,1.05,FALSE
2021-09-13,2021,37,Parainfluenza,0.91,FALSE
2021-09-20,2021,38,Parainfluenza,1.14,FALSE
2021-09-27,2021,39,Parainfluenza,1.61,FALSE
2021-10-04,2021,40,Parainfluenza,2.65,FALSE
2021-10-11,2021,41,Parainfluenza,2.22,FALSE
2021-10-18,2021,42,Parainfluenza,2.28,FALSE
2021-10-25,2021,43,Parainfluenza,2.81,FALSE
2021-11-01,2021,44,Parainfluenza,2.96,FALSE
2021-11-08,2021,45,Parainfluenza,1.96,FALSE
2021-11-15,2021,46,Parainfluenza,1.9,FALSE
2021-11-22,2021,47,Parainfluenza,1.95,FALSE
2021-11-29,2021,48,Parainfluenza,1.86,FALSE
2021-12-06,2021,49,Parainfluenza,1.22,FALSE
2021-12-13,2021,50,Parainfluenza,1.23,FALSE
2021-12-20,2021,51,Parainfluenza,0.93,FALSE
2021-12-27,2021,52,Parainfluenza,1.16,FALSE
2022-01-03,2022,1,Parainfluenza,1.53,FALSE
2022-01-10,2022,2,Parainfluenza,0.79,FALSE
2022-01-17,2022,3,Parainfluenza,0.96,FALSE
2022-01-24,2022,4,Parainfluenza,1,FALSE
2022-01-31,2022,5,Parainfluenza,1.01,FALSE
2022-02-07,2022,6,Parainfluenza,0.96,FALSE
2022-02-14,2022,7,Parainfluenza,1.08,FALSE
2022-02-21,2022,8,Parainfluenza,1.89,FALSE
2022-02-28,2022,9,Parainfluenza,1.72,FALSE
2022-03-07,2022,10,Parainfluenza,2.86,FALSE
2022-03-14,2022,11,Parainfluenza,3.17,FALSE
2022-03-21,2022,12,Parainfluenza,3.38,FALSE
2022-03-28,2022,13,Parainfluenza,3.61,FALSE
2022-04-04,2022,14,Parainfluenza,3.49,FALSE
2022-04-11,2022,15,Parainfluenza,4.44,FALSE
2022-04-18,2022,16,Parainfluenza,4.95,FALSE
2022-04-25,2022,17,Parainfluenza,4.46,FALSE
2022-05-02,2022,18,Parainfluenza,4.07,FALSE
2022-05-09,2022,19,Parainfluenza,4.58,FALSE
2022-05-16,2022,20,Parainfluenza,5.49,FALSE
2022-05-23,2022,21,Parainfluenza,4.93,FALSE
2022-05-30,2022,22,Parainfluenza,5.06,FALSE
2022-06-06,2022,23,Parainfluenza,4.54,FALSE
2022-06-13,2022,24,Parainfluenza,5.29,FALSE
2022-06-20,2022,25,Parainfluenza,4.63,FALSE
2022-06-27,2022,26,Parainfluenza,3.7,FALSE
2022-07-04,2022,27,Parainfluenza,3.9,FALSE
2022-07-11,2022,28,Parainfluenza,4.22,FALSE
2022-07-18,2022,29,Parainfluenza,3.57,FALSE
2022-07-25,2022,30,Parainfluenza,2.86,FALSE
2022-08-01,2022,31,Parainfluenza,2.7,FALSE
2022-08-08,2022,32,Parainfluenza,2.66,FALSE
2022-08-15,2022,33,Parainfluenza,1.71,FALSE
2022-08-22,2022,34,Parainfluenza,1.9,FALSE
2022-08-29,2022,35,Parainfluenza,1.23,FALSE
2022-09-05,2022,36,Parainfluenza,1.45,FALSE
2022-09-12,2022,37,Parainfluenza,1.7,FALSE
2022-09-19,2022,38,Parainfluenza,2.5,FALSE
2022-09-26,2022,39,Parainfluenza,2.35,FALSE
2022-10-03,2022,40,Parainfluenza,1.89,FALSE
2022-10-10,2022,41,Parainfluenza,2.26,FALSE
2022-10-17,2022,42,Parainfluenza,2.1,FALSE
2022-10-24,2022,43,Parainfluenza,1.95,FALSE
2022-10-31,2022,44,Parainfluenza,2.51,FALSE
2022-11-07,2022,45,Parainfluenza,2.1,FALSE
2022-11-14,2022,46,Parainfluenza,1.56,FALSE
2022-11-21,2022,47,Parainfluenza,1.91,FALSE
2022-11-28,2022,48,Parainfluenza,1.67,FALSE
2022-12-05,2022,49,Parainfluenza,1.53,FALSE
2022-12-12,2022,50,Parainfluenza,1.75,FALSE
2022-12-19,2022,51,Parainfluenza,1.42,FALSE
2022-12-26,2022,52,Parainfluenza,1.29,FALSE
2023-01-02,2023,1,Parainfluenza,1.13,FALSE
2023-01-09,2023,2,Parainfluenza,1.25,FALSE
2023-01-16,2023,3,Parainfluenza,1.27,FALSE
2023-01-23,2023,4,Parainfluenza,1.14,FALSE
2023-01-30,2023,5,Parainfluenza,1.37,FALSE
2023-02-06,2023,6,Parainfluenza,1.54,FALSE
2023-02-13,2023,7,Parainfluenza,1.83,FALSE
2023-02-20,2023,8,Parainfluenza,2.88,FALSE
2023-02-27,2023,9,Parainfluenza,3.12,FALSE
2023-03-06,2023,10,Parainfluenza,3.99,FALSE
2023-03-13,2023,11,Parainfluenza,5.53,FALSE
2023-03-20,2023,12,Parainfluenza,5.41,FALSE
2023-03-27,2023,13,Parainfluenza,6.39,FALSE
2023-04-03,2023,14,Parainfluenza,5.96,FALSE
2023-04-10,2023,15,Parainfluenza,6.67,FALSE
2023-04-17,2023,16,Parainfluenza,6.63,FALSE
2023-04-24,2023,17,Parainfluenza,6.01,FALSE
2023-05-01,2023,18,Parainfluenza,4.98,FALSE
2023-05-08,2023,19,Parainfluenza,4.41,FALSE
2023-05-15,2023,20,Parainfluenza,5.4,FALSE
2023-05-22,2023,21,Parainfluenza,4.99,FALSE
2023-05-29,2023,22,Parainfluenza,4.91,FALSE
2023-06-05,2023,23,Parainfluenza,4.7,FALSE
2023-06-12,2023,24,Parainfluenza,3.46,FALSE
2023-06-19,2023,25,Parainfluenza,3.37,FALSE
2023-06-26,2023,26,Parainfluenza,3.41,FALSE
2023-07-03,2023,27,Parainfluenza,3.45,FALSE
2023-07-10,2023,28,Parainfluenza,3.89,FALSE
2023-07-17,2023,29,Parainfluenza,4.38,FALSE
2023-07-24,2023,30,Parainfluenza,3.89,FALSE
2023-07-31,2023,31,Parainfluenza,3.6,FALSE
2023-08-07,2023,32,Parainfluenza,3.34,FALSE
2023-08-14,2023,33,Parainfluenza,2.05,FALSE
2023-08-21,2023,34,Parainfluenza,2.08,FALSE
2023-08-28,2023,35,Parainfluenza,1.4,FALSE
2023-09-04,2023,36,Parainfluenza,1.15,FALSE
2023-09-11,2023,37,Parainfluenza,1.2,FALSE
2023-09-18,2023,38,Parainfluenza,1.23,FALSE
2023-09-25,2023,39,Parainfluenza,1.35,FALSE
2023-10-02,2023,40,Parainfluenza,0.88,FALSE
2023-10-09,2023,41,Parainfluenza,1.1,FALSE
2023-10-16,2023,42,Parainfluenza,1.17,FALSE
2023-10-23,2023,43,Parainfluenza,1.12,FALSE
2023-10-30,2023,44,Parainfluenza,1.01,FALSE
2023-11-06,2023,45,Parainfluenza,1.01,FALSE
2023-11-13,2023,46,Parainfluenza,0.92,FALSE
2023-11-20,2023,47,Parainfluenza,1.39,FALSE
2023-11-27,2023,48,Parainfluenza,1.58,FALSE
2023-12-04,2023,49,Parainfluenza,1.5,FALSE
2023-12-11,2023,50,Parainfluenza,1.56,FALSE
2023-12-18,2023,51,Parainfluenza,1.88,FALSE
2023-12-25,2023,52,Parainfluenza,2.29,FALSE
2024-01-01,2024,1,Parainfluenza,2.83,FALSE
2024-01-08,2024,2,Parainfluenza,2.62,FALSE
2024-01-15,2024,3,Parainfluenza,2.68,FALSE
2024-01-22,2024,4,Parainfluenza,2.9,FALSE
2024-01-29,2024,5,Parainfluenza,2.46,FALSE
2024-02-05,2024,6,Parainfluenza,3.25,FALSE
2024-02-12,2024,7,Parainfluenza,3.84,FALSE
2024-02-19,2024,8,Parainfluenza,3.91,FALSE
2024-02-26,2024,9,Parainfluenza,5.07,FALSE
2024-03-04,2024,10,Parainfluenza,5.76,FALSE
2024-03-11,2024,11,Parainfluenza,7.55,FALSE
2024-03-18,2024,12,Parainfluenza,6.73,FALSE
2024-03-25,2024,13,Parainfluenza,7.15,FALSE
2024-04-01,2024,14,Parainfluenza,7.75,FALSE
2024-04-08,2024,15,Parainfluenza,6.33,FALSE
2024-04-15,2024,16,Parainfluenza,6.55,FALSE
2024-04-22,2024,17,Parainfluenza,5.12,FALSE
2024-04-29,2024,18,Parainfluenza,5.05,FALSE
2024-05-06,2024,19,Parainfluenza,4.48,FALSE
2024-05-13,2024,20,Parainfluenza,4.03,FALSE
2024-05-20,2024,21,Parainfluenza,3.3,FALSE
2024-05-27,2024,22,Parainfluenza,3.58,FALSE
2024-06-03,2024,23,Parainfluenza,3.3,FALSE
2024-06-10,2024,24,Parainfluenza,2.17,FALSE
2024-06-17,2024,25,Parainfluenza,2.85,FALSE
2024-06-24,2024,26,Parainfluenza,2.43,FALSE
2024-07-01,2024,27,Parainfluenza,2.5,FALSE
2024-07-08,2024,28,Parainfluenza,2.63,FALSE
2024-07-15,2024,29,Parainfluenza,2,FALSE
2024-07-22,2024,30,Parainfluenza,1.91,FALSE
2024-07-29,2024,31,Parainfluenza,2.15,FALSE
2024-08-05,2024,32,Parainfluenza,1.67,FALSE
2024-08-12,2024,33,Parainfluenza,1.71,FALSE
2024-08-19,2024,34,Parainfluenza,1.59,FALSE
2024-08-26,2024,35,Parainfluenza,1.31,FALSE
2024-09-02,2024,36,Parainfluenza,1.3,FALSE
2024-09-09,2024,37,Parainfluenza,0.91,FALSE
2024-09-16,2024,38,Parainfluenza,0.93,FALSE
2024-09-23,2024,39,Parainfluenza,1.22,FALSE
2024-09-30,2024,40,Parainfluenza,1.37,FALSE
2024-10-07,2024,41,Parainfluenza,1.78,FALSE
2024-10-14,2024,42,Parainfluenza,2.32,FALSE
2024-10-21,2024,43,Parainfluenza,2.27,FALSE
2024-10-28,2024,44,Parainfluenza,2.68,FALSE
2024-11-04,2024,45,Parainfluenza,2.96,FALSE
2024-11-11,2024,46,Parainfluenza,2.97,FALSE
2024-11-18,2024,47,Parainfluenza,2.83,FALSE
2024-11-25,2024,48,Parainfluenza,3,FALSE
2024-12-02,2024,49,Parainfluenza,2.32,FALSE
2024-12-09,2024,50,Parainfluenza,2.84,FALSE
2024-12-16,2024,51,Parainfluenza,2.56,FALSE
2024-12-23,2024,52,Parainfluenza,1.87,FALSE
2024-12-30,2024,1,Parainfluenza,1.56,FALSE
2025-01-06,2025,2,Parainfluenza,1.93,FALSE
2025-01-13,2025,3,Parainfluenza,1.37,FALSE
2025-01-20,2025,4,Parainfluenza,1.13,FALSE
2025-01-27,2025,5,Parainfluenza,0.87,FALSE
2025-02-03,2025,6,Parainfluenza,1.39,FALSE
2025-02-10,2025,7,Parainfluenza,1.43,FALSE
2025-02-17,2025,8,Parainfluenza,1.46,FALSE
2025-02-24,2025,9,Parainfluenza,1.78,FALSE
2025-03-03,2025,10,Parainfluenza,1.91,FALSE
2025-03-10,2025,11,Parainfluenza,2.06,FALSE
2025-03-17,2025,12,Parainfluenza,2.71,FALSE
2025-03-24,2025,13,Parainfluenza,2.97,FALSE
2025-03-31,2025,14,Parainfluenza,3.42,FALSE
2025-04-07,2025,15,Parainfluenza,4.27,FALSE
2025-04-14,2025,16,Parainfluenza,4.39,FALSE
2025-04-21,2025,17,Parainfluenza,3.81,FALSE
2025-04-28,2025,18,Parainfluenza,3.98,FALSE
2025-05-05,2025,19,Parainfluenza,4.32,FALSE
2025-05-12,2025,20,Parainfluenza,4.03,FALSE
2025-05-19,2025,21,Parainfluenza,5.33,FALSE
2025-05-26,2025,22,Parainfluenza,4.57,FALSE
2025-06-02,2025,23,Parainfluenza,3.42,FALSE
2025-06-09,2025,24,Parainfluenza,3.84,FALSE
2025-06-16,2025,25,Parainfluenza,3.4,FALSE
2025-06-23,2025,26,Parainfluenza,3.07,FALSE
2025-06-30,2025,27,Parainfluenza,3.15,FALSE
2025-07-07,2025,28,Parainfluenza,2.11,FALSE
2025-07-14,2025,29,Parainfluenza,3.06,FALSE
2025-07-21,2025,30,Parainfluenza,2.73,FALSE
2025-07-28,2025,31,Parainfluenza,2.86,FALSE
2025-08-04,2025,32,Parainfluenza,2.41,FALSE
2025-08-11,2025,33,Parainfluenza,2.36,FALSE
2025-08-18,2025,34,Parainfluenza,1.92,FALSE
2025-08-25,2025,35,Parainfluenza,1.26,FALSE
2025-09-01,2025,36,Parainfluenza,1.71,FALSE
2025-09-08,2025,37,Parainfluenza,1.65,FALSE
2025-09-15,2025,38,Parainfluenza,1.91,FALSE
2025-09-22,2025,39,Parainfluenza,1.52,FALSE
2025-09-29,2025,40,Parainfluenza,1.4,FALSE
2025-10-06,2025,41,Parainfluenza,1.53,FALSE
2025-10-13,2025,42,Parainfluenza,1.91,FALSE
2025-10-20,2025,43,Parainfluenza,2.56,FALSE
2025-10-27,2025,44,Parainfluenza,2.86,FALSE
2025-11-03,2025,45,Parainfluenza,1.96,FALSE
2025-11-10,2025,46,Parainfluenza,2.99,FALSE
2025-11-17,2025,47,Parainfluenza,3.85,FALSE
2025-11-24,2025,48,Parainfluenza,2.67,FALSE
2025-12-01,2025,49,Parainfluenza,3.11,FALSE
2025-12-08,2025,50,Parainfluenza,3.03,FALSE
2025-12-15,2025,51,Parainfluenza,2.85,FALSE
2025-12-22,2025,52,Parainfluenza,2.88,FALSE
2025-12-29,2025,1,Parainfluenza,3.25,FALSE
2026-01-05,2026,2,Parainfluenza,3.04,FALSE
2026-01-12,2026,3,Parainfluenza,2.7,FALSE
2026-01-19,2026,4,Parainfluenza,2.55,FALSE
2026-01-26,2026,5,Parainfluenza,2.23,FALSE
2026-02-02,2026,6,Parainfluenza,2.49,FALSE
2026-02-09,2026,7,Parainfluenza,2.39,FALSE
2026-02-16,2026,8,Parainfluenza,2.51,FALSE
2026-02-23,2026,9,Parainfluenza,2.71,FALSE
2026-03-02,2026,10,Parainfluenza,2.85,FALSE
2026-03-09,2026,11,Parainfluenza,3.58,FALSE
2026-03-16,2026,12,Parainfluenza,3.82,FALSE
2026-03-23,2026,13,Parainfluenza,3.48,FALSE
2026-03-30,2026,14,Parainfluenza,3.83,FALSE
2026-04-06,2026,15,Parainfluenza,3.49,FALSE
2026-04-13,2026,16,Parainfluenza,4.13,FALSE
2026-04-20,2026,17,Parainfluenza,4.23,FALSE
2026-04-27,2026,18,Parainfluenza,3.93,FALSE
2026-05-04,2026,19,Parainfluenza,3.73,FALSE
2026-05-11,2026,20,Parainfluenza,3.5,FALSE
2026-05-18,2026,21,Parainfluenza,3.43,FALSE
2026-05-25,2026,22,Parainfluenza,3.55,FALSE
2026-06-01,2026,23,Parainfluenza,4.06,FALSE
2026-06-08,2026,24,Parainfluenza,3.24,FALSE
2026-06-15,2026,25,Parainfluenza,2.78,FALSE
2026-06-22,2026,26,Parainfluenza,2.08,FALSE
2026-06-29,2026,27,Parainfluenza,2.32,FALSE
2026-07-06,2026,28,Parainfluenza,2.54,FALSE
2026-07-13,2026,29,Parainfluenza,2.06,FALSE
2026-07-20,2026,30,Parainfluenza,1.7,FALSE
2026-07-27,2026,31,Parainfluenza,2.27,FALSE
2026-08-03,2026,32,Parainfluenza,3.12,FALSE
2026-08-10,2026,33,Parainfluenza,3.31,FALSE
2026-08-17,2026,34,Parainfluenza,2.93,FALSE
2026-08-24,2026,35,Parainfluenza,1.71,FALSE
2026-08-31,2026,36,Parainfluenza,1.6,FALSE
2026-09-07,2026,37,Parainfluenza,1.6,FALSE
2026-09-14,2026,38,Parainfluenza,2.01,FALSE
2017-07-03,2017,27,RSV,0.29,FALSE
2017-07-10,2017,28,RSV,0.46,FALSE
2017-07-17,2017,29,RSV,0.4,FALSE
2017-07-24,2017,30,RSV,0.81,FALSE
2017-07-31,2017,31,RSV,1.17,FALSE
2017-08-07,2017,32,RSV,0.35,FALSE
2017-08-14,2017,33,RSV,0.54,FALSE
2017-08-21,2017,34,RSV,1.14,FALSE
2017-08-28,2017,35,RSV,1.22,FALSE
2017-09-04,2017,36,RSV,0.72,FALSE
2017-09-11,2017,37,RSV,0.88,FALSE
2017-09-18,2017,38,RSV,1.17,FALSE
2017-09-25,2017,39,RSV,1.89,FALSE
2017-10-02,2017,40,RSV,3.65,FALSE
2017-10-09,2017,41,RSV,4.15,FALSE
2017-10-16,2017,42,RSV,6.92,FALSE
2017-10-23,2017,43,RSV,9.4,FALSE
2017-10-30,2017,44,RSV,11.16,FALSE
2017-11-06,2017,45,RSV,14.8,FALSE
2017-11-13,2017,46,RSV,20.34,FALSE
2017-11-20,2017,47,RSV,22.79,FALSE
2017-11-27,2017,48,RSV,22.74,FALSE
2017-12-04,2017,49,RSV,20.92,FALSE
2017-12-11,2017,50,RSV,17.86,FALSE
2017-12-18,2017,51,RSV,15.28,FALSE
2017-12-25,2017,52,RSV,10.81,FALSE
2018-01-01,2018,1,RSV,7.65,FALSE
2018-01-08,2018,2,RSV,4.83,FALSE
2018-01-15,2018,3,RSV,4.01,FALSE
2018-01-22,2018,4,RSV,2.76,FALSE
2018-01-29,2018,5,RSV,2.33,FALSE
2018-02-05,2018,6,RSV,1.81,FALSE
2018-02-12,2018,7,RSV,1.78,FALSE
2018-02-19,2018,8,RSV,1.96,FALSE
2018-02-26,2018,9,RSV,1.23,FALSE
2018-03-05,2018,10,RSV,1.51,FALSE
2018-03-12,2018,11,RSV,1.54,FALSE
2018-03-19,2018,12,RSV,1.63,FALSE
2018-03-26,2018,13,RSV,1.86,FALSE
2018-04-02,2018,14,RSV,1.81,FALSE
2018-04-09,2018,15,RSV,1.64,FALSE
2018-04-16,2018,16,RSV,1.48,FALSE
2018-04-23,2018,17,RSV,1.45,FALSE
2018-04-30,2018,18,RSV,1.04,FALSE
2018-05-07,2018,19,RSV,0.91,FALSE
2018-05-14,2018,20,RSV,0.85,FALSE
2018-05-21,2018,21,RSV,0.8,FALSE
2018-05-28,2018,22,RSV,1.24,FALSE
2018-06-04,2018,23,RSV,1.32,FALSE
2018-06-11,2018,24,RSV,1.01,FALSE
2018-06-18,2018,25,RSV,0.51,FALSE
2018-06-25,2018,26,RSV,1.51,FALSE
2018-07-02,2018,27,RSV,0.94,FALSE
2018-07-09,2018,28,RSV,0.88,FALSE
2018-07-16,2018,29,RSV,0.62,FALSE
2018-07-23,2018,30,RSV,0.92,FALSE
2018-07-30,2018,31,RSV,0.89,FALSE
2018-08-06,2018,32,RSV,1.28,FALSE
2018-08-13,2018,33,RSV,0.86,FALSE
2018-08-20,2018,34,RSV,1.58,FALSE
2018-08-27,2018,35,RSV,2.67,FALSE
2018-09-03,2018,36,RSV,1.62,FALSE
2018-09-10,2018,37,RSV,1.48,FALSE
2018-09-17,2018,38,RSV,2.06,FALSE
2018-09-24,2018,39,RSV,3.38,FALSE
2018-10-01,2018,40,RSV,3.49,FALSE
2018-10-08,2018,41,RSV,5,FALSE
2018-10-15,2018,42,RSV,7.98,FALSE
2018-10-22,2018,43,RSV,11.39,FALSE
2018-10-29,2018,44,RSV,16.53,FALSE
2018-11-05,2018,45,RSV,19.32,FALSE
2018-11-12,2018,46,RSV,22.6,FALSE
2018-11-19,2018,47,RSV,24.72,FALSE
2018-11-26,2018,48,RSV,25.35,FALSE
2018-12-03,2018,49,RSV,22.54,FALSE
2018-12-10,2018,50,RSV,18.28,FALSE
2018-12-17,2018,51,RSV,13.02,FALSE
2018-12-24,2018,52,RSV,11.12,FALSE
2018-12-31,2018,1,RSV,10.04,FALSE
2019-01-07,2019,2,RSV,6.75,FALSE
2019-01-14,2019,3,RSV,6.34,FALSE
2019-01-21,2019,4,RSV,4.52,FALSE
2019-01-28,2019,5,RSV,3.73,FALSE
2019-02-04,2019,6,RSV,2.84,FALSE
2019-02-11,2019,7,RSV,2.67,FALSE
2019-02-18,2019,8,RSV,1.95,FALSE
2019-02-25,2019,9,RSV,2.07,FALSE
2019-03-04,2019,10,RSV,1.71,FALSE
2019-03-11,2019,11,RSV,1.35,FALSE
2019-03-18,2019,12,RSV,1.01,FALSE
2019-03-25,2019,13,RSV,0.96,FALSE
2019-04-01,2019,14,RSV,0.54,FALSE
2019-04-08,2019,15,RSV,0.94,FALSE
2019-04-15,2019,16,RSV,0.87,FALSE
2019-04-22,2019,17,RSV,0.32,FALSE
2019-04-29,2019,18,RSV,0.79,FALSE
2019-05-06,2019,19,RSV,0.52,FALSE
2019-05-13,2019,20,RSV,0.59,FALSE
2019-05-20,2019,21,RSV,0.5,FALSE
2019-05-27,2019,22,RSV,0.12,FALSE
2019-06-03,2019,23,RSV,0.2,FALSE
2019-06-10,2019,24,RSV,0.07,FALSE
2019-06-17,2019,25,RSV,0.51,FALSE
2019-06-24,2019,26,RSV,0.26,FALSE
2019-07-01,2019,27,RSV,0.25,FALSE
2019-07-08,2019,28,RSV,0.32,FALSE
2019-07-15,2019,29,RSV,0.26,FALSE
2019-07-22,2019,30,RSV,0.22,FALSE
2019-07-29,2019,31,RSV,0.45,FALSE
2019-08-05,2019,32,RSV,0.63,FALSE
2019-08-12,2019,33,RSV,0.65,FALSE
2019-08-19,2019,34,RSV,0.29,FALSE
2019-08-26,2019,35,RSV,1.51,FALSE
2019-09-02,2019,36,RSV,1.19,FALSE
2019-09-09,2019,37,RSV,1.1,FALSE
2019-09-16,2019,38,RSV,0.9,FALSE
2019-09-23,2019,39,RSV,1.17,FALSE
2019-09-30,2019,40,RSV,1.45,FALSE
2019-10-07,2019,41,RSV,1.81,FALSE
2019-10-14,2019,42,RSV,3.33,FALSE
2019-10-21,2019,43,RSV,5.01,FALSE
2019-10-28,2019,44,RSV,6.35,FALSE
2019-11-04,2019,45,RSV,8.96,FALSE
2019-11-11,2019,46,RSV,10.95,FALSE
2019-11-18,2019,47,RSV,13.31,FALSE
2019-11-25,2019,48,RSV,16.32,FALSE
2019-12-02,2019,49,RSV,16.47,FALSE
2019-12-09,2019,50,RSV,15.94,FALSE
2019-12-16,2019,51,RSV,14.88,FALSE
2019-12-23,2019,52,RSV,14.02,FALSE
2019-12-30,2019,1,RSV,12.74,FALSE
2020-01-06,2020,2,RSV,10.65,FALSE
2020-01-13,2020,3,RSV,7.41,FALSE
2020-01-20,2020,4,RSV,6.94,FALSE
2020-01-27,2020,5,RSV,5.52,FALSE
2020-02-03,2020,6,RSV,3.2,FALSE
2020-02-10,2020,7,RSV,2.51,FALSE
2020-02-17,2020,8,RSV,2.71,FALSE
2020-02-24,2020,9,RSV,1.22,FALSE
2020-03-02,2020,10,RSV,1.42,FALSE
2020-03-09,2020,11,RSV,1.01,FALSE
2020-03-16,2020,12,RSV,0.96,FALSE
2020-03-23,2020,13,RSV,0.4,FALSE
2020-03-30,2020,14,RSV,0.22,FALSE
2020-04-06,2020,15,RSV,0.14,FALSE
2020-04-13,2020,16,RSV,0.89,FALSE
2020-04-20,2020,17,RSV,0.75,FALSE
2020-04-27,2020,18,RSV,0.44,FALSE
2020-05-04,2020,19,RSV,0.21,FALSE
2020-05-11,2020,20,RSV,0,FALSE
2020-05-18,2020,21,RSV,0.31,FALSE
2020-05-25,2020,22,RSV,0,FALSE
2020-06-01,2020,23,RSV,0.2,FALSE
2020-06-08,2020,24,RSV,0.3,FALSE
2020-06-15,2020,25,RSV,0.12,FALSE
2020-06-22,2020,26,RSV,0.13,FALSE
2020-06-29,2020,27,RSV,0,FALSE
2020-07-06,2020,28,RSV,0.25,FALSE
2020-07-13,2020,29,RSV,0,FALSE
2020-07-20,2020,30,RSV,0,FALSE
2020-07-27,2020,31,RSV,0,FALSE
2020-08-03,2020,32,RSV,0,FALSE
2020-08-10,2020,33,RSV,0,FALSE
2020-08-17,2020,34,RSV,0,FALSE
2020-08-24,2020,35,RSV,0.1,FALSE
2020-08-31,2020,36,RSV,0.2,FALSE
2020-09-07,2020,37,RSV,0,FALSE
2020-09-14,2020,38,RSV,0.17,FALSE
2020-09-21,2020,39,RSV,0,FALSE
2020-09-28,2020,40,RSV,0.06,FALSE
2020-10-05,2020,41,RSV,0.06,FALSE
2020-10-12,2020,42,RSV,0,FALSE
2020-10-19,2020,43,RSV,0,FALSE
2020-10-26,2020,44,RSV,0.1,FALSE
2020-11-02,2020,45,RSV,0.05,FALSE
2020-11-09,2020,46,RSV,0.05,FALSE
2020-11-16,2020,47,RSV,0.26,FALSE
2020-11-23,2020,48,RSV,0.06,FALSE
2020-11-30,2020,49,RSV,0.09,FALSE
2020-12-07,2020,50,RSV,0,FALSE
2020-12-14,2020,51,RSV,0.04,FALSE
2020-12-21,2020,52,RSV,0.13,FALSE
2020-12-28,2020,53,RSV,0,FALSE
2021-01-04,2021,1,RSV,0,FALSE
2021-01-11,2021,2,RSV,0,FALSE
2021-01-18,2021,3,RSV,0,FALSE
2021-01-25,2021,4,RSV,0.02,FALSE
2021-02-01,2021,5,RSV,0,FALSE
2021-02-08,2021,6,RSV,0.02,FALSE
2021-02-15,2021,7,RSV,0,FALSE
2021-02-22,2021,8,RSV,0,FALSE
2021-03-01,2021,9,RSV,0.04,FALSE
2021-03-08,2021,10,RSV,0.02,FALSE
2021-03-15,2021,11,RSV,0.04,FALSE
2021-03-22,2021,12,RSV,0.05,FALSE
2021-03-29,2021,13,RSV,0.02,FALSE
2021-04-05,2021,14,RSV,0.05,FALSE
2021-04-12,2021,15,RSV,0.07,FALSE
2021-04-19,2021,16,RSV,0.04,FALSE
2021-04-26,2021,17,RSV,0.16,FALSE
2021-05-03,2021,18,RSV,0.09,FALSE
2021-05-10,2021,19,RSV,0.43,FALSE
2021-05-17,2021,20,RSV,0.51,FALSE
2021-05-24,2021,21,RSV,0.98,FALSE
2021-05-31,2021,22,RSV,1.89,FALSE
2021-06-07,2021,23,RSV,1.29,FALSE
2021-06-14,2021,24,RSV,1.64,FALSE
2021-06-21,2021,25,RSV,2.72,FALSE
2021-06-28,2021,26,RSV,3.62,FALSE
2021-07-05,2021,27,RSV,6.88,FALSE
2021-07-12,2021,28,RSV,8.85,FALSE
2021-07-19,2021,29,RSV,12.99,FALSE
2021-07-26,2021,30,RSV,14.56,FALSE
2021-08-02,2021,31,RSV,15,FALSE
2021-08-09,2021,32,RSV,14.11,FALSE
2021-08-16,2021,33,RSV,13.71,FALSE
2021-08-23,2021,34,RSV,13.68,FALSE
2021-08-30,2021,35,RSV,12.87,FALSE
2021-09-06,2021,36,RSV,9.94,FALSE
2021-09-13,2021,37,RSV,9.23,FALSE
2021-09-20,2021,38,RSV,8.02,FALSE
2021-09-27,2021,39,RSV,9.25,FALSE
2021-10-04,2021,40,RSV,11,FALSE
2021-10-11,2021,41,RSV,9.99,FALSE
2021-10-18,2021,42,RSV,9.85,FALSE
2021-10-25,2021,43,RSV,9.2,FALSE
2021-11-01,2021,44,RSV,7.92,FALSE
2021-11-08,2021,45,RSV,4.84,FALSE
2021-11-15,2021,46,RSV,4.04,FALSE
2021-11-22,2021,47,RSV,4.25,FALSE
2021-11-29,2021,48,RSV,4.65,FALSE
2021-12-06,2021,49,RSV,3.27,FALSE
2021-12-13,2021,50,RSV,3.56,FALSE
2021-12-20,2021,51,RSV,3.1,FALSE
2021-12-27,2021,52,RSV,2.44,FALSE
2022-01-03,2022,1,RSV,2.5,FALSE
2022-01-10,2022,2,RSV,1.86,FALSE
2022-01-17,2022,3,RSV,1.52,FALSE
2022-01-24,2022,4,RSV,1.85,FALSE
2022-01-31,2022,5,RSV,0.78,FALSE
2022-02-07,2022,6,RSV,1.76,FALSE
2022-02-14,2022,7,RSV,1.03,FALSE
2022-02-21,2022,8,RSV,0.68,FALSE
2022-02-28,2022,9,RSV,1.22,FALSE
2022-03-07,2022,10,RSV,1.69,FALSE
2022-03-14,2022,11,RSV,0.93,FALSE
2022-03-21,2022,12,RSV,0.79,FALSE
2022-03-28,2022,13,RSV,0.66,FALSE
2022-04-04,2022,14,RSV,1.82,FALSE
2022-04-11,2022,15,RSV,2.08,FALSE
2022-04-18,2022,16,RSV,1.88,FALSE
2022-04-25,2022,17,RSV,1.41,FALSE
2022-05-02,2022,18,RSV,2.11,FALSE
2022-05-09,2022,19,RSV,3.34,FALSE
2022-05-16,2022,20,RSV,3.04,FALSE
2022-05-23,2022,21,RSV,4.16,FALSE
2022-05-30,2022,22,RSV,4.64,FALSE
2022-06-06,2022,23,RSV,4.07,FALSE
2022-06-13,2022,24,RSV,3.83,FALSE
2022-06-20,2022,25,RSV,4.8,FALSE
2022-06-27,2022,26,RSV,5.02,FALSE
2022-07-04,2022,27,RSV,5.03,FALSE
2022-07-11,2022,28,RSV,7.02,FALSE
2022-07-18,2022,29,RSV,5.91,FALSE
2022-07-25,2022,30,RSV,6.25,FALSE
2022-08-01,2022,31,RSV,5.71,FALSE
2022-08-08,2022,32,RSV,5.99,FALSE
2022-08-15,2022,33,RSV,4.23,FALSE
2022-08-22,2022,34,RSV,2.67,FALSE
2022-08-29,2022,35,RSV,2.97,FALSE
2022-09-05,2022,36,RSV,3.31,FALSE
2022-09-12,2022,37,RSV,3.27,FALSE
2022-09-19,2022,38,RSV,3.16,FALSE
2022-09-26,2022,39,RSV,3.35,FALSE
2022-10-03,2022,40,RSV,3.22,FALSE
2022-10-10,2022,41,RSV,5.18,FALSE
2022-10-17,2022,42,RSV,6.61,FALSE
2022-10-24,2022,43,RSV,9.4,FALSE
2022-10-31,2022,44,RSV,9.19,FALSE
2022-11-07,2022,45,RSV,10.37,FALSE
2022-11-14,2022,46,RSV,12.92,FALSE
2022-11-21,2022,47,RSV,13.68,FALSE
2022-11-28,2022,48,RSV,11.05,FALSE
2022-12-05,2022,49,RSV,10.02,FALSE
2022-12-12,2022,50,RSV,7.91,FALSE
2022-12-19,2022,51,RSV,7.91,FALSE
2022-12-26,2022,52,RSV,7.11,FALSE
2023-01-02,2023,1,RSV,5.93,FALSE
2023-01-09,2023,2,RSV,5.05,FALSE
2023-01-16,2023,3,RSV,4.01,FALSE
2023-01-23,2023,4,RSV,3.19,FALSE
2023-01-30,2023,5,RSV,2.72,FALSE
2023-02-06,2023,6,RSV,2.46,FALSE
2023-02-13,2023,7,RSV,1.92,FALSE
2023-02-20,2023,8,RSV,1.91,FALSE
2023-02-27,2023,9,RSV,1.28,FALSE
2023-03-06,2023,10,RSV,1.51,FALSE
2023-03-13,2023,11,RSV,1.01,FALSE
2023-03-20,2023,12,RSV,0.77,FALSE
2023-03-27,2023,13,RSV,0.52,FALSE
2023-04-03,2023,14,RSV,0.74,FALSE
2023-04-10,2023,15,RSV,0.77,FALSE
2023-04-17,2023,16,RSV,0.61,FALSE
2023-04-24,2023,17,RSV,0.35,FALSE
2023-05-01,2023,18,RSV,0.64,FALSE
2023-05-08,2023,19,RSV,1.21,FALSE
2023-05-15,2023,20,RSV,0.59,FALSE
2023-05-22,2023,21,RSV,0.36,FALSE
2023-05-29,2023,22,RSV,0.59,FALSE
2023-06-05,2023,23,RSV,0.38,FALSE
2023-06-12,2023,24,RSV,0.46,FALSE
2023-06-19,2023,25,RSV,0.32,FALSE
2023-06-26,2023,26,RSV,0.27,FALSE
2023-07-03,2023,27,RSV,0.4,FALSE
2023-07-10,2023,28,RSV,0.71,FALSE
2023-07-17,2023,29,RSV,0.27,FALSE
2023-07-24,2023,30,RSV,0.4,FALSE
2023-07-31,2023,31,RSV,0.93,FALSE
2023-08-07,2023,32,RSV,2.28,FALSE
2023-08-14,2023,33,RSV,0.97,FALSE
2023-08-21,2023,34,RSV,0.79,FALSE
2023-08-28,2023,35,RSV,1.13,FALSE
2023-09-04,2023,36,RSV,1.54,FALSE
2023-09-11,2023,37,RSV,2.57,FALSE
2023-09-18,2023,38,RSV,1.59,FALSE
2023-09-25,2023,39,RSV,2.16,FALSE
2023-10-02,2023,40,RSV,4,FALSE
2023-10-09,2023,41,RSV,4.72,FALSE
2023-10-16,2023,42,RSV,6.65,FALSE
2023-10-23,2023,43,RSV,9.35,FALSE
2023-10-30,2023,44,RSV,11.08,FALSE
2023-11-06,2023,45,RSV,11.87,FALSE
2023-11-13,2023,46,RSV,13.89,FALSE
2023-11-20,2023,47,RSV,14.1,FALSE
2023-11-27,2023,48,RSV,13.4,FALSE
2023-12-04,2023,49,RSV,11.67,FALSE
2023-12-11,2023,50,RSV,9.61,FALSE
2023-12-18,2023,51,RSV,8.39,FALSE
2023-12-25,2023,52,RSV,6.51,FALSE
2024-01-01,2024,1,RSV,4.84,FALSE
2024-01-08,2024,2,RSV,3.98,FALSE
2024-01-15,2024,3,RSV,2.74,FALSE
2024-01-22,2024,4,RSV,2.02,FALSE
2024-01-29,2024,5,RSV,1.51,FALSE
2024-02-05,2024,6,RSV,1.27,FALSE
2024-02-12,2024,7,RSV,1.08,FALSE
2024-02-19,2024,8,RSV,1,FALSE
2024-02-26,2024,9,RSV,0.67,FALSE
2024-03-04,2024,10,RSV,0.86,FALSE
2024-03-11,2024,11,RSV,0.89,FALSE
2024-03-18,2024,12,RSV,0.82,FALSE
2024-03-25,2024,13,RSV,0.46,FALSE
2024-04-01,2024,14,RSV,0.57,FALSE
2024-04-08,2024,15,RSV,0.48,FALSE
2024-04-15,2024,16,RSV,0.44,FALSE
2024-04-22,2024,17,RSV,0.32,FALSE
2024-04-29,2024,18,RSV,0.44,FALSE
2024-05-06,2024,19,RSV,0.42,FALSE
2024-05-13,2024,20,RSV,0.29,FALSE
2024-05-20,2024,21,RSV,0.26,FALSE
2024-05-27,2024,22,RSV,0.35,FALSE
2024-06-03,2024,23,RSV,0.45,FALSE
2024-06-10,2024,24,RSV,1.09,FALSE
2024-06-17,2024,25,RSV,0.21,FALSE
2024-06-24,2024,26,RSV,0.26,FALSE
2024-07-01,2024,27,RSV,0.27,FALSE
2024-07-08,2024,28,RSV,1.01,FALSE
2024-07-15,2024,29,RSV,0.37,FALSE
2024-07-22,2024,30,RSV,0.3,FALSE
2024-07-29,2024,31,RSV,0.34,FALSE
2024-08-05,2024,32,RSV,0.54,FALSE
2024-08-12,2024,33,RSV,1.27,FALSE
2024-08-19,2024,34,RSV,0.48,FALSE
2024-08-26,2024,35,RSV,0.62,FALSE
2024-09-02,2024,36,RSV,0.34,FALSE
2024-09-09,2024,37,RSV,0.95,FALSE
2024-09-16,2024,38,RSV,0.77,FALSE
2024-09-23,2024,39,RSV,0.65,FALSE
2024-09-30,2024,40,RSV,1.35,FALSE
2024-10-07,2024,41,RSV,2.09,FALSE
2024-10-14,2024,42,RSV,3.22,FALSE
2024-10-21,2024,43,RSV,5,FALSE
2024-10-28,2024,44,RSV,6.62,FALSE
2024-11-04,2024,45,RSV,9.38,FALSE
2024-11-11,2024,46,RSV,11.78,FALSE
2024-11-18,2024,47,RSV,13.41,FALSE
2024-11-25,2024,48,RSV,15.26,FALSE
2024-12-02,2024,49,RSV,12.91,FALSE
2024-12-09,2024,50,RSV,11.54,FALSE
2024-12-16,2024,51,RSV,9.26,FALSE
2024-12-23,2024,52,RSV,7.38,FALSE
2024-12-30,2024,1,RSV,5.95,FALSE
2025-01-06,2025,2,RSV,4.84,FALSE
2025-01-13,2025,3,RSV,4.37,FALSE
2025-01-20,2025,4,RSV,3.91,FALSE
2025-01-27,2025,5,RSV,2.5,FALSE
2025-02-03,2025,6,RSV,2.36,FALSE
2025-02-10,2025,7,RSV,2.35,FALSE
2025-02-17,2025,8,RSV,1.82,FALSE
2025-02-24,2025,9,RSV,1.63,FALSE
2025-03-03,2025,10,RSV,0.83,FALSE
2025-03-10,2025,11,RSV,1.08,FALSE
2025-03-17,2025,12,RSV,1.31,FALSE
2025-03-24,2025,13,RSV,0.9,FALSE
2025-03-31,2025,14,RSV,1.19,FALSE
2025-04-07,2025,15,RSV,0.64,FALSE
2025-04-14,2025,16,RSV,0.68,FALSE
2025-04-21,2025,17,RSV,0.31,FALSE
2025-04-28,2025,18,RSV,0.44,FALSE
2025-05-05,2025,19,RSV,0.26,FALSE
2025-05-12,2025,20,RSV,0.19,FALSE
2025-05-19,2025,21,RSV,0.27,FALSE
2025-05-26,2025,22,RSV,0.32,FALSE
2025-06-02,2025,23,RSV,0.16,FALSE
2025-06-09,2025,24,RSV,0.26,FALSE
2025-06-16,2025,25,RSV,0.17,FALSE
2025-06-23,2025,26,RSV,0.18,FALSE
2025-06-30,2025,27,RSV,0.19,FALSE
2025-07-07,2025,28,RSV,0.56,FALSE
2025-07-14,2025,29,RSV,0.11,FALSE
2025-07-21,2025,30,RSV,0.3,FALSE
2025-07-28,2025,31,RSV,0.19,FALSE
2025-08-04,2025,32,RSV,0.19,FALSE
2025-08-11,2025,33,RSV,0.45,FALSE
2025-08-18,2025,34,RSV,0.31,FALSE
2025-08-25,2025,35,RSV,0.23,FALSE
2025-09-01,2025,36,RSV,0.33,FALSE
2025-09-08,2025,37,RSV,0.57,FALSE
2025-09-15,2025,38,RSV,0.38,FALSE
2025-09-22,2025,39,RSV,0.43,FALSE
2025-09-29,2025,40,RSV,0.6,FALSE
2025-10-06,2025,41,RSV,1.05,FALSE
2025-10-13,2025,42,RSV,1.34,FALSE
2025-10-20,2025,43,RSV,2.47,FALSE
2025-10-27,2025,44,RSV,2.8,FALSE
2025-11-03,2025,45,RSV,4.1,FALSE
2025-11-10,2025,46,RSV,6.7,FALSE
2025-11-17,2025,47,RSV,8.67,FALSE
2025-11-24,2025,48,RSV,9.94,FALSE
2025-12-01,2025,49,RSV,10.86,FALSE
2025-12-08,2025,50,RSV,10.01,FALSE
2025-12-15,2025,51,RSV,10.12,FALSE
2025-12-22,2025,52,RSV,10.09,FALSE
2025-12-29,2025,1,RSV,8.62,FALSE
2026-01-05,2026,2,RSV,7.22,FALSE
2026-01-12,2026,3,RSV,6.6,FALSE
2026-01-19,2026,4,RSV,5.99,FALSE
2026-01-26,2026,5,RSV,4.86,FALSE
2026-02-02,2026,6,RSV,4.63,FALSE
2026-02-09,2026,7,RSV,3.62,FALSE
2026-02-16,2026,8,RSV,2.68,FALSE
2026-02-23,2026,9,RSV,2.03,FALSE
2026-03-02,2026,10,RSV,1.39,FALSE
2026-03-09,2026,11,RSV,1.08,FALSE
2026-03-16,2026,12,RSV,1.15,FALSE
2026-03-23,2026,13,RSV,1.02,FALSE
2026-03-30,2026,14,RSV,1.1,FALSE
2026-04-06,2026,15,RSV,0.62,FALSE
2026-04-13,2026,16,RSV,0.83,FALSE
2026-04-20,2026,17,RSV,0.4,FALSE
2026-04-27,2026,18,RSV,0.42,FALSE
2026-05-04,2026,19,RSV,0.26,FALSE
2026-05-11,2026,20,RSV,0.31,FALSE
2026-05-18,2026,21,RSV,0.34,FALSE
2026-05-25,2026,22,RSV,0.24,FALSE
2026-06-01,2026,23,RSV,0.37,FALSE
2026-06-08,2026,24,RSV,0.41,FALSE
2026-06-15,2026,25,RSV,0.16,FALSE
2026-06-22,2026,26,RSV,0.24,FALSE
2026-06-29,2026,27,RSV,0.15,FALSE
2026-07-06,2026,28,RSV,0.32,FALSE
2026-07-13,2026,29,RSV,0.43,FALSE
2026-07-20,2026,30,RSV,0.26,FALSE
2026-07-27,2026,31,RSV,0.21,FALSE
2026-08-03,2026,32,RSV,0.23,FALSE
2026-08-10,2026,33,RSV,0.13,FALSE
2026-08-17,2026,34,RSV,0.2,FALSE
2026-08-24,2026,35,RSV,0.11,FALSE
2026-08-31,2026,36,RSV,0.11,FALSE
2026-09-07,2026,37,RSV,0.61,FALSE
2026-09-14,2026,38,RSV,0.37,FALSE
2017-07-03,2017,27,Rhinovirus,16.9,FALSE
2017-07-10,2017,28,Rhinovirus,17.04,FALSE
2017-07-17,2017,29,Rhinovirus,16.9,FALSE
2017-07-24,2017,30,Rhinovirus,16.1,FALSE
2017-07-31,2017,31,Rhinovirus,15.41,FALSE
2017-08-07,2017,32,Rhinovirus,16.12,FALSE
2017-08-14,2017,33,Rhinovirus,12.46,FALSE
2017-08-21,2017,34,Rhinovirus,14.77,FALSE
2017-08-28,2017,35,Rhinovirus,15.97,FALSE
2017-09-04,2017,36,Rhinovirus,16.18,FALSE
2017-09-11,2017,37,Rhinovirus,22.64,FALSE
2017-09-18,2017,38,Rhinovirus,24.38,FALSE
2017-09-25,2017,39,Rhinovirus,26.67,FALSE
2017-10-02,2017,40,Rhinovirus,26.81,FALSE
2017-10-09,2017,41,Rhinovirus,26.65,FALSE
2017-10-16,2017,42,Rhinovirus,22.66,FALSE
2017-10-23,2017,43,Rhinovirus,22.59,FALSE
2017-10-30,2017,44,Rhinovirus,20.18,FALSE
2017-11-06,2017,45,Rhinovirus,17.96,FALSE
2017-11-13,2017,46,Rhinovirus,17.6,FALSE
2017-11-20,2017,47,Rhinovirus,18.21,FALSE
2017-11-27,2017,48,Rhinovirus,14.8,FALSE
2017-12-04,2017,49,Rhinovirus,12.49,FALSE
2017-12-11,2017,50,Rhinovirus,10.76,FALSE
2017-12-18,2017,51,Rhinovirus,9.57,FALSE
2017-12-25,2017,52,Rhinovirus,6.9,FALSE
2018-01-01,2018,1,Rhinovirus,6.46,FALSE
2018-01-08,2018,2,Rhinovirus,5.7,FALSE
2018-01-15,2018,3,Rhinovirus,5.51,FALSE
2018-01-22,2018,4,Rhinovirus,7.59,FALSE
2018-01-29,2018,5,Rhinovirus,8.21,FALSE
2018-02-05,2018,6,Rhinovirus,8.57,FALSE
2018-02-12,2018,7,Rhinovirus,8.09,FALSE
2018-02-19,2018,8,Rhinovirus,7.88,FALSE
2018-02-26,2018,9,Rhinovirus,9.07,FALSE
2018-03-05,2018,10,Rhinovirus,8.04,FALSE
2018-03-12,2018,11,Rhinovirus,8.74,FALSE
2018-03-19,2018,12,Rhinovirus,10.13,FALSE
2018-03-26,2018,13,Rhinovirus,10.92,FALSE
2018-04-02,2018,14,Rhinovirus,11.73,FALSE
2018-04-09,2018,15,Rhinovirus,10.98,FALSE
2018-04-16,2018,16,Rhinovirus,11.6,FALSE
2018-04-23,2018,17,Rhinovirus,12.78,FALSE
2018-04-30,2018,18,Rhinovirus,15.39,FALSE
2018-05-07,2018,19,Rhinovirus,17.25,FALSE
2018-05-14,2018,20,Rhinovirus,15.57,FALSE
2018-05-21,2018,21,Rhinovirus,17.4,FALSE
2018-05-28,2018,22,Rhinovirus,13.38,FALSE
2018-06-04,2018,23,Rhinovirus,14.21,FALSE
2018-06-11,2018,24,Rhinovirus,14.02,FALSE
2018-06-18,2018,25,Rhinovirus,16.9,FALSE
2018-06-25,2018,26,Rhinovirus,18.5,FALSE
2018-07-02,2018,27,Rhinovirus,16.99,FALSE
2018-07-09,2018,28,Rhinovirus,14.24,FALSE
2018-07-16,2018,29,Rhinovirus,15.28,FALSE
2018-07-23,2018,30,Rhinovirus,13.45,FALSE
2018-07-30,2018,31,Rhinovirus,14.04,FALSE
2018-08-06,2018,32,Rhinovirus,12.18,FALSE
2018-08-13,2018,33,Rhinovirus,10.25,FALSE
2018-08-20,2018,34,Rhinovirus,12.97,FALSE
2018-08-27,2018,35,Rhinovirus,12.99,FALSE
2018-09-03,2018,36,Rhinovirus,14.72,FALSE
2018-09-10,2018,37,Rhinovirus,18.63,FALSE
2018-09-17,2018,38,Rhinovirus,21.52,FALSE
2018-09-24,2018,39,Rhinovirus,21.33,FALSE
2018-10-01,2018,40,Rhinovirus,18.57,FALSE
2018-10-08,2018,41,Rhinovirus,18.87,FALSE
2018-10-15,2018,42,Rhinovirus,18.67,FALSE
2018-10-22,2018,43,Rhinovirus,17.87,FALSE
2018-10-29,2018,44,Rhinovirus,16.54,FALSE
2018-11-05,2018,45,Rhinovirus,13.44,FALSE
2018-11-12,2018,46,Rhinovirus,12.09,FALSE
2018-11-19,2018,47,Rhinovirus,13.36,FALSE
2018-11-26,2018,48,Rhinovirus,12.96,FALSE
2018-12-03,2018,49,Rhinovirus,12.08,FALSE
2018-12-10,2018,50,Rhinovirus,13.64,FALSE
2018-12-17,2018,51,Rhinovirus,13.78,FALSE
2018-12-24,2018,52,Rhinovirus,11.41,FALSE
2018-12-31,2018,1,Rhinovirus,12,FALSE
2019-01-07,2019,2,Rhinovirus,9.32,FALSE
2019-01-14,2019,3,Rhinovirus,8.52,FALSE
2019-01-21,2019,4,Rhinovirus,9.27,FALSE
2019-01-28,2019,5,Rhinovirus,9.45,FALSE
2019-02-04,2019,6,Rhinovirus,9.8,FALSE
2019-02-11,2019,7,Rhinovirus,8.24,FALSE
2019-02-18,2019,8,Rhinovirus,10.55,FALSE
2019-02-25,2019,9,Rhinovirus,10.2,FALSE
2019-03-04,2019,10,Rhinovirus,10.4,FALSE
2019-03-11,2019,11,Rhinovirus,12.09,FALSE
2019-03-18,2019,12,Rhinovirus,14.4,FALSE
2019-03-25,2019,13,Rhinovirus,14.27,FALSE
2019-04-01,2019,14,Rhinovirus,15.22,FALSE
2019-04-08,2019,15,Rhinovirus,11.87,FALSE
2019-04-15,2019,16,Rhinovirus,11.21,FALSE
2019-04-22,2019,17,Rhinovirus,11.19,FALSE
2019-04-29,2019,18,Rhinovirus,11.7,FALSE
2019-05-06,2019,19,Rhinovirus,12.75,FALSE
2019-05-13,2019,20,Rhinovirus,16.52,FALSE
2019-05-20,2019,21,Rhinovirus,15.39,FALSE
2019-05-27,2019,22,Rhinovirus,16.04,FALSE
2019-06-03,2019,23,Rhinovirus,14.6,FALSE
2019-06-10,2019,24,Rhinovirus,15.58,FALSE
2019-06-17,2019,25,Rhinovirus,19.49,FALSE
2019-06-24,2019,26,Rhinovirus,18.7,FALSE
2019-07-01,2019,27,Rhinovirus,14.94,FALSE
2019-07-08,2019,28,Rhinovirus,15.72,FALSE
2019-07-15,2019,29,Rhinovirus,15.68,FALSE
2019-07-22,2019,30,Rhinovirus,16.37,FALSE
2019-07-29,2019,31,Rhinovirus,11.67,FALSE
2019-08-05,2019,32,Rhinovirus,10.41,FALSE
2019-08-12,2019,33,Rhinovirus,9.71,FALSE
2019-08-19,2019,34,Rhinovirus,13.35,FALSE
2019-08-26,2019,35,Rhinovirus,11.68,FALSE
2019-09-02,2019,36,Rhinovirus,11.93,FALSE
2019-09-09,2019,37,Rhinovirus,17.94,FALSE
2019-09-16,2019,38,Rhinovirus,23.14,FALSE
2019-09-23,2019,39,Rhinovirus,25.97,FALSE
2019-09-30,2019,40,Rhinovirus,23.72,FALSE
2019-10-07,2019,41,Rhinovirus,22.83,FALSE
2019-10-14,2019,42,Rhinovirus,22.83,FALSE
2019-10-21,2019,43,Rhinovirus,20.55,FALSE
2019-10-28,2019,44,Rhinovirus,18.9,FALSE
2019-11-04,2019,45,Rhinovirus,14.99,FALSE
2019-11-11,2019,46,Rhinovirus,15.81,FALSE
2019-11-18,2019,47,Rhinovirus,13.78,FALSE
2019-11-25,2019,48,Rhinovirus,10.41,FALSE
2019-12-02,2019,49,Rhinovirus,10.4,FALSE
2019-12-09,2019,50,Rhinovirus,8.71,FALSE
2019-12-16,2019,51,Rhinovirus,7.11,FALSE
2019-12-23,2019,52,Rhinovirus,8.6,FALSE
2019-12-30,2019,1,Rhinovirus,8.58,FALSE
2020-01-06,2020,2,Rhinovirus,7.6,FALSE
2020-01-13,2020,3,Rhinovirus,8.12,FALSE
2020-01-20,2020,4,Rhinovirus,12.68,FALSE
2020-01-27,2020,5,Rhinovirus,12.36,FALSE
2020-02-03,2020,6,Rhinovirus,12.66,FALSE
2020-02-10,2020,7,Rhinovirus,12.09,FALSE
2020-02-17,2020,8,Rhinovirus,11.99,FALSE
2020-02-24,2020,9,Rhinovirus,9.11,FALSE
2020-03-02,2020,10,Rhinovirus,10.98,FALSE
2020-03-09,2020,11,Rhinovirus,11.32,FALSE
2020-03-16,2020,12,Rhinovirus,9.03,FALSE
2020-03-23,2020,13,Rhinovirus,6.88,FALSE
2020-03-30,2020,14,Rhinovirus,4.47,FALSE
2020-04-06,2020,15,Rhinovirus,3.25,FALSE
2020-04-13,2020,16,Rhinovirus,2.59,FALSE
2020-04-20,2020,17,Rhinovirus,2.73,FALSE
2020-04-27,2020,18,Rhinovirus,2.84,FALSE
2020-05-04,2020,19,Rhinovirus,3.18,FALSE
2020-05-11,2020,20,Rhinovirus,2.4,FALSE
2020-05-18,2020,21,Rhinovirus,1.91,FALSE
2020-05-25,2020,22,Rhinovirus,2.85,FALSE
2020-06-01,2020,23,Rhinovirus,2.21,FALSE
2020-06-08,2020,24,Rhinovirus,1.75,FALSE
2020-06-15,2020,25,Rhinovirus,2.88,FALSE
2020-06-22,2020,26,Rhinovirus,1.7,FALSE
2020-06-29,2020,27,Rhinovirus,0.67,FALSE
2020-07-06,2020,28,Rhinovirus,1.86,FALSE
2020-07-13,2020,29,Rhinovirus,2.22,FALSE
2020-07-20,2020,30,Rhinovirus,3.03,FALSE
2020-07-27,2020,31,Rhinovirus,4.35,FALSE
2020-08-03,2020,32,Rhinovirus,6.82,FALSE
2020-08-10,2020,33,Rhinovirus,6.61,FALSE
2020-08-17,2020,34,Rhinovirus,6.97,FALSE
2020-08-24,2020,35,Rhinovirus,8.4,FALSE
2020-08-31,2020,36,Rhinovirus,8.56,FALSE
2020-09-07,2020,37,Rhinovirus,16.34,FALSE
2020-09-14,2020,38,Rhinovirus,23.82,FALSE
2020-09-21,2020,39,Rhinovirus,24.49,FALSE
2020-09-28,2020,40,Rhinovirus,24.36,FALSE
2020-10-05,2020,41,Rhinovirus,21.53,FALSE
2020-10-12,2020,42,Rhinovirus,20.45,FALSE
2020-10-19,2020,43,Rhinovirus,17.65,FALSE
2020-10-26,2020,44,Rhinovirus,17.25,FALSE
2020-11-02,2020,45,Rhinovirus,15.5,FALSE
2020-11-09,2020,46,Rhinovirus,16.11,FALSE
2020-11-16,2020,47,Rhinovirus,13.16,FALSE
2020-11-23,2020,48,Rhinovirus,12.12,FALSE
2020-11-30,2020,49,Rhinovirus,11.27,FALSE
2020-12-07,2020,50,Rhinovirus,10.32,FALSE
2020-12-14,2020,51,Rhinovirus,10.88,FALSE
2020-12-21,2020,52,Rhinovirus,9.15,FALSE
2020-12-28,2020,53,Rhinovirus,10.81,FALSE
2021-01-04,2021,1,Rhinovirus,6.38,FALSE
2021-01-11,2021,2,Rhinovirus,5.22,FALSE
2021-01-18,2021,3,Rhinovirus,4.18,FALSE
2021-01-25,2021,4,Rhinovirus,2.1,FALSE
2021-02-01,2021,5,Rhinovirus,3.04,FALSE
2021-02-08,2021,6,Rhinovirus,3.73,FALSE
2021-02-15,2021,7,Rhinovirus,3.72,FALSE
2021-02-22,2021,8,Rhinovirus,2.55,FALSE
2021-03-01,2021,9,Rhinovirus,3.49,FALSE
2021-03-08,2021,10,Rhinovirus,3.9,FALSE
2021-03-15,2021,11,Rhinovirus,6.65,FALSE
2021-03-22,2021,12,Rhinovirus,10.26,FALSE
2021-03-29,2021,13,Rhinovirus,14.09,FALSE
2021-04-05,2021,14,Rhinovirus,11.93,FALSE
2021-04-12,2021,15,Rhinovirus,12.09,FALSE
2021-04-19,2021,16,Rhinovirus,8.6,FALSE
2021-04-26,2021,17,Rhinovirus,7.87,FALSE
2021-05-03,2021,18,Rhinovirus,11.32,FALSE
2021-05-10,2021,19,Rhinovirus,11.2,FALSE
2021-05-17,2021,20,Rhinovirus,13.35,FALSE
2021-05-24,2021,21,Rhinovirus,11.51,FALSE
2021-05-31,2021,22,Rhinovirus,11.62,FALSE
2021-06-07,2021,23,Rhinovirus,8.38,FALSE
2021-06-14,2021,24,Rhinovirus,8.61,FALSE
2021-06-21,2021,25,Rhinovirus,8.19,FALSE
2021-06-28,2021,26,Rhinovirus,12.14,FALSE
2021-07-05,2021,27,Rhinovirus,12.33,FALSE
2021-07-12,2021,28,Rhinovirus,11.91,FALSE
2021-07-19,2021,29,Rhinovirus,11.22,FALSE
2021-07-26,2021,30,Rhinovirus,9.11,FALSE
2021-08-02,2021,31,Rhinovirus,7.49,FALSE
2021-08-09,2021,32,Rhinovirus,6.57,FALSE
2021-08-16,2021,33,Rhinovirus,9.31,FALSE
2021-08-23,2021,34,Rhinovirus,7.8,FALSE
2021-08-30,2021,35,Rhinovirus,9.47,FALSE
2021-09-06,2021,36,Rhinovirus,14.95,FALSE
2021-09-13,2021,37,Rhinovirus,17.65,FALSE
2021-09-20,2021,38,Rhinovirus,22.97,FALSE
2021-09-27,2021,39,Rhinovirus,22.49,FALSE
2021-10-04,2021,40,Rhinovirus,18.36,FALSE
2021-10-11,2021,41,Rhinovirus,16.08,FALSE
2021-10-18,2021,42,Rhinovirus,15.85,FALSE
2021-10-25,2021,43,Rhinovirus,13.16,FALSE
2021-11-01,2021,44,Rhinovirus,11.04,FALSE
2021-11-08,2021,45,Rhinovirus,11.8,FALSE
2021-11-15,2021,46,Rhinovirus,11.43,FALSE
2021-11-22,2021,47,Rhinovirus,14.09,FALSE
2021-11-29,2021,48,Rhinovirus,13.42,FALSE
2021-12-06,2021,49,Rhinovirus,12.69,FALSE
2021-12-13,2021,50,Rhinovirus,12.61,FALSE
2021-12-20,2021,51,Rhinovirus,11.48,FALSE
2021-12-27,2021,52,Rhinovirus,12.61,FALSE
2022-01-03,2022,1,Rhinovirus,8.64,FALSE
2022-01-10,2022,2,Rhinovirus,9.38,FALSE
2022-01-17,2022,3,Rhinovirus,11.24,FALSE
2022-01-24,2022,4,Rhinovirus,13.4,FALSE
2022-01-31,2022,5,Rhinovirus,13.05,FALSE
2022-02-07,2022,6,Rhinovirus,13.72,FALSE
2022-02-14,2022,7,Rhinovirus,11.99,FALSE
2022-02-21,2022,8,Rhinovirus,11.89,FALSE
2022-02-28,2022,9,Rhinovirus,12.86,FALSE
2022-03-07,2022,10,Rhinovirus,11.46,FALSE
2022-03-14,2022,11,Rhinovirus,12.61,FALSE
2022-03-21,2022,12,Rhinovirus,11.11,FALSE
2022-03-28,2022,13,Rhinovirus,10.66,FALSE
2022-04-04,2022,14,Rhinovirus,8.59,FALSE
2022-04-11,2022,15,Rhinovirus,7.21,FALSE
2022-04-18,2022,16,Rhinovirus,8.09,FALSE
2022-04-25,2022,17,Rhinovirus,7.46,FALSE
2022-05-02,2022,18,Rhinovirus,10.53,FALSE
2022-05-09,2022,19,Rhinovirus,13.66,FALSE
2022-05-16,2022,20,Rhinovirus,13.97,FALSE
2022-05-23,2022,21,Rhinovirus,12.51,FALSE
2022-05-30,2022,22,Rhinovirus,15.18,FALSE
2022-06-06,2022,23,Rhinovirus,13.04,FALSE
2022-06-13,2022,24,Rhinovirus,13.02,FALSE
2022-06-20,2022,25,Rhinovirus,10.78,FALSE
2022-06-27,2022,26,Rhinovirus,10.24,FALSE
2022-07-04,2022,27,Rhinovirus,11.14,FALSE
2022-07-11,2022,28,Rhinovirus,11.15,FALSE
2022-07-18,2022,29,Rhinovirus,10.27,FALSE
2022-07-25,2022,30,Rhinovirus,9.92,FALSE
2022-08-01,2022,31,Rhinovirus,6.62,FALSE
2022-08-08,2022,32,Rhinovirus,8.31,FALSE
2022-08-15,2022,33,Rhinovirus,6.13,FALSE
2022-08-22,2022,34,Rhinovirus,5.64,FALSE
2022-08-29,2022,35,Rhinovirus,8.65,FALSE
2022-09-05,2022,36,Rhinovirus,11.45,FALSE
2022-09-12,2022,37,Rhinovirus,20.07,FALSE
2022-09-19,2022,38,Rhinovirus,24.35,FALSE
2022-09-26,2022,39,Rhinovirus,22.52,FALSE
2022-10-03,2022,40,Rhinovirus,23.22,FALSE
2022-10-10,2022,41,Rhinovirus,21.76,FALSE
2022-10-17,2022,42,Rhinovirus,20.35,FALSE
2022-10-24,2022,43,Rhinovirus,17.03,FALSE
2022-10-31,2022,44,Rhinovirus,14.86,FALSE
2022-11-07,2022,45,Rhinovirus,15.69,FALSE
2022-11-14,2022,46,Rhinovirus,15.53,FALSE
2022-11-21,2022,47,Rhinovirus,14.47,FALSE
2022-11-28,2022,48,Rhinovirus,14.29,FALSE
2022-12-05,2022,49,Rhinovirus,12,FALSE
2022-12-12,2022,50,Rhinovirus,10.63,FALSE
2022-12-19,2022,51,Rhinovirus,10.17,FALSE
2022-12-26,2022,52,Rhinovirus,8.92,FALSE
2023-01-02,2023,1,Rhinovirus,7.73,FALSE
2023-01-09,2023,2,Rhinovirus,8.01,FALSE
2023-01-16,2023,3,Rhinovirus,10.74,FALSE
2023-01-23,2023,4,Rhinovirus,15.53,FALSE
2023-01-30,2023,5,Rhinovirus,17.59,FALSE
2023-02-06,2023,6,Rhinovirus,16.38,FALSE
2023-02-13,2023,7,Rhinovirus,16.32,FALSE
2023-02-20,2023,8,Rhinovirus,15.01,FALSE
2023-02-27,2023,9,Rhinovirus,14.13,FALSE
2023-03-06,2023,10,Rhinovirus,15.81,FALSE
2023-03-13,2023,11,Rhinovirus,15.55,FALSE
2023-03-20,2023,12,Rhinovirus,15.16,FALSE
2023-03-27,2023,13,Rhinovirus,15.5,FALSE
2023-04-03,2023,14,Rhinovirus,15.54,FALSE
2023-04-10,2023,15,Rhinovirus,14,FALSE
2023-04-17,2023,16,Rhinovirus,11.53,FALSE
2023-04-24,2023,17,Rhinovirus,11.84,FALSE
2023-05-01,2023,18,Rhinovirus,14.64,FALSE
2023-05-08,2023,19,Rhinovirus,13.89,FALSE
2023-05-15,2023,20,Rhinovirus,15.72,FALSE
2023-05-22,2023,21,Rhinovirus,13.61,FALSE
2023-05-29,2023,22,Rhinovirus,15.55,FALSE
2023-06-05,2023,23,Rhinovirus,11.08,FALSE
2023-06-12,2023,24,Rhinovirus,12.07,FALSE
2023-06-19,2023,25,Rhinovirus,10.94,FALSE
2023-06-26,2023,26,Rhinovirus,10.27,FALSE
2023-07-03,2023,27,Rhinovirus,12.36,FALSE
2023-07-10,2023,28,Rhinovirus,15.57,FALSE
2023-07-17,2023,29,Rhinovirus,15.45,FALSE
2023-07-24,2023,30,Rhinovirus,16.42,FALSE
2023-07-31,2023,31,Rhinovirus,14.16,FALSE
2023-08-07,2023,32,Rhinovirus,13.07,FALSE
2023-08-14,2023,33,Rhinovirus,12.24,FALSE
2023-08-21,2023,34,Rhinovirus,11.09,FALSE
2023-08-28,2023,35,Rhinovirus,8.73,FALSE
2023-09-04,2023,36,Rhinovirus,8.74,FALSE
2023-09-11,2023,37,Rhinovirus,10.57,FALSE
2023-09-18,2023,38,Rhinovirus,17.03,FALSE
2023-09-25,2023,39,Rhinovirus,20.81,FALSE
2023-10-02,2023,40,Rhinovirus,24.69,FALSE
2023-10-09,2023,41,Rhinovirus,23.65,FALSE
2023-10-16,2023,42,Rhinovirus,21.43,FALSE
2023-10-23,2023,43,Rhinovirus,20.49,FALSE
2023-10-30,2023,44,Rhinovirus,17.07,FALSE
2023-11-06,2023,45,Rhinovirus,18.21,FALSE
2023-11-13,2023,46,Rhinovirus,16.01,FALSE
2023-11-20,2023,47,Rhinovirus,13.8,FALSE
2023-11-27,2023,48,Rhinovirus,16.43,FALSE
2023-12-04,2023,49,Rhinovirus,14.38,FALSE
2023-12-11,2023,50,Rhinovirus,12.1,FALSE
2023-12-18,2023,51,Rhinovirus,11.6,FALSE
2023-12-25,2023,52,Rhinovirus,10.08,FALSE
2024-01-01,2024,1,Rhinovirus,9.9,FALSE
2024-01-08,2024,2,Rhinovirus,6.83,FALSE
2024-01-15,2024,3,Rhinovirus,7.89,FALSE
2024-01-22,2024,4,Rhinovirus,8.52,FALSE
2024-01-29,2024,5,Rhinovirus,8.69,FALSE
2024-02-05,2024,6,Rhinovirus,8.77,FALSE
2024-02-12,2024,7,Rhinovirus,8.42,FALSE
2024-02-19,2024,8,Rhinovirus,8.55,FALSE
2024-02-26,2024,9,Rhinovirus,9.26,FALSE
2024-03-04,2024,10,Rhinovirus,9.01,FALSE
2024-03-11,2024,11,Rhinovirus,10.7,FALSE
2024-03-18,2024,12,Rhinovirus,11.61,FALSE
2024-03-25,2024,13,Rhinovirus,12.59,FALSE
2024-04-01,2024,14,Rhinovirus,11.63,FALSE
2024-04-08,2024,15,Rhinovirus,9.66,FALSE
2024-04-15,2024,16,Rhinovirus,10.62,FALSE
2024-04-22,2024,17,Rhinovirus,11.06,FALSE
2024-04-29,2024,18,Rhinovirus,12.47,FALSE
2024-05-06,2024,19,Rhinovirus,12.82,FALSE
2024-05-13,2024,20,Rhinovirus,11.79,FALSE
2024-05-20,2024,21,Rhinovirus,11.04,FALSE
2024-05-27,2024,22,Rhinovirus,11.33,FALSE
2024-06-03,2024,23,Rhinovirus,10.48,FALSE
2024-06-10,2024,24,Rhinovirus,10.1,FALSE
2024-06-17,2024,25,Rhinovirus,10.8,FALSE
2024-06-24,2024,26,Rhinovirus,11.36,FALSE
2024-07-01,2024,27,Rhinovirus,10.58,FALSE
2024-07-08,2024,28,Rhinovirus,9.1,FALSE
2024-07-15,2024,29,Rhinovirus,10.19,FALSE
2024-07-22,2024,30,Rhinovirus,10.06,FALSE
2024-07-29,2024,31,Rhinovirus,8.11,FALSE
2024-08-05,2024,32,Rhinovirus,7.3,FALSE
2024-08-12,2024,33,Rhinovirus,6.15,FALSE
2024-08-19,2024,34,Rhinovirus,6.67,FALSE
2024-08-26,2024,35,Rhinovirus,6.16,FALSE
2024-09-02,2024,36,Rhinovirus,7.07,FALSE
2024-09-09,2024,37,Rhinovirus,11.61,FALSE
2024-09-16,2024,38,Rhinovirus,15.62,FALSE
2024-09-23,2024,39,Rhinovirus,17.26,FALSE
2024-09-30,2024,40,Rhinovirus,16.52,FALSE
2024-10-07,2024,41,Rhinovirus,16.89,FALSE
2024-10-14,2024,42,Rhinovirus,15.86,FALSE
2024-10-21,2024,43,Rhinovirus,14.76,FALSE
2024-10-28,2024,44,Rhinovirus,15.25,FALSE
2024-11-04,2024,45,Rhinovirus,12.75,FALSE
2024-11-11,2024,46,Rhinovirus,13.76,FALSE
2024-11-18,2024,47,Rhinovirus,12.25,FALSE
2024-11-25,2024,48,Rhinovirus,10.65,FALSE
2024-12-02,2024,49,Rhinovirus,10.34,FALSE
2024-12-09,2024,50,Rhinovirus,8.81,FALSE
2024-12-16,2024,51,Rhinovirus,8.44,FALSE
2024-12-23,2024,52,Rhinovirus,6.73,FALSE
2024-12-30,2024,1,Rhinovirus,7.37,FALSE
2025-01-06,2025,2,Rhinovirus,7.12,FALSE
2025-01-13,2025,3,Rhinovirus,7.19,FALSE
2025-01-20,2025,4,Rhinovirus,8.95,FALSE
2025-01-27,2025,5,Rhinovirus,9.06,FALSE
2025-02-03,2025,6,Rhinovirus,10.41,FALSE
2025-02-10,2025,7,Rhinovirus,10.3,FALSE
2025-02-17,2025,8,Rhinovirus,10.13,FALSE
2025-02-24,2025,9,Rhinovirus,8.43,FALSE
2025-03-03,2025,10,Rhinovirus,9.62,FALSE
2025-03-10,2025,11,Rhinovirus,8.26,FALSE
2025-03-17,2025,12,Rhinovirus,10.47,FALSE
2025-03-24,2025,13,Rhinovirus,10.37,FALSE
2025-03-31,2025,14,Rhinovirus,10.89,FALSE
2025-04-07,2025,15,Rhinovirus,10.56,FALSE
2025-04-14,2025,16,Rhinovirus,9.6,FALSE
2025-04-21,2025,17,Rhinovirus,8.98,FALSE
2025-04-28,2025,18,Rhinovirus,10.51,FALSE
2025-05-05,2025,19,Rhinovirus,11.58,FALSE
2025-05-12,2025,20,Rhinovirus,10.9,FALSE
2025-05-19,2025,21,Rhinovirus,11.07,FALSE
2025-05-26,2025,22,Rhinovirus,10.76,FALSE
2025-06-02,2025,23,Rhinovirus,11.91,FALSE
2025-06-09,2025,24,Rhinovirus,10.02,FALSE
2025-06-16,2025,25,Rhinovirus,9.51,FALSE
2025-06-23,2025,26,Rhinovirus,11.17,FALSE
2025-06-30,2025,27,Rhinovirus,10.79,FALSE
2025-07-07,2025,28,Rhinovirus,10.11,FALSE
2025-07-14,2025,29,Rhinovirus,9.06,FALSE
2025-07-21,2025,30,Rhinovirus,9.61,FALSE
2025-07-28,2025,31,Rhinovirus,8.46,FALSE
2025-08-04,2025,32,Rhinovirus,9.04,FALSE
2025-08-11,2025,33,Rhinovirus,7.56,FALSE
2025-08-18,2025,34,Rhinovirus,7.99,FALSE
2025-08-25,2025,35,Rhinovirus,6.68,FALSE
2025-09-01,2025,36,Rhinovirus,7.5,FALSE
2025-09-08,2025,37,Rhinovirus,9.7,FALSE
2025-09-15,2025,38,Rhinovirus,14.64,FALSE
2025-09-22,2025,39,Rhinovirus,16.82,FALSE
2025-09-29,2025,40,Rhinovirus,20.38,FALSE
2025-10-06,2025,41,Rhinovirus,19.53,FALSE
2025-10-13,2025,42,Rhinovirus,18.68,FALSE
2025-10-20,2025,43,Rhinovirus,16.6,FALSE
2025-10-27,2025,44,Rhinovirus,15.89,FALSE
2025-11-03,2025,45,Rhinovirus,14.83,FALSE
2025-11-10,2025,46,Rhinovirus,16.84,FALSE
2025-11-17,2025,47,Rhinovirus,17.08,FALSE
2025-11-24,2025,48,Rhinovirus,15.74,FALSE
2025-12-01,2025,49,Rhinovirus,14.17,FALSE
2025-12-08,2025,50,Rhinovirus,13.1,FALSE
2025-12-15,2025,51,Rhinovirus,14.87,FALSE
2025-12-22,2025,52,Rhinovirus,14.58,FALSE
2025-12-29,2025,1,Rhinovirus,12.24,FALSE
2026-01-05,2026,2,Rhinovirus,13.67,FALSE
2026-01-12,2026,3,Rhinovirus,11.42,FALSE
2026-01-19,2026,4,Rhinovirus,13.52,FALSE
2026-01-26,2026,5,Rhinovirus,12.7,FALSE
2026-02-02,2026,6,Rhinovirus,12.84,FALSE
2026-02-09,2026,7,Rhinovirus,14.03,FALSE
2026-02-16,2026,8,Rhinovirus,11.76,FALSE
2026-02-23,2026,9,Rhinovirus,11.38,FALSE
2026-03-02,2026,10,Rhinovirus,11.03,FALSE
2026-03-09,2026,11,Rhinovirus,11.62,FALSE
2026-03-16,2026,12,Rhinovirus,13.68,FALSE
2026-03-23,2026,13,Rhinovirus,13.8,FALSE
2026-03-30,2026,14,Rhinovirus,12.88,FALSE
2026-04-06,2026,15,Rhinovirus,13.3,FALSE
2026-04-13,2026,16,Rhinovirus,13.25,FALSE
2026-04-20,2026,17,Rhinovirus,11.73,FALSE
2026-04-27,2026,18,Rhinovirus,9.61,FALSE
2026-05-04,2026,19,Rhinovirus,12.65,FALSE
2026-05-11,2026,20,Rhinovirus,11.91,FALSE
2026-05-18,2026,21,Rhinovirus,13.7,FALSE
2026-05-25,2026,22,Rhinovirus,11.96,FALSE
2026-06-01,2026,23,Rhinovirus,9.96,FALSE
2026-06-08,2026,24,Rhinovirus,8.58,FALSE
2026-06-15,2026,25,Rhinovirus,10.49,FALSE
2026-06-22,2026,26,Rhinovirus,11.19,FALSE
2026-06-29,2026,27,Rhinovirus,10.01,FALSE
2026-07-06,2026,28,Rhinovirus,9.6,FALSE
2026-07-13,2026,29,Rhinovirus,9.18,FALSE
2026-07-20,2026,30,Rhinovirus,10.01,FALSE
2026-07-27,2026,31,Rhinovirus,7.63,FALSE
2026-08-03,2026,32,Rhinovirus,8.53,FALSE
2026-08-10,2026,33,Rhinovirus,7.06,FALSE
2026-08-17,2026,34,Rhinovirus,6.88,FALSE
2026-08-24,2026,35,Rhinovirus,7,FALSE
2026-08-31,2026,36,Rhinovirus,7.02,FALSE
2026-09-07,2026,37,Rhinovirus,9.69,FALSE
2026-09-14,2026,38,Rhinovirus,12.78,FALSE
2017-07-03,2017,27,hMPV,1.07,FALSE
2017-07-10,2017,28,hMPV,0.59,FALSE
2017-07-17,2017,29,hMPV,0.53,FALSE
2017-07-24,2017,30,hMPV,0.54,FALSE
2017-07-31,2017,31,hMPV,0.56,FALSE
2017-08-07,2017,32,hMPV,0.59,FALSE
2017-08-14,2017,33,hMPV,0.7,FALSE
2017-08-21,2017,34,hMPV,0.33,FALSE
2017-08-28,2017,35,hMPV,0.34,FALSE
2017-09-04,2017,36,hMPV,1.14,FALSE
2017-09-11,2017,37,hMPV,0.59,FALSE
2017-09-18,2017,38,hMPV,1.02,FALSE
2017-09-25,2017,39,hMPV,0.66,FALSE
2017-10-02,2017,40,hMPV,0.63,FALSE
2017-10-09,2017,41,hMPV,0.76,FALSE
2017-10-16,2017,42,hMPV,1.39,FALSE
2017-10-23,2017,43,hMPV,1.47,FALSE
2017-10-30,2017,44,hMPV,1.3,FALSE
2017-11-06,2017,45,hMPV,2.58,FALSE
2017-11-13,2017,46,hMPV,3.35,FALSE
2017-11-20,2017,47,hMPV,4.21,FALSE
2017-11-27,2017,48,hMPV,4.62,FALSE
2017-12-04,2017,49,hMPV,5.04,FALSE
2017-12-11,2017,50,hMPV,5.4,FALSE
2017-12-18,2017,51,hMPV,5.18,FALSE
2017-12-25,2017,52,hMPV,6.62,FALSE
2018-01-01,2018,1,hMPV,5.32,FALSE
2018-01-08,2018,2,hMPV,4.19,FALSE
2018-01-15,2018,3,hMPV,3.14,FALSE
2018-01-22,2018,4,hMPV,3.43,FALSE
2018-01-29,2018,5,hMPV,2.7,FALSE
2018-02-05,2018,6,hMPV,2.63,FALSE
2018-02-12,2018,7,hMPV,2.86,FALSE
2018-02-19,2018,8,hMPV,3.02,FALSE
2018-02-26,2018,9,hMPV,2.08,FALSE
2018-03-05,2018,10,hMPV,2.45,FALSE
2018-03-12,2018,11,hMPV,3.03,FALSE
2018-03-19,2018,12,hMPV,2.91,FALSE
2018-03-26,2018,13,hMPV,2.19,FALSE
2018-04-02,2018,14,hMPV,2.44,FALSE
2018-04-09,2018,15,hMPV,2.1,FALSE
2018-04-16,2018,16,hMPV,2.14,FALSE
2018-04-23,2018,17,hMPV,1.37,FALSE
2018-04-30,2018,18,hMPV,1.99,FALSE
2018-05-07,2018,19,hMPV,2.42,FALSE
2018-05-14,2018,20,hMPV,1.32,FALSE
2018-05-21,2018,21,hMPV,1.14,FALSE
2018-05-28,2018,22,hMPV,0.99,FALSE
2018-06-04,2018,23,hMPV,1.77,FALSE
2018-06-11,2018,24,hMPV,0.9,FALSE
2018-06-18,2018,25,hMPV,0.89,FALSE
2018-06-25,2018,26,hMPV,0.7,FALSE
2018-07-02,2018,27,hMPV,0.55,FALSE
2018-07-09,2018,28,hMPV,1.11,FALSE
2018-07-16,2018,29,hMPV,0.66,FALSE
2018-07-23,2018,30,hMPV,0.73,FALSE
2018-07-30,2018,31,hMPV,0.29,FALSE
2018-08-06,2018,32,hMPV,0.39,FALSE
2018-08-13,2018,33,hMPV,0.47,FALSE
2018-08-20,2018,34,hMPV,0.19,FALSE
2018-08-27,2018,35,hMPV,0.2,FALSE
2018-09-03,2018,36,hMPV,0.46,FALSE
2018-09-10,2018,37,hMPV,0.32,FALSE
2018-09-17,2018,38,hMPV,0.62,FALSE
2018-09-24,2018,39,hMPV,0.42,FALSE
2018-10-01,2018,40,hMPV,0.18,FALSE
2018-10-08,2018,41,hMPV,0.44,FALSE
2018-10-15,2018,42,hMPV,0.42,FALSE
2018-10-22,2018,43,hMPV,0.57,FALSE
2018-10-29,2018,44,hMPV,1.01,FALSE
2018-11-05,2018,45,hMPV,0.98,FALSE
2018-11-12,2018,46,hMPV,1.38,FALSE
2018-11-19,2018,47,hMPV,1.2,FALSE
2018-11-26,2018,48,hMPV,1.47,FALSE
2018-12-03,2018,49,hMPV,2.34,FALSE
2018-12-10,2018,50,hMPV,2.66,FALSE
2018-12-17,2018,51,hMPV,3.63,FALSE
2018-12-24,2018,52,hMPV,3.85,FALSE
2018-12-31,2018,1,hMPV,4.64,FALSE
2019-01-07,2019,2,hMPV,4.23,FALSE
2019-01-14,2019,3,hMPV,3.35,FALSE
2019-01-21,2019,4,hMPV,3.64,FALSE
2019-01-28,2019,5,hMPV,3.54,FALSE
2019-02-04,2019,6,hMPV,4.84,FALSE
2019-02-11,2019,7,hMPV,4.21,FALSE
2019-02-18,2019,8,hMPV,5,FALSE
2019-02-25,2019,9,hMPV,4.83,FALSE
2019-03-04,2019,10,hMPV,4.2,FALSE
2019-03-11,2019,11,hMPV,5,FALSE
2019-03-18,2019,12,hMPV,5.54,FALSE
2019-03-25,2019,13,hMPV,5.27,FALSE
2019-04-01,2019,14,hMPV,4.95,FALSE
2019-04-08,2019,15,hMPV,4.04,FALSE
2019-04-15,2019,16,hMPV,4.41,FALSE
2019-04-22,2019,17,hMPV,4.15,FALSE
2019-04-29,2019,18,hMPV,2.68,FALSE
2019-05-06,2019,19,hMPV,2.3,FALSE
2019-05-13,2019,20,hMPV,2.19,FALSE
2019-05-20,2019,21,hMPV,1.55,FALSE
2019-05-27,2019,22,hMPV,2.3,FALSE
2019-06-03,2019,23,hMPV,2.21,FALSE
2019-06-10,2019,24,hMPV,1.76,FALSE
2019-06-17,2019,25,hMPV,1.16,FALSE
2019-06-24,2019,26,hMPV,1.22,FALSE
2019-07-01,2019,27,hMPV,1.24,FALSE
2019-07-08,2019,28,hMPV,1.3,FALSE
2019-07-15,2019,29,hMPV,0.5,FALSE
2019-07-22,2019,30,hMPV,0.96,FALSE
2019-07-29,2019,31,hMPV,0.5,FALSE
2019-08-05,2019,32,hMPV,0.52,FALSE
2019-08-12,2019,33,hMPV,0.52,FALSE
2019-08-19,2019,34,hMPV,0.49,FALSE
2019-08-26,2019,35,hMPV,0.37,FALSE
2019-09-02,2019,36,hMPV,0.42,FALSE
2019-09-09,2019,37,hMPV,0.23,FALSE
2019-09-16,2019,38,hMPV,0.2,FALSE
2019-09-23,2019,39,hMPV,0.25,FALSE
2019-09-30,2019,40,hMPV,0.67,FALSE
2019-10-07,2019,41,hMPV,0.57,FALSE
2019-10-14,2019,42,hMPV,0.71,FALSE
2019-10-21,2019,43,hMPV,1.21,FALSE
2019-10-28,2019,44,hMPV,0.86,FALSE
2019-11-04,2019,45,hMPV,1.12,FALSE
2019-11-11,2019,46,hMPV,1.58,FALSE
2019-11-18,2019,47,hMPV,1.93,FALSE
2019-11-25,2019,48,hMPV,1.31,FALSE
2019-12-02,2019,49,hMPV,2.38,FALSE
2019-12-09,2019,50,hMPV,1.94,FALSE
2019-12-16,2019,51,hMPV,2.49,FALSE
2019-12-23,2019,52,hMPV,3.62,FALSE
2019-12-30,2019,1,hMPV,4.51,FALSE
2020-01-06,2020,2,hMPV,3.84,FALSE
2020-01-13,2020,3,hMPV,4.62,FALSE
2020-01-20,2020,4,hMPV,4.11,FALSE
2020-01-27,2020,5,hMPV,4.04,FALSE
2020-02-03,2020,6,hMPV,4.83,FALSE
2020-02-10,2020,7,hMPV,4.16,FALSE
2020-02-17,2020,8,hMPV,4.53,FALSE
2020-02-24,2020,9,hMPV,4.55,FALSE
2020-03-02,2020,10,hMPV,4.92,FALSE
2020-03-09,2020,11,hMPV,4.55,FALSE
2020-03-16,2020,12,hMPV,3.44,FALSE
2020-03-23,2020,13,hMPV,2.19,FALSE
2020-03-30,2020,14,hMPV,1.79,FALSE
2020-04-06,2020,15,hMPV,1.76,FALSE
2020-04-13,2020,16,hMPV,0.81,FALSE
2020-04-20,2020,17,hMPV,0.81,FALSE
2020-04-27,2020,18,hMPV,1.25,FALSE
2020-05-04,2020,19,hMPV,0.33,FALSE
2020-05-11,2020,20,hMPV,0,FALSE
2020-05-18,2020,21,hMPV,0,FALSE
2020-05-25,2020,22,hMPV,0.57,FALSE
2020-06-01,2020,23,hMPV,0.76,FALSE
2020-06-08,2020,24,hMPV,0.31,FALSE
2020-06-15,2020,25,hMPV,0.61,FALSE
2020-06-22,2020,26,hMPV,0.14,FALSE
2020-06-29,2020,27,hMPV,0,FALSE
2020-07-06,2020,28,hMPV,0.63,FALSE
2020-07-13,2020,29,hMPV,0.23,FALSE
2020-07-20,2020,30,hMPV,0.26,FALSE
2020-07-27,2020,31,hMPV,0.14,FALSE
2020-08-03,2020,32,hMPV,0.7,FALSE
2020-08-10,2020,33,hMPV,0,FALSE
2020-08-17,2020,34,hMPV,0.34,FALSE
2020-08-24,2020,35,hMPV,0.21,FALSE
2020-08-31,2020,36,hMPV,0.21,FALSE
2020-09-07,2020,37,hMPV,0.55,FALSE
2020-09-14,2020,38,hMPV,1.32,FALSE
2020-09-21,2020,39,hMPV,0.59,FALSE
2020-09-28,2020,40,hMPV,0.69,FALSE
2020-10-05,2020,41,hMPV,0.33,FALSE
2020-10-12,2020,42,hMPV,0.21,FALSE
2020-10-19,2020,43,hMPV,0.41,FALSE
2020-10-26,2020,44,hMPV,0.31,FALSE
2020-11-02,2020,45,hMPV,0,FALSE
2020-11-09,2020,46,hMPV,0.26,FALSE
2020-11-16,2020,47,hMPV,0,FALSE
2020-11-23,2020,48,hMPV,0.08,FALSE
2020-11-30,2020,49,hMPV,0,FALSE
2020-12-07,2020,50,hMPV,0,FALSE
2020-12-14,2020,51,hMPV,0,FALSE
2020-12-21,2020,52,hMPV,0.11,FALSE
2020-12-28,2020,53,hMPV,0.17,FALSE
2021-01-04,2021,1,hMPV,0,FALSE
2021-01-11,2021,2,hMPV,0.3,FALSE
2021-01-18,2021,3,hMPV,0.06,FALSE
2021-01-25,2021,4,hMPV,0,FALSE
2021-02-01,2021,5,hMPV,0.07,FALSE
2021-02-08,2021,6,hMPV,0.06,FALSE
2021-02-15,2021,7,hMPV,0,FALSE
2021-02-22,2021,8,hMPV,0.14,FALSE
2021-03-01,2021,9,hMPV,0.23,FALSE
2021-03-08,2021,10,hMPV,0.49,FALSE
2021-03-15,2021,11,hMPV,0.39,FALSE
2021-03-22,2021,12,hMPV,0.72,FALSE
2021-03-29,2021,13,hMPV,0.39,FALSE
2021-04-05,2021,14,hMPV,0.64,FALSE
2021-04-12,2021,15,hMPV,0.29,FALSE
2021-04-19,2021,16,hMPV,1.26,FALSE
2021-04-26,2021,17,hMPV,1.66,FALSE
2021-05-03,2021,18,hMPV,1.05,FALSE
2021-05-10,2021,19,hMPV,0.91,FALSE
2021-05-17,2021,20,hMPV,0.54,FALSE
2021-05-24,2021,21,hMPV,0.6,FALSE
2021-05-31,2021,22,hMPV,1.49,FALSE
2021-06-07,2021,23,hMPV,0.81,FALSE
2021-06-14,2021,24,hMPV,0.26,FALSE
2021-06-21,2021,25,hMPV,0.39,FALSE
2021-06-28,2021,26,hMPV,0.8,FALSE
2021-07-05,2021,27,hMPV,0.74,FALSE
2021-07-12,2021,28,hMPV,0.91,FALSE
2021-07-19,2021,29,hMPV,1.44,FALSE
2021-07-26,2021,30,hMPV,1.19,FALSE
2021-08-02,2021,31,hMPV,1.16,FALSE
2021-08-09,2021,32,hMPV,1.06,FALSE
2021-08-16,2021,33,hMPV,1.16,FALSE
2021-08-23,2021,34,hMPV,1.26,FALSE
2021-08-30,2021,35,hMPV,1.47,FALSE
2021-09-06,2021,36,hMPV,2.11,FALSE
2021-09-13,2021,37,hMPV,1.68,FALSE
2021-09-20,2021,38,hMPV,2.47,FALSE
2021-09-27,2021,39,hMPV,3.32,FALSE
2021-10-04,2021,40,hMPV,3.37,FALSE
2021-10-11,2021,41,hMPV,3.93,FALSE
2021-10-18,2021,42,hMPV,3.85,FALSE
2021-10-25,2021,43,hMPV,5.18,FALSE
2021-11-01,2021,44,hMPV,5.25,FALSE
2021-11-08,2021,45,hMPV,7.04,FALSE
2021-11-15,2021,46,hMPV,8.08,FALSE
2021-11-22,2021,47,hMPV,8.88,FALSE
2021-11-29,2021,48,hMPV,10.76,FALSE
2021-12-06,2021,49,hMPV,10.2,FALSE
2021-12-13,2021,50,hMPV,7.68,FALSE
2021-12-20,2021,51,hMPV,6.18,FALSE
2021-12-27,2021,52,hMPV,4.73,FALSE
2022-01-03,2022,1,hMPV,3.63,FALSE
2022-01-10,2022,2,hMPV,2.41,FALSE
2022-01-17,2022,3,hMPV,1.98,FALSE
2022-01-24,2022,4,hMPV,1.35,FALSE
2022-01-31,2022,5,hMPV,1.22,FALSE
2022-02-07,2022,6,hMPV,0.96,FALSE
2022-02-14,2022,7,hMPV,0.6,FALSE
2022-02-21,2022,8,hMPV,0.52,FALSE
2022-02-28,2022,9,hMPV,1.1,FALSE
2022-03-07,2022,10,hMPV,0.9,FALSE
2022-03-14,2022,11,hMPV,0.83,FALSE
2022-03-21,2022,12,hMPV,0.69,FALSE
2022-03-28,2022,13,hMPV,0.53,FALSE
2022-04-04,2022,14,hMPV,0.63,FALSE
2022-04-11,2022,15,hMPV,0.53,FALSE
2022-04-18,2022,16,hMPV,0.46,FALSE
2022-04-25,2022,17,hMPV,0.34,FALSE
2022-05-02,2022,18,hMPV,0.51,FALSE
2022-05-09,2022,19,hMPV,0.54,FALSE
2022-05-16,2022,20,hMPV,0.44,FALSE
2022-05-23,2022,21,hMPV,0.31,FALSE
2022-05-30,2022,22,hMPV,0.52,FALSE
2022-06-06,2022,23,hMPV,0.58,FALSE
2022-06-13,2022,24,hMPV,0.57,FALSE
2022-06-20,2022,25,hMPV,0.32,FALSE
2022-06-27,2022,26,hMPV,0.24,FALSE
2022-07-04,2022,27,hMPV,0.41,FALSE
2022-07-11,2022,28,hMPV,0.53,FALSE
2022-07-18,2022,29,hMPV,0.39,FALSE
2022-07-25,2022,30,hMPV,0.43,FALSE
2022-08-01,2022,31,hMPV,0.21,FALSE
2022-08-08,2022,32,hMPV,0.23,FALSE
2022-08-15,2022,33,hMPV,0.28,FALSE
2022-08-22,2022,34,hMPV,0,FALSE
2022-08-29,2022,35,hMPV,0.32,FALSE
2022-09-05,2022,36,hMPV,0.43,FALSE
2022-09-12,2022,37,hMPV,0.75,FALSE
2022-09-19,2022,38,hMPV,1.22,FALSE
2022-09-26,2022,39,hMPV,0.57,FALSE
2022-10-03,2022,40,hMPV,0.8,FALSE
2022-10-10,2022,41,hMPV,0.71,FALSE
2022-10-17,2022,42,hMPV,0.54,FALSE
2022-10-24,2022,43,hMPV,1.14,FALSE
2022-10-31,2022,44,hMPV,1.2,FALSE
2022-11-07,2022,45,hMPV,1.56,FALSE
2022-11-14,2022,46,hMPV,1.93,FALSE
2022-11-21,2022,47,hMPV,3.64,FALSE
2022-11-28,2022,48,hMPV,3.84,FALSE
2022-12-05,2022,49,hMPV,5.01,FALSE
2022-12-12,2022,50,hMPV,4.26,FALSE
2022-12-19,2022,51,hMPV,5.04,FALSE
2022-12-26,2022,52,hMPV,5.54,FALSE
2023-01-02,2023,1,hMPV,4.46,FALSE
2023-01-09,2023,2,hMPV,3.71,FALSE
2023-01-16,2023,3,hMPV,3.65,FALSE
2023-01-23,2023,4,hMPV,3.37,FALSE
2023-01-30,2023,5,hMPV,3.55,FALSE
2023-02-06,2023,6,hMPV,3.74,FALSE
2023-02-13,2023,7,hMPV,3.17,FALSE
2023-02-20,2023,8,hMPV,3.2,FALSE
2023-02-27,2023,9,hMPV,2.73,FALSE
2023-03-06,2023,10,hMPV,3.49,FALSE
2023-03-13,2023,11,hMPV,3.37,FALSE
2023-03-20,2023,12,hMPV,2.78,FALSE
2023-03-27,2023,13,hMPV,1.92,FALSE
2023-04-03,2023,14,hMPV,1.95,FALSE
2023-04-10,2023,15,hMPV,1.83,FALSE
2023-04-17,2023,16,hMPV,0.95,FALSE
2023-04-24,2023,17,hMPV,1.29,FALSE
2023-05-01,2023,18,hMPV,0.94,FALSE
2023-05-08,2023,19,hMPV,1.1,FALSE
2023-05-15,2023,20,hMPV,0.67,FALSE
2023-05-22,2023,21,hMPV,0.79,FALSE
2023-05-29,2023,22,hMPV,1.06,FALSE
2023-06-05,2023,23,hMPV,0.82,FALSE
2023-06-12,2023,24,hMPV,0.67,FALSE
2023-06-19,2023,25,hMPV,0.89,FALSE
2023-06-26,2023,26,hMPV,0.72,FALSE
2023-07-03,2023,27,hMPV,0.34,FALSE
2023-07-10,2023,28,hMPV,0.53,FALSE
2023-07-17,2023,29,hMPV,0.69,FALSE
2023-07-24,2023,30,hMPV,0.47,FALSE
2023-07-31,2023,31,hMPV,0.52,FALSE
2023-08-07,2023,32,hMPV,0.4,FALSE
2023-08-14,2023,33,hMPV,0.29,FALSE
2023-08-21,2023,34,hMPV,0.38,FALSE
2023-08-28,2023,35,hMPV,0.61,FALSE
2023-09-04,2023,36,hMPV,0.46,FALSE
2023-09-11,2023,37,hMPV,0.46,FALSE
2023-09-18,2023,38,hMPV,0.42,FALSE
2023-09-25,2023,39,hMPV,0.26,FALSE
2023-10-02,2023,40,hMPV,0.54,FALSE
2023-10-09,2023,41,hMPV,0.83,FALSE
2023-10-16,2023,42,hMPV,0.97,FALSE
2023-10-23,2023,43,hMPV,1.08,FALSE
2023-10-30,2023,44,hMPV,1.55,FALSE
2023-11-06,2023,45,hMPV,1.54,FALSE
2023-11-13,2023,46,hMPV,1.91,FALSE
2023-11-20,2023,47,hMPV,3.07,FALSE
2023-11-27,2023,48,hMPV,2.95,FALSE
2023-12-04,2023,49,hMPV,4.04,FALSE
2023-12-11,2023,50,hMPV,3.57,FALSE
2023-12-18,2023,51,hMPV,4.04,FALSE
2023-12-25,2023,52,hMPV,4.58,FALSE
2024-01-01,2024,1,hMPV,4.21,FALSE
2024-01-08,2024,2,hMPV,3.08,FALSE
2024-01-15,2024,3,hMPV,3.17,FALSE
2024-01-22,2024,4,hMPV,3.59,FALSE
2024-01-29,2024,5,hMPV,2.92,FALSE
2024-02-05,2024,6,hMPV,2.13,FALSE
2024-02-12,2024,7,hMPV,2.4,FALSE
2024-02-19,2024,8,hMPV,2.62,FALSE
2024-02-26,2024,9,hMPV,2.89,FALSE
2024-03-04,2024,10,hMPV,2.37,FALSE
2024-03-11,2024,11,hMPV,3.2,FALSE
2024-03-18,2024,12,hMPV,2.61,FALSE
2024-03-25,2024,13,hMPV,2.66,FALSE
2024-04-01,2024,14,hMPV,2.69,FALSE
2024-04-08,2024,15,hMPV,2.95,FALSE
2024-04-15,2024,16,hMPV,2.14,FALSE
2024-04-22,2024,17,hMPV,1.99,FALSE
2024-04-29,2024,18,hMPV,1.67,FALSE
2024-05-06,2024,19,hMPV,2.14,FALSE
2024-05-13,2024,20,hMPV,1.92,FALSE
2024-05-20,2024,21,hMPV,1.95,FALSE
2024-05-27,2024,22,hMPV,1.76,FALSE
2024-06-03,2024,23,hMPV,2,FALSE
2024-06-10,2024,24,hMPV,1.29,FALSE
2024-06-17,2024,25,hMPV,1.55,FALSE
2024-06-24,2024,26,hMPV,1.51,FALSE
2024-07-01,2024,27,hMPV,1.18,FALSE
2024-07-08,2024,28,hMPV,1.14,FALSE
2024-07-15,2024,29,hMPV,1.73,FALSE
2024-07-22,2024,30,hMPV,0.91,FALSE
2024-07-29,2024,31,hMPV,0.89,FALSE
2024-08-05,2024,32,hMPV,1.05,FALSE
2024-08-12,2024,33,hMPV,1.53,FALSE
2024-08-19,2024,34,hMPV,1.16,FALSE
2024-08-26,2024,35,hMPV,0.8,FALSE
2024-09-02,2024,36,hMPV,0.57,FALSE
2024-09-09,2024,37,hMPV,0.76,FALSE
2024-09-16,2024,38,hMPV,0.8,FALSE
2024-09-23,2024,39,hMPV,0.6,FALSE
2024-09-30,2024,40,hMPV,0.34,FALSE
2024-10-07,2024,41,hMPV,1.06,FALSE
2024-10-14,2024,42,hMPV,1.58,FALSE
2024-10-21,2024,43,hMPV,1.49,FALSE
2024-10-28,2024,44,hMPV,1.2,FALSE
2024-11-04,2024,45,hMPV,1.8,FALSE
2024-11-11,2024,46,hMPV,1.63,FALSE
2024-11-18,2024,47,hMPV,2.33,FALSE
2024-11-25,2024,48,hMPV,2.27,FALSE
2024-12-02,2024,49,hMPV,2.44,FALSE
2024-12-09,2024,50,hMPV,2.26,FALSE
2024-12-16,2024,51,hMPV,3.81,FALSE
2024-12-23,2024,52,hMPV,4.01,FALSE
2024-12-30,2024,1,hMPV,4.27,FALSE
2025-01-06,2025,2,hMPV,3.27,FALSE
2025-01-13,2025,3,hMPV,3.75,FALSE
2025-01-20,2025,4,hMPV,3.47,FALSE
2025-01-27,2025,5,hMPV,3.79,FALSE
2025-02-03,2025,6,hMPV,3.73,FALSE
2025-02-10,2025,7,hMPV,3.94,FALSE
2025-02-17,2025,8,hMPV,4.79,FALSE
2025-02-24,2025,9,hMPV,4.02,FALSE
2025-03-03,2025,10,hMPV,3.54,FALSE
2025-03-10,2025,11,hMPV,3.55,FALSE
2025-03-17,2025,12,hMPV,4.54,FALSE
2025-03-24,2025,13,hMPV,4.99,FALSE
2025-03-31,2025,14,hMPV,4.26,FALSE
2025-04-07,2025,15,hMPV,4.03,FALSE
2025-04-14,2025,16,hMPV,4.16,FALSE
2025-04-21,2025,17,hMPV,2.95,FALSE
2025-04-28,2025,18,hMPV,3.76,FALSE
2025-05-05,2025,19,hMPV,2.78,FALSE
2025-05-12,2025,20,hMPV,1.69,FALSE
2025-05-19,2025,21,hMPV,1.51,FALSE
2025-05-26,2025,22,hMPV,1.09,FALSE
2025-06-02,2025,23,hMPV,1.02,FALSE
2025-06-09,2025,24,hMPV,0.85,FALSE
2025-06-16,2025,25,hMPV,1.17,FALSE
2025-06-23,2025,26,hMPV,1.18,FALSE
2025-06-30,2025,27,hMPV,1.17,FALSE
2025-07-07,2025,28,hMPV,0.91,FALSE
2025-07-14,2025,29,hMPV,0.85,FALSE
2025-07-21,2025,30,hMPV,0.72,FALSE
2025-07-28,2025,31,hMPV,0.47,FALSE
2025-08-04,2025,32,hMPV,0.56,FALSE
2025-08-11,2025,33,hMPV,0.69,FALSE
2025-08-18,2025,34,hMPV,0.66,FALSE
2025-08-25,2025,35,hMPV,0.5,FALSE
2025-09-01,2025,36,hMPV,1.02,FALSE
2025-09-08,2025,37,hMPV,0.48,FALSE
2025-09-15,2025,38,hMPV,0.44,FALSE
2025-09-22,2025,39,hMPV,0.35,FALSE
2025-09-29,2025,40,hMPV,0.76,FALSE
2025-10-06,2025,41,hMPV,0.11,FALSE
2025-10-13,2025,42,hMPV,0.81,FALSE
2025-10-20,2025,43,hMPV,0.35,FALSE
2025-10-27,2025,44,hMPV,0.39,FALSE
2025-11-03,2025,45,hMPV,0.99,FALSE
2025-11-10,2025,46,hMPV,0.98,FALSE
2025-11-17,2025,47,hMPV,0.68,FALSE
2025-11-24,2025,48,hMPV,1.33,FALSE
2025-12-01,2025,49,hMPV,2.09,FALSE
2025-12-08,2025,50,hMPV,1.87,FALSE
2025-12-15,2025,51,hMPV,3.02,FALSE
2025-12-22,2025,52,hMPV,3.93,FALSE
2025-12-29,2025,1,hMPV,3.23,FALSE
2026-01-05,2026,2,hMPV,3.03,FALSE
2026-01-12,2026,3,hMPV,3.62,FALSE
2026-01-19,2026,4,hMPV,3.55,FALSE
2026-01-26,2026,5,hMPV,3.71,FALSE
2026-02-02,2026,6,hMPV,4.46,FALSE
2026-02-09,2026,7,hMPV,3.41,FALSE
2026-02-16,2026,8,hMPV,3.6,FALSE
2026-02-23,2026,9,hMPV,3.43,FALSE
2026-03-02,2026,10,hMPV,2.97,FALSE
2026-03-09,2026,11,hMPV,2.88,FALSE
2026-03-16,2026,12,hMPV,3.22,FALSE
2026-03-23,2026,13,hMPV,2.98,FALSE
2026-03-30,2026,14,hMPV,2.94,FALSE
2026-04-06,2026,15,hMPV,3.2,FALSE
2026-04-13,2026,16,hMPV,2.81,FALSE
2026-04-20,2026,17,hMPV,2.14,FALSE
2026-04-27,2026,18,hMPV,2,FALSE
2026-05-04,2026,19,hMPV,1.95,FALSE
2026-05-11,2026,20,hMPV,1.34,FALSE
2026-05-18,2026,21,hMPV,0.78,FALSE
2026-05-25,2026,22,hMPV,1.29,FALSE
2026-06-01,2026,23,hMPV,0.39,FALSE
2026-06-08,2026,24,hMPV,1.04,FALSE
2026-06-15,2026,25,hMPV,0.87,FALSE
2026-06-22,2026,26,hMPV,1.07,FALSE
2026-06-29,2026,27,hMPV,0.83,FALSE
2026-07-06,2026,28,hMPV,0.62,FALSE
2026-07-13,2026,29,hMPV,0.31,FALSE
2026-07-20,2026,30,hMPV,0.13,FALSE
2026-07-27,2026,31,hMPV,0.57,FALSE
2026-08-03,2026,32,hMPV,0.48,FALSE
2026-08-10,2026,33,hMPV,0.24,FALSE
2026-08-17,2026,34,hMPV,0.18,FALSE
2026-08-24,2026,35,hMPV,0,FALSE
2026-08-31,2026,36,hMPV,0,FALSE
2026-09-07,2026,37,hMPV,0.08,FALSE
2026-09-14,2026,38,hMPV,0.19,FALSE
