date,year,epiweek,disease,positivity,in_reporting_delay_period,month,calendar_year,season_start_year,season,season_start_date,week_of_season,expected_positivity,upper_threshold,historical_min,historical_max,observations,absolute_deviation,relative_to_expected,signal
2017-07-03,2017,27,Adenovirus,4.64,FALSE,7,2017,2017,2017/18,2017-07-01,1,2.45,4.616,1.49,4.64,9,2.1899999999999995,1.893877551020408,TRUE
2017-07-10,2017,28,Adenovirus,4.73,FALSE,7,2017,2017,2017/18,2017-07-01,2,2.31,5.053999999999999,1.48,5.27,9,2.4200000000000004,2.047619047619048,FALSE
2017-07-17,2017,29,Adenovirus,4.87,FALSE,7,2017,2017,2017/18,2017-07-01,3,2.02,5.6979999999999995,1.73,6.25,9,2.85,2.410891089108911,FALSE
2017-07-24,2017,30,Adenovirus,4.58,FALSE,7,2017,2017,2017/18,2017-07-01,4,2.01,5.302,1.04,5.43,9,2.5700000000000003,2.2786069651741294,FALSE
2017-07-31,2017,31,Adenovirus,5.25,FALSE,7,2017,2017,2017/18,2017-07-01,5,1.66,5.1739999999999995,1.41,5.25,9,3.59,3.162650602409639,TRUE
2017-08-07,2017,32,Adenovirus,4.36,FALSE,8,2017,2017,2017/18,2017-07-01,6,1.91,4.618,1.1,4.79,9,2.45,2.2827225130890056,FALSE
2017-08-14,2017,33,Adenovirus,3.89,FALSE,8,2017,2017,2017/18,2017-07-01,7,1.73,4.087999999999999,1.16,4.22,9,2.16,2.248554913294798,FALSE
2017-08-21,2017,34,Adenovirus,3.36,FALSE,8,2017,2017,2017/18,2017-07-01,8,1.76,3.858,1.14,4.03,9,1.5999999999999999,1.909090909090909,FALSE
2017-08-28,2017,35,Adenovirus,3.81,FALSE,8,2017,2017,2017/18,2017-07-01,9,1.82,3.782,1.21,3.81,9,1.99,2.0934065934065935,TRUE
2017-09-04,2017,36,Adenovirus,3.3,FALSE,9,2017,2017,2017/18,2017-07-01,10,1.5,3.264,1.14,3.3,9,1.7999999999999998,2.1999999999999997,TRUE
2017-09-11,2017,37,Adenovirus,3.05,FALSE,9,2017,2017,2017/18,2017-07-01,11,1.77,3.03,1.07,3.05,9,1.2799999999999998,1.7231638418079094,TRUE
2017-09-18,2017,38,Adenovirus,3.08,FALSE,9,2017,2017,2017/18,2017-07-01,12,2.18,3.016,0.94,3.08,9,0.8999999999999999,1.4128440366972477,TRUE
2017-09-25,2017,39,Adenovirus,3.23,FALSE,9,2017,2017,2017/18,2017-07-01,13,1.79,2.9459999999999997,1.52,3.23,9,1.44,1.8044692737430168,TRUE
2017-10-02,2017,40,Adenovirus,2.02,FALSE,10,2017,2017,2017/18,2017-07-01,14,1.85,2.436,1.38,2.48,9,0.16999999999999993,1.0918918918918918,FALSE
2017-10-09,2017,41,Adenovirus,4.14,FALSE,10,2017,2017,2017/18,2017-07-01,15,2.07,3.611999999999999,1.35,4.14,9,2.07,2,TRUE
2017-10-16,2017,42,Adenovirus,3.44,FALSE,10,2017,2017,2017/18,2017-07-01,16,2.16,3.288,1.62,3.44,9,1.2799999999999998,1.5925925925925926,TRUE
2017-10-23,2017,43,Adenovirus,3.22,FALSE,10,2017,2017,2017/18,2017-07-01,17,2.29,3.172,1.72,3.22,9,0.9300000000000002,1.406113537117904,TRUE
2017-10-30,2017,44,Adenovirus,3.46,FALSE,10,2017,2017,2017/18,2017-07-01,18,2.64,3.52,1.65,3.56,9,0.8199999999999998,1.3106060606060606,FALSE
2017-11-06,2017,45,Adenovirus,3.57,FALSE,11,2017,2017,2017/18,2017-07-01,19,2.21,3.6999999999999997,1.8,3.78,9,1.3599999999999999,1.6153846153846154,FALSE
2017-11-13,2017,46,Adenovirus,3.16,FALSE,11,2017,2017,2017/18,2017-07-01,20,2.55,3.172,1.16,3.18,9,0.6100000000000003,1.2392156862745098,FALSE
2017-11-20,2017,47,Adenovirus,3.6,FALSE,11,2017,2017,2017/18,2017-07-01,21,2.33,3.388,1.59,3.6,9,1.27,1.5450643776824033,TRUE
2017-11-27,2017,48,Adenovirus,2.27,FALSE,11,2017,2017,2017/18,2017-07-01,22,2.13,2.776,1.61,2.96,9,0.14000000000000012,1.0657276995305165,FALSE
2017-12-04,2017,49,Adenovirus,2.64,FALSE,12,2017,2017,2017/18,2017-07-01,23,2.32,3.2359999999999998,1.23,3.3,9,0.3200000000000003,1.1379310344827587,FALSE
2017-12-11,2017,50,Adenovirus,2.47,FALSE,12,2017,2017,2017/18,2017-07-01,24,2.47,2.866,1.47,2.89,9,0,1,FALSE
2017-12-18,2017,51,Adenovirus,2.4,FALSE,12,2017,2017,2017/18,2017-07-01,25,2.4,3.134,1.69,3.39,9,0,1,FALSE
2017-12-25,2017,52,Adenovirus,2.12,FALSE,12,2017,2017,2017/18,2017-07-01,26,2.19,3.15,1.47,3.23,9,-0.06999999999999984,0.9680365296803654,FALSE
2018-01-01,2018,1,Adenovirus,2.11,FALSE,1,2018,2017,2017/18,2017-07-01,27,1.89,2.456,1.24,2.6,9,0.21999999999999997,1.1164021164021163,FALSE
2018-01-08,2018,2,Adenovirus,1.87,FALSE,1,2018,2017,2017/18,2017-07-01,28,1.87,2.6119999999999997,1.36,2.78,9,0,1,FALSE
2018-01-15,2018,3,Adenovirus,2.23,FALSE,1,2018,2017,2017/18,2017-07-01,29,2.23,3.6599999999999997,1.72,3.8,9,0,1,FALSE
2018-01-22,2018,4,Adenovirus,2.46,FALSE,1,2018,2017,2017/18,2017-07-01,30,2.46,3.8879999999999995,1.35,4.02,9,0,1,FALSE
2018-01-29,2018,5,Adenovirus,2.23,FALSE,1,2018,2017,2017/18,2017-07-01,31,2.68,3.552,1.9,3.62,9,-0.4500000000000002,0.8320895522388059,FALSE
2018-02-05,2018,6,Adenovirus,2.81,FALSE,2,2018,2017,2017/18,2017-07-01,32,3.02,3.9319999999999995,1.25,4.06,9,-0.20999999999999996,0.9304635761589404,FALSE
2018-02-12,2018,7,Adenovirus,3.32,FALSE,2,2018,2017,2017/18,2017-07-01,33,3.06,4.374,1.93,4.67,9,0.2599999999999998,1.0849673202614378,FALSE
2018-02-19,2018,8,Adenovirus,2.94,FALSE,2,2018,2017,2017/18,2017-07-01,34,3.21,4.741999999999999,1.82,4.85,9,-0.27,0.9158878504672897,FALSE
2018-02-26,2018,9,Adenovirus,3.35,FALSE,2,2018,2017,2017/18,2017-07-01,35,3.13,4.2139999999999995,1.54,4.29,9,0.2200000000000002,1.0702875399361023,FALSE
2018-03-05,2018,10,Adenovirus,3.41,FALSE,3,2018,2017,2017/18,2017-07-01,36,3.15,3.788,1.96,4.04,9,0.26000000000000023,1.0825396825396827,FALSE
2018-03-12,2018,11,Adenovirus,2.94,FALSE,3,2018,2017,2017/18,2017-07-01,37,2.72,4.233999999999999,1.93,4.27,9,0.21999999999999975,1.0808823529411764,FALSE
2018-03-19,2018,12,Adenovirus,3.79,FALSE,3,2018,2017,2017/18,2017-07-01,38,2.7,5.016,1.85,5.28,9,1.0899999999999999,1.4037037037037037,FALSE
2018-03-26,2018,13,Adenovirus,4.84,FALSE,3,2018,2017,2017/18,2017-07-01,39,3.07,4.811999999999999,1.75,4.84,9,1.77,1.5765472312703583,TRUE
2018-04-02,2018,14,Adenovirus,4.31,FALSE,4,2018,2017,2017/18,2017-07-01,40,3.44,4.61,1.01,4.69,9,0.8699999999999997,1.252906976744186,FALSE
2018-04-09,2018,15,Adenovirus,5.03,FALSE,4,2018,2017,2017/18,2017-07-01,41,3.69,4.970000000000001,1.07,5.03,9,1.3400000000000003,1.3631436314363143,TRUE
2018-04-16,2018,16,Adenovirus,3.99,FALSE,4,2018,2017,2017/18,2017-07-01,42,3.62,4.116,1.02,4.2,9,0.3700000000000001,1.1022099447513813,FALSE
2018-04-23,2018,17,Adenovirus,3.99,FALSE,4,2018,2017,2017/18,2017-07-01,43,3.28,4.146,0.66,4.25,9,0.7100000000000004,1.2164634146341464,FALSE
2018-04-30,2018,18,Adenovirus,5.03,FALSE,4,2018,2017,2017/18,2017-07-01,44,2.94,5.138,0.82,5.21,9,2.0900000000000003,1.7108843537414966,FALSE
2018-05-07,2018,19,Adenovirus,4.76,FALSE,5,2018,2017,2017/18,2017-07-01,45,2.5,4.595999999999999,1.01,4.76,9,2.26,1.904,TRUE
2018-05-14,2018,20,Adenovirus,3.94,FALSE,5,2018,2017,2017/18,2017-07-01,46,2.87,4.359999999999999,1.17,4.64,9,1.0699999999999998,1.3728222996515678,FALSE
2018-05-21,2018,21,Adenovirus,3.72,FALSE,5,2018,2017,2017/18,2017-07-01,47,2.63,3.93,1.46,4.07,9,1.0900000000000003,1.414448669201521,FALSE
2018-05-28,2018,22,Adenovirus,4.31,FALSE,5,2018,2017,2017/18,2017-07-01,48,2.62,4.4959999999999996,0.36,4.62,9,1.6899999999999995,1.645038167938931,FALSE
2018-06-04,2018,23,Adenovirus,5.1,FALSE,6,2018,2017,2017/18,2017-07-01,49,2.72,4.867999999999999,0.68,5.1,9,2.3799999999999994,1.8749999999999998,TRUE
2018-06-11,2018,24,Adenovirus,4.01,FALSE,6,2018,2017,2017/18,2017-07-01,50,2.44,4.831999999999999,1.01,5.38,9,1.5699999999999998,1.6434426229508197,FALSE
2018-06-18,2018,25,Adenovirus,4.74,FALSE,6,2018,2017,2017/18,2017-07-01,51,2.31,4.764,1.55,4.78,9,2.43,2.051948051948052,FALSE
2018-06-25,2018,26,Adenovirus,4.78,FALSE,6,2018,2017,2017/18,2017-07-01,52,1.97,4.428,1.56,4.78,9,2.8100000000000005,2.4263959390862944,TRUE
2018-07-02,2018,27,Adenovirus,4.58,FALSE,7,2018,2018,2018/19,2018-07-01,1,2.45,4.616,1.49,4.64,9,2.13,1.8693877551020408,FALSE
2018-07-09,2018,28,Adenovirus,4.5,FALSE,7,2018,2018,2018/19,2018-07-01,2,2.31,5.053999999999999,1.48,5.27,9,2.19,1.948051948051948,FALSE
2018-07-16,2018,29,Adenovirus,3.37,FALSE,7,2018,2018,2018/19,2018-07-01,3,2.02,5.6979999999999995,1.73,6.25,9,1.35,1.6683168316831682,FALSE
2018-07-23,2018,30,Adenovirus,3.1,FALSE,7,2018,2018,2018/19,2018-07-01,4,2.01,5.302,1.04,5.43,9,1.0900000000000003,1.5422885572139307,FALSE
2018-07-30,2018,31,Adenovirus,3.13,FALSE,7,2018,2018,2018/19,2018-07-01,5,1.66,5.1739999999999995,1.41,5.25,9,1.47,1.885542168674699,FALSE
2018-08-06,2018,32,Adenovirus,3.33,FALSE,8,2018,2018,2018/19,2018-07-01,6,1.91,4.618,1.1,4.79,9,1.4200000000000002,1.743455497382199,FALSE
2018-08-13,2018,33,Adenovirus,2.13,FALSE,8,2018,2018,2018/19,2018-07-01,7,1.73,4.087999999999999,1.16,4.22,9,0.3999999999999999,1.2312138728323698,FALSE
2018-08-20,2018,34,Adenovirus,2.17,FALSE,8,2018,2018,2018/19,2018-07-01,8,1.76,3.858,1.14,4.03,9,0.4099999999999999,1.2329545454545454,FALSE
2018-08-27,2018,35,Adenovirus,2.78,FALSE,8,2018,2018,2018/19,2018-07-01,9,1.82,3.782,1.21,3.81,9,0.9599999999999997,1.5274725274725274,FALSE
2018-09-03,2018,36,Adenovirus,3.19,FALSE,9,2018,2018,2018/19,2018-07-01,10,1.5,3.264,1.14,3.3,9,1.69,2.1266666666666665,FALSE
2018-09-10,2018,37,Adenovirus,2.5,FALSE,9,2018,2018,2018/19,2018-07-01,11,1.77,3.03,1.07,3.05,9,0.73,1.4124293785310735,FALSE
2018-09-17,2018,38,Adenovirus,2.92,FALSE,9,2018,2018,2018/19,2018-07-01,12,2.18,3.016,0.94,3.08,9,0.7399999999999998,1.3394495412844036,FALSE
2018-09-24,2018,39,Adenovirus,2.09,FALSE,9,2018,2018,2018/19,2018-07-01,13,1.79,2.9459999999999997,1.52,3.23,9,0.2999999999999998,1.1675977653631284,FALSE
2018-10-01,2018,40,Adenovirus,1.85,FALSE,10,2018,2018,2018/19,2018-07-01,14,1.85,2.436,1.38,2.48,9,0,1,FALSE
2018-10-08,2018,41,Adenovirus,2.82,FALSE,10,2018,2018,2018/19,2018-07-01,15,2.07,3.611999999999999,1.35,4.14,9,0.75,1.3623188405797102,FALSE
2018-10-15,2018,42,Adenovirus,3.06,FALSE,10,2018,2018,2018/19,2018-07-01,16,2.16,3.288,1.62,3.44,9,0.8999999999999999,1.4166666666666665,FALSE
2018-10-22,2018,43,Adenovirus,3.1,FALSE,10,2018,2018,2018/19,2018-07-01,17,2.29,3.172,1.72,3.22,9,0.81,1.3537117903930131,FALSE
2018-10-29,2018,44,Adenovirus,3.56,FALSE,10,2018,2018,2018/19,2018-07-01,18,2.64,3.52,1.65,3.56,9,0.9199999999999999,1.3484848484848484,TRUE
2018-11-05,2018,45,Adenovirus,3.58,FALSE,11,2018,2018,2018/19,2018-07-01,19,2.21,3.6999999999999997,1.8,3.78,9,1.37,1.6199095022624435,FALSE
2018-11-12,2018,46,Adenovirus,2.81,FALSE,11,2018,2018,2018/19,2018-07-01,20,2.55,3.172,1.16,3.18,9,0.26000000000000023,1.1019607843137256,FALSE
2018-11-19,2018,47,Adenovirus,2.33,FALSE,11,2018,2018,2018/19,2018-07-01,21,2.33,3.388,1.59,3.6,9,0,1,FALSE
2018-11-26,2018,48,Adenovirus,2.5,FALSE,11,2018,2018,2018/19,2018-07-01,22,2.13,2.776,1.61,2.96,9,0.3700000000000001,1.1737089201877935,FALSE
2018-12-03,2018,49,Adenovirus,2.8,FALSE,12,2018,2018,2018/19,2018-07-01,23,2.32,3.2359999999999998,1.23,3.3,9,0.48,1.206896551724138,FALSE
2018-12-10,2018,50,Adenovirus,2.82,FALSE,12,2018,2018,2018/19,2018-07-01,24,2.47,2.866,1.47,2.89,9,0.34999999999999964,1.1417004048582995,FALSE
2018-12-17,2018,51,Adenovirus,3.39,FALSE,12,2018,2018,2018/19,2018-07-01,25,2.4,3.134,1.69,3.39,9,0.9900000000000002,1.4125,TRUE
2018-12-24,2018,52,Adenovirus,2.59,FALSE,12,2018,2018,2018/19,2018-07-01,26,2.19,3.15,1.47,3.23,9,0.3999999999999999,1.182648401826484,FALSE
2018-12-31,2018,1,Adenovirus,1.89,FALSE,12,2018,2018,2018/19,2018-07-01,27,1.89,2.456,1.24,2.6,9,0,1,FALSE
2019-01-07,2019,2,Adenovirus,2.26,FALSE,1,2019,2018,2018/19,2018-07-01,28,1.87,2.6119999999999997,1.36,2.78,9,0.3899999999999997,1.20855614973262,FALSE
2019-01-14,2019,3,Adenovirus,2.45,FALSE,1,2019,2018,2018/19,2018-07-01,29,2.23,3.6599999999999997,1.72,3.8,9,0.2200000000000002,1.0986547085201794,FALSE
2019-01-21,2019,4,Adenovirus,2.69,FALSE,1,2019,2018,2018/19,2018-07-01,30,2.46,3.8879999999999995,1.35,4.02,9,0.22999999999999998,1.0934959349593496,FALSE
2019-01-28,2019,5,Adenovirus,2.68,FALSE,1,2019,2018,2018/19,2018-07-01,31,2.68,3.552,1.9,3.62,9,0,1,FALSE
2019-02-04,2019,6,Adenovirus,2.58,FALSE,2,2019,2018,2018/19,2018-07-01,32,3.02,3.9319999999999995,1.25,4.06,9,-0.43999999999999995,0.8543046357615894,FALSE
2019-02-11,2019,7,Adenovirus,2.46,FALSE,2,2019,2018,2018/19,2018-07-01,33,3.06,4.374,1.93,4.67,9,-0.6000000000000001,0.8039215686274509,FALSE
2019-02-18,2019,8,Adenovirus,3.11,FALSE,2,2019,2018,2018/19,2018-07-01,34,3.21,4.741999999999999,1.82,4.85,9,-0.10000000000000009,0.9688473520249221,FALSE
2019-02-25,2019,9,Adenovirus,3.49,FALSE,2,2019,2018,2018/19,2018-07-01,35,3.13,4.2139999999999995,1.54,4.29,9,0.3600000000000003,1.1150159744408947,FALSE
2019-03-04,2019,10,Adenovirus,4.04,FALSE,3,2019,2018,2018/19,2018-07-01,36,3.15,3.788,1.96,4.04,9,0.8900000000000001,1.2825396825396826,TRUE
2019-03-11,2019,11,Adenovirus,4.27,FALSE,3,2019,2018,2018/19,2018-07-01,37,2.72,4.233999999999999,1.93,4.27,9,1.5499999999999994,1.5698529411764703,TRUE
2019-03-18,2019,12,Adenovirus,5.28,FALSE,3,2019,2018,2018/19,2018-07-01,38,2.7,5.016,1.85,5.28,9,2.58,1.9555555555555555,TRUE
2019-03-25,2019,13,Adenovirus,4.51,FALSE,3,2019,2018,2018/19,2018-07-01,39,3.07,4.811999999999999,1.75,4.84,9,1.44,1.4690553745928339,FALSE
2019-04-01,2019,14,Adenovirus,4.69,FALSE,4,2019,2018,2018/19,2018-07-01,40,3.44,4.61,1.01,4.69,9,1.2500000000000004,1.363372093023256,TRUE
2019-04-08,2019,15,Adenovirus,4.43,FALSE,4,2019,2018,2018/19,2018-07-01,41,3.69,4.970000000000001,1.07,5.03,9,0.7399999999999998,1.2005420054200542,FALSE
2019-04-15,2019,16,Adenovirus,3.72,FALSE,4,2019,2018,2018/19,2018-07-01,42,3.62,4.116,1.02,4.2,9,0.10000000000000009,1.0276243093922652,FALSE
2019-04-22,2019,17,Adenovirus,3.96,FALSE,4,2019,2018,2018/19,2018-07-01,43,3.28,4.146,0.66,4.25,9,0.6800000000000002,1.2073170731707317,FALSE
2019-04-29,2019,18,Adenovirus,5.21,FALSE,4,2019,2018,2018/19,2018-07-01,44,2.94,5.138,0.82,5.21,9,2.27,1.772108843537415,TRUE
2019-05-06,2019,19,Adenovirus,4.35,FALSE,5,2019,2018,2018/19,2018-07-01,45,2.5,4.595999999999999,1.01,4.76,9,1.8499999999999996,1.7399999999999998,FALSE
2019-05-13,2019,20,Adenovirus,4.64,FALSE,5,2019,2018,2018/19,2018-07-01,46,2.87,4.359999999999999,1.17,4.64,9,1.7699999999999996,1.616724738675958,TRUE
2019-05-20,2019,21,Adenovirus,4.07,FALSE,5,2019,2018,2018/19,2018-07-01,47,2.63,3.93,1.46,4.07,9,1.4400000000000004,1.5475285171102664,TRUE
2019-05-27,2019,22,Adenovirus,4.62,FALSE,5,2019,2018,2018/19,2018-07-01,48,2.62,4.4959999999999996,0.36,4.62,9,2,1.7633587786259541,TRUE
2019-06-03,2019,23,Adenovirus,4.52,FALSE,6,2019,2018,2018/19,2018-07-01,49,2.72,4.867999999999999,0.68,5.1,9,1.7999999999999994,1.6617647058823526,FALSE
2019-06-10,2019,24,Adenovirus,5.38,FALSE,6,2019,2018,2018/19,2018-07-01,50,2.44,4.831999999999999,1.01,5.38,9,2.94,2.2049180327868854,TRUE
2019-06-17,2019,25,Adenovirus,4.78,FALSE,6,2019,2018,2018/19,2018-07-01,51,2.31,4.764,1.55,4.78,9,2.47,2.069264069264069,TRUE
2019-06-24,2019,26,Adenovirus,3.9,FALSE,6,2019,2018,2018/19,2018-07-01,52,1.97,4.428,1.56,4.78,9,1.93,1.9796954314720812,FALSE
2019-07-01,2019,27,Adenovirus,4.37,FALSE,7,2019,2019,2019/20,2019-07-01,1,2.45,4.616,1.49,4.64,9,1.92,1.783673469387755,FALSE
2019-07-08,2019,28,Adenovirus,5.27,FALSE,7,2019,2019,2019/20,2019-07-01,2,2.31,5.053999999999999,1.48,5.27,9,2.9599999999999995,2.281385281385281,TRUE
2019-07-15,2019,29,Adenovirus,4.77,FALSE,7,2019,2019,2019/20,2019-07-01,3,2.02,5.6979999999999995,1.73,6.25,9,2.7499999999999996,2.3613861386138613,FALSE
2019-07-22,2019,30,Adenovirus,5.11,FALSE,7,2019,2019,2019/20,2019-07-01,4,2.01,5.302,1.04,5.43,9,3.1000000000000005,2.5422885572139307,FALSE
2019-07-29,2019,31,Adenovirus,3.55,FALSE,7,2019,2019,2019/20,2019-07-01,5,1.66,5.1739999999999995,1.41,5.25,9,1.89,2.13855421686747,FALSE
2019-08-05,2019,32,Adenovirus,4.2,FALSE,8,2019,2019,2019/20,2019-07-01,6,1.91,4.618,1.1,4.79,9,2.29,2.198952879581152,FALSE
2019-08-12,2019,33,Adenovirus,3.11,FALSE,8,2019,2019,2019/20,2019-07-01,7,1.73,4.087999999999999,1.16,4.22,9,1.38,1.7976878612716762,FALSE
2019-08-19,2019,34,Adenovirus,3.6,FALSE,8,2019,2019,2019/20,2019-07-01,8,1.76,3.858,1.14,4.03,9,1.84,2.0454545454545454,FALSE
2019-08-26,2019,35,Adenovirus,3.74,FALSE,8,2019,2019,2019/20,2019-07-01,9,1.82,3.782,1.21,3.81,9,1.9200000000000002,2.054945054945055,FALSE
2019-09-02,2019,36,Adenovirus,3.21,FALSE,9,2019,2019,2019/20,2019-07-01,10,1.5,3.264,1.14,3.3,9,1.71,2.14,FALSE
2019-09-09,2019,37,Adenovirus,3,FALSE,9,2019,2019,2019/20,2019-07-01,11,1.77,3.03,1.07,3.05,9,1.23,1.694915254237288,FALSE
2019-09-16,2019,38,Adenovirus,2.18,FALSE,9,2019,2019,2019/20,2019-07-01,12,2.18,3.016,0.94,3.08,9,0,1,FALSE
2019-09-23,2019,39,Adenovirus,2.52,FALSE,9,2019,2019,2019/20,2019-07-01,13,1.79,2.9459999999999997,1.52,3.23,9,0.73,1.4078212290502794,FALSE
2019-09-30,2019,40,Adenovirus,2.48,FALSE,9,2019,2019,2019/20,2019-07-01,14,1.85,2.436,1.38,2.48,9,0.6299999999999999,1.3405405405405404,TRUE
2019-10-07,2019,41,Adenovirus,2.67,FALSE,10,2019,2019,2019/20,2019-07-01,15,2.07,3.611999999999999,1.35,4.14,9,0.6000000000000001,1.289855072463768,FALSE
2019-10-14,2019,42,Adenovirus,2.83,FALSE,10,2019,2019,2019/20,2019-07-01,16,2.16,3.288,1.62,3.44,9,0.6699999999999999,1.3101851851851851,FALSE
2019-10-21,2019,43,Adenovirus,2.26,FALSE,10,2019,2019,2019/20,2019-07-01,17,2.29,3.172,1.72,3.22,9,-0.03000000000000025,0.9868995633187772,FALSE
2019-10-28,2019,44,Adenovirus,2.66,FALSE,10,2019,2019,2019/20,2019-07-01,18,2.64,3.52,1.65,3.56,9,0.020000000000000018,1.0075757575757576,FALSE
2019-11-04,2019,45,Adenovirus,2.42,FALSE,11,2019,2019,2019/20,2019-07-01,19,2.21,3.6999999999999997,1.8,3.78,9,0.20999999999999996,1.095022624434389,FALSE
2019-11-11,2019,46,Adenovirus,2.31,FALSE,11,2019,2019,2019/20,2019-07-01,20,2.55,3.172,1.16,3.18,9,-0.23999999999999977,0.9058823529411766,FALSE
2019-11-18,2019,47,Adenovirus,2.94,FALSE,11,2019,2019,2019/20,2019-07-01,21,2.33,3.388,1.59,3.6,9,0.6099999999999999,1.261802575107296,FALSE
2019-11-25,2019,48,Adenovirus,2.47,FALSE,11,2019,2019,2019/20,2019-07-01,22,2.13,2.776,1.61,2.96,9,0.3400000000000003,1.15962441314554,FALSE
2019-12-02,2019,49,Adenovirus,2.16,FALSE,12,2019,2019,2019/20,2019-07-01,23,2.32,3.2359999999999998,1.23,3.3,9,-0.1599999999999997,0.9310344827586208,FALSE
2019-12-09,2019,50,Adenovirus,2.52,FALSE,12,2019,2019,2019/20,2019-07-01,24,2.47,2.866,1.47,2.89,9,0.04999999999999982,1.020242914979757,FALSE
2019-12-16,2019,51,Adenovirus,2.14,FALSE,12,2019,2019,2019/20,2019-07-01,25,2.4,3.134,1.69,3.39,9,-0.2599999999999998,0.8916666666666667,FALSE
2019-12-23,2019,52,Adenovirus,2.19,FALSE,12,2019,2019,2019/20,2019-07-01,26,2.19,3.15,1.47,3.23,9,0,1,FALSE
2019-12-30,2019,1,Adenovirus,2.24,FALSE,12,2019,2019,2019/20,2019-07-01,27,1.89,2.456,1.24,2.6,9,0.3500000000000003,1.1851851851851853,FALSE
2020-01-06,2020,2,Adenovirus,2.36,FALSE,1,2020,2019,2019/20,2019-07-01,28,1.87,2.6119999999999997,1.36,2.78,9,0.48999999999999977,1.2620320855614973,FALSE
2020-01-13,2020,3,Adenovirus,3.45,FALSE,1,2020,2019,2019/20,2019-07-01,29,2.23,3.6599999999999997,1.72,3.8,9,1.2200000000000002,1.547085201793722,FALSE
2020-01-20,2020,4,Adenovirus,3.6,FALSE,1,2020,2019,2019/20,2019-07-01,30,2.46,3.8879999999999995,1.35,4.02,9,1.1400000000000001,1.4634146341463414,FALSE
2020-01-27,2020,5,Adenovirus,3.62,FALSE,1,2020,2019,2019/20,2019-07-01,31,2.68,3.552,1.9,3.62,9,0.94,1.3507462686567164,TRUE
2020-02-03,2020,6,Adenovirus,3.41,FALSE,2,2020,2019,2019/20,2019-07-01,32,3.02,3.9319999999999995,1.25,4.06,9,0.3900000000000001,1.1291390728476822,FALSE
2020-02-10,2020,7,Adenovirus,3.04,FALSE,2,2020,2019,2019/20,2019-07-01,33,3.06,4.374,1.93,4.67,9,-0.020000000000000018,0.9934640522875817,FALSE
2020-02-17,2020,8,Adenovirus,4.58,FALSE,2,2020,2019,2019/20,2019-07-01,34,3.21,4.741999999999999,1.82,4.85,9,1.37,1.426791277258567,FALSE
2020-02-24,2020,9,Adenovirus,2.55,FALSE,2,2020,2019,2019/20,2019-07-01,35,3.13,4.2139999999999995,1.54,4.29,9,-0.5800000000000001,0.8146964856230031,FALSE
2020-03-02,2020,10,Adenovirus,3.36,FALSE,3,2020,2019,2019/20,2019-07-01,36,3.15,3.788,1.96,4.04,9,0.20999999999999996,1.0666666666666667,FALSE
2020-03-09,2020,11,Adenovirus,2.72,FALSE,3,2020,2019,2019/20,2019-07-01,37,2.72,4.233999999999999,1.93,4.27,9,0,1,FALSE
2020-03-16,2020,12,Adenovirus,2.7,FALSE,3,2020,2019,2019/20,2019-07-01,38,2.7,5.016,1.85,5.28,9,0,1,FALSE
2020-03-23,2020,13,Adenovirus,1.75,FALSE,3,2020,2019,2019/20,2019-07-01,39,3.07,4.811999999999999,1.75,4.84,9,-1.3199999999999998,0.5700325732899023,FALSE
2020-03-30,2020,14,Adenovirus,1.01,FALSE,3,2020,2019,2019/20,2019-07-01,40,3.44,4.61,1.01,4.69,9,-2.4299999999999997,0.2936046511627907,FALSE
2020-04-06,2020,15,Adenovirus,1.07,FALSE,4,2020,2019,2019/20,2019-07-01,41,3.69,4.970000000000001,1.07,5.03,9,-2.62,0.2899728997289973,FALSE
2020-04-13,2020,16,Adenovirus,1.02,FALSE,4,2020,2019,2019/20,2019-07-01,42,3.62,4.116,1.02,4.2,9,-2.6,0.281767955801105,FALSE
2020-04-20,2020,17,Adenovirus,0.66,FALSE,4,2020,2019,2019/20,2019-07-01,43,3.28,4.146,0.66,4.25,9,-2.6199999999999997,0.20121951219512196,FALSE
2020-04-27,2020,18,Adenovirus,0.82,FALSE,4,2020,2019,2019/20,2019-07-01,44,2.94,5.138,0.82,5.21,9,-2.12,0.2789115646258503,FALSE
2020-05-04,2020,19,Adenovirus,1.01,FALSE,5,2020,2019,2019/20,2019-07-01,45,2.5,4.595999999999999,1.01,4.76,9,-1.49,0.404,FALSE
2020-05-11,2020,20,Adenovirus,1.17,FALSE,5,2020,2019,2019/20,2019-07-01,46,2.87,4.359999999999999,1.17,4.64,9,-1.7000000000000002,0.4076655052264808,FALSE
2020-05-18,2020,21,Adenovirus,1.46,FALSE,5,2020,2019,2019/20,2019-07-01,47,2.63,3.93,1.46,4.07,9,-1.17,0.5551330798479087,FALSE
2020-05-25,2020,22,Adenovirus,0.36,FALSE,5,2020,2019,2019/20,2019-07-01,48,2.62,4.4959999999999996,0.36,4.62,9,-2.2600000000000002,0.13740458015267173,FALSE
2020-06-01,2020,23,Adenovirus,0.68,FALSE,6,2020,2019,2019/20,2019-07-01,49,2.72,4.867999999999999,0.68,5.1,9,-2.04,0.25,FALSE
2020-06-08,2020,24,Adenovirus,1.01,FALSE,6,2020,2019,2019/20,2019-07-01,50,2.44,4.831999999999999,1.01,5.38,9,-1.43,0.4139344262295082,FALSE
2020-06-15,2020,25,Adenovirus,1.55,FALSE,6,2020,2019,2019/20,2019-07-01,51,2.31,4.764,1.55,4.78,9,-0.76,0.670995670995671,FALSE
2020-06-22,2020,26,Adenovirus,1.56,FALSE,6,2020,2019,2019/20,2019-07-01,52,1.97,4.428,1.56,4.78,9,-0.4099999999999999,0.7918781725888325,FALSE
2020-06-29,2020,27,Adenovirus,1.83,FALSE,6,2020,2019,2019/20,2019-07-01,53,2.0549999999999997,2.2575,1.83,2.28,2,-0.22499999999999964,0.8905109489051096,FALSE
2020-07-06,2020,28,Adenovirus,2.45,FALSE,7,2020,2020,2020/21,2020-07-01,1,2.45,4.616,1.49,4.64,9,0,1,FALSE
2020-07-13,2020,29,Adenovirus,1.88,FALSE,7,2020,2020,2020/21,2020-07-01,2,2.31,5.053999999999999,1.48,5.27,9,-0.43000000000000016,0.8138528138528138,FALSE
2020-07-20,2020,30,Adenovirus,1.89,FALSE,7,2020,2020,2020/21,2020-07-01,3,2.02,5.6979999999999995,1.73,6.25,9,-0.13000000000000012,0.9356435643564356,FALSE
2020-07-27,2020,31,Adenovirus,1.04,FALSE,7,2020,2020,2020/21,2020-07-01,4,2.01,5.302,1.04,5.43,9,-0.9699999999999998,0.5174129353233832,FALSE
2020-08-03,2020,32,Adenovirus,1.41,FALSE,8,2020,2020,2020/21,2020-07-01,5,1.66,5.1739999999999995,1.41,5.25,9,-0.25,0.8493975903614458,FALSE
2020-08-10,2020,33,Adenovirus,1.1,FALSE,8,2020,2020,2020/21,2020-07-01,6,1.91,4.618,1.1,4.79,9,-0.8099999999999998,0.5759162303664922,FALSE
2020-08-17,2020,34,Adenovirus,1.16,FALSE,8,2020,2020,2020/21,2020-07-01,7,1.73,4.087999999999999,1.16,4.22,9,-0.5700000000000001,0.6705202312138728,FALSE
2020-08-24,2020,35,Adenovirus,1.14,FALSE,8,2020,2020,2020/21,2020-07-01,8,1.76,3.858,1.14,4.03,9,-0.6200000000000001,0.6477272727272727,FALSE
2020-08-31,2020,36,Adenovirus,1.51,FALSE,8,2020,2020,2020/21,2020-07-01,9,1.82,3.782,1.21,3.81,9,-0.31000000000000005,0.8296703296703296,FALSE
2020-09-07,2020,37,Adenovirus,1.14,FALSE,9,2020,2020,2020/21,2020-07-01,10,1.5,3.264,1.14,3.3,9,-0.3600000000000001,0.7599999999999999,FALSE
2020-09-14,2020,38,Adenovirus,1.47,FALSE,9,2020,2020,2020/21,2020-07-01,11,1.77,3.03,1.07,3.05,9,-0.30000000000000004,0.8305084745762712,FALSE
2020-09-21,2020,39,Adenovirus,1.61,FALSE,9,2020,2020,2020/21,2020-07-01,12,2.18,3.016,0.94,3.08,9,-0.5700000000000001,0.7385321100917431,FALSE
2020-09-28,2020,40,Adenovirus,1.64,FALSE,9,2020,2020,2020/21,2020-07-01,13,1.79,2.9459999999999997,1.52,3.23,9,-0.15000000000000013,0.9162011173184357,FALSE
2020-10-05,2020,41,Adenovirus,1.89,FALSE,10,2020,2020,2020/21,2020-07-01,14,1.85,2.436,1.38,2.48,9,0.039999999999999813,1.0216216216216216,FALSE
2020-10-12,2020,42,Adenovirus,2.07,FALSE,10,2020,2020,2020/21,2020-07-01,15,2.07,3.611999999999999,1.35,4.14,9,0,1,FALSE
2020-10-19,2020,43,Adenovirus,2.16,FALSE,10,2020,2020,2020/21,2020-07-01,16,2.16,3.288,1.62,3.44,9,0,1,FALSE
2020-10-26,2020,44,Adenovirus,2.53,FALSE,10,2020,2020,2020/21,2020-07-01,17,2.29,3.172,1.72,3.22,9,0.23999999999999977,1.1048034934497815,FALSE
2020-11-02,2020,45,Adenovirus,2.64,FALSE,11,2020,2020,2020/21,2020-07-01,18,2.64,3.52,1.65,3.56,9,0,1,FALSE
2020-11-09,2020,46,Adenovirus,1.8,FALSE,11,2020,2020,2020/21,2020-07-01,19,2.21,3.6999999999999997,1.8,3.78,9,-0.4099999999999999,0.8144796380090498,FALSE
2020-11-16,2020,47,Adenovirus,2.55,FALSE,11,2020,2020,2020/21,2020-07-01,20,2.55,3.172,1.16,3.18,9,0,1,FALSE
2020-11-23,2020,48,Adenovirus,1.59,FALSE,11,2020,2020,2020/21,2020-07-01,21,2.33,3.388,1.59,3.6,9,-0.74,0.6824034334763949,FALSE
2020-11-30,2020,49,Adenovirus,2.06,FALSE,11,2020,2020,2020/21,2020-07-01,22,2.13,2.776,1.61,2.96,9,-0.06999999999999984,0.9671361502347419,FALSE
2020-12-07,2020,50,Adenovirus,2.32,FALSE,12,2020,2020,2020/21,2020-07-01,23,2.32,3.2359999999999998,1.23,3.3,9,0,1,FALSE
2020-12-14,2020,51,Adenovirus,1.8,FALSE,12,2020,2020,2020/21,2020-07-01,24,2.47,2.866,1.47,2.89,9,-0.6700000000000002,0.728744939271255,FALSE
2020-12-21,2020,52,Adenovirus,1.95,FALSE,12,2020,2020,2020/21,2020-07-01,25,2.4,3.134,1.69,3.39,9,-0.44999999999999996,0.8125,FALSE
2020-12-28,2020,53,Adenovirus,2.63,FALSE,12,2020,2020,2020/21,2020-07-01,26,2.19,3.15,1.47,3.23,9,0.43999999999999995,1.2009132420091324,FALSE
2021-01-04,2021,1,Adenovirus,1.82,FALSE,1,2021,2020,2020/21,2020-07-01,27,1.89,2.456,1.24,2.6,9,-0.06999999999999984,0.962962962962963,FALSE
2021-01-11,2021,2,Adenovirus,1.69,FALSE,1,2021,2020,2020/21,2020-07-01,28,1.87,2.6119999999999997,1.36,2.78,9,-0.18000000000000016,0.9037433155080213,FALSE
2021-01-18,2021,3,Adenovirus,2.07,FALSE,1,2021,2020,2020/21,2020-07-01,29,2.23,3.6599999999999997,1.72,3.8,9,-0.16000000000000014,0.9282511210762331,FALSE
2021-01-25,2021,4,Adenovirus,1.35,FALSE,1,2021,2020,2020/21,2020-07-01,30,2.46,3.8879999999999995,1.35,4.02,9,-1.1099999999999999,0.5487804878048781,FALSE
2021-02-01,2021,5,Adenovirus,2.11,FALSE,2,2021,2020,2020/21,2020-07-01,31,2.68,3.552,1.9,3.62,9,-0.5700000000000003,0.7873134328358208,FALSE
2021-02-08,2021,6,Adenovirus,1.25,FALSE,2,2021,2020,2020/21,2020-07-01,32,3.02,3.9319999999999995,1.25,4.06,9,-1.77,0.4139072847682119,FALSE
2021-02-15,2021,7,Adenovirus,1.93,FALSE,2,2021,2020,2020/21,2020-07-01,33,3.06,4.374,1.93,4.67,9,-1.1300000000000001,0.630718954248366,FALSE
2021-02-22,2021,8,Adenovirus,1.82,FALSE,2,2021,2020,2020/21,2020-07-01,34,3.21,4.741999999999999,1.82,4.85,9,-1.39,0.5669781931464175,FALSE
2021-03-01,2021,9,Adenovirus,1.54,FALSE,3,2021,2020,2020/21,2020-07-01,35,3.13,4.2139999999999995,1.54,4.29,9,-1.5899999999999999,0.49201277955271566,FALSE
2021-03-08,2021,10,Adenovirus,2.28,FALSE,3,2021,2020,2020/21,2020-07-01,36,3.15,3.788,1.96,4.04,9,-0.8700000000000001,0.7238095238095238,FALSE
2021-03-15,2021,11,Adenovirus,1.93,FALSE,3,2021,2020,2020/21,2020-07-01,37,2.72,4.233999999999999,1.93,4.27,9,-0.7900000000000003,0.7095588235294117,FALSE
2021-03-22,2021,12,Adenovirus,2.02,FALSE,3,2021,2020,2020/21,2020-07-01,38,2.7,5.016,1.85,5.28,9,-0.6800000000000002,0.7481481481481481,FALSE
2021-03-29,2021,13,Adenovirus,2.42,FALSE,3,2021,2020,2020/21,2020-07-01,39,3.07,4.811999999999999,1.75,4.84,9,-0.6499999999999999,0.7882736156351792,FALSE
2021-04-05,2021,14,Adenovirus,1.75,FALSE,4,2021,2020,2020/21,2020-07-01,40,3.44,4.61,1.01,4.69,9,-1.69,0.5087209302325582,FALSE
2021-04-12,2021,15,Adenovirus,2.45,FALSE,4,2021,2020,2020/21,2020-07-01,41,3.69,4.970000000000001,1.07,5.03,9,-1.2399999999999998,0.6639566395663957,FALSE
2021-04-19,2021,16,Adenovirus,2.15,FALSE,4,2021,2020,2020/21,2020-07-01,42,3.62,4.116,1.02,4.2,9,-1.4700000000000002,0.5939226519337016,FALSE
2021-04-26,2021,17,Adenovirus,3.58,FALSE,4,2021,2020,2020/21,2020-07-01,43,3.28,4.146,0.66,4.25,9,0.30000000000000027,1.0914634146341464,FALSE
2021-05-03,2021,18,Adenovirus,3.02,FALSE,5,2021,2020,2020/21,2020-07-01,44,2.94,5.138,0.82,5.21,9,0.08000000000000007,1.0272108843537415,FALSE
2021-05-10,2021,19,Adenovirus,2.15,FALSE,5,2021,2020,2020/21,2020-07-01,45,2.5,4.595999999999999,1.01,4.76,9,-0.3500000000000001,0.86,FALSE
2021-05-17,2021,20,Adenovirus,2.35,FALSE,5,2021,2020,2020/21,2020-07-01,46,2.87,4.359999999999999,1.17,4.64,9,-0.52,0.818815331010453,FALSE
2021-05-24,2021,21,Adenovirus,2.07,FALSE,5,2021,2020,2020/21,2020-07-01,47,2.63,3.93,1.46,4.07,9,-0.56,0.7870722433460076,FALSE
2021-05-31,2021,22,Adenovirus,3.07,FALSE,5,2021,2020,2020/21,2020-07-01,48,2.62,4.4959999999999996,0.36,4.62,9,0.44999999999999973,1.1717557251908395,FALSE
2021-06-07,2021,23,Adenovirus,2.72,FALSE,6,2021,2020,2020/21,2020-07-01,49,2.72,4.867999999999999,0.68,5.1,9,0,1,FALSE
2021-06-14,2021,24,Adenovirus,2.44,FALSE,6,2021,2020,2020/21,2020-07-01,50,2.44,4.831999999999999,1.01,5.38,9,0,1,FALSE
2021-06-21,2021,25,Adenovirus,2,FALSE,6,2021,2020,2020/21,2020-07-01,51,2.31,4.764,1.55,4.78,9,-0.31000000000000005,0.8658008658008658,FALSE
2021-06-28,2021,26,Adenovirus,1.74,FALSE,6,2021,2020,2020/21,2020-07-01,52,1.97,4.428,1.56,4.78,9,-0.22999999999999998,0.883248730964467,FALSE
2021-07-05,2021,27,Adenovirus,1.88,FALSE,7,2021,2021,2021/22,2021-07-01,1,2.45,4.616,1.49,4.64,9,-0.5700000000000003,0.7673469387755101,FALSE
2021-07-12,2021,28,Adenovirus,1.55,FALSE,7,2021,2021,2021/22,2021-07-01,2,2.31,5.053999999999999,1.48,5.27,9,-0.76,0.670995670995671,FALSE
2021-07-19,2021,29,Adenovirus,1.73,FALSE,7,2021,2021,2021/22,2021-07-01,3,2.02,5.6979999999999995,1.73,6.25,9,-0.29000000000000004,0.8564356435643564,FALSE
2021-07-26,2021,30,Adenovirus,1.68,FALSE,7,2021,2021,2021/22,2021-07-01,4,2.01,5.302,1.04,5.43,9,-0.32999999999999985,0.8358208955223881,FALSE
2021-08-02,2021,31,Adenovirus,1.61,FALSE,8,2021,2021,2021/22,2021-07-01,5,1.66,5.1739999999999995,1.41,5.25,9,-0.04999999999999982,0.9698795180722892,FALSE
2021-08-09,2021,32,Adenovirus,1.58,FALSE,8,2021,2021,2021/22,2021-07-01,6,1.91,4.618,1.1,4.79,9,-0.32999999999999985,0.8272251308900525,FALSE
2021-08-16,2021,33,Adenovirus,1.46,FALSE,8,2021,2021,2021/22,2021-07-01,7,1.73,4.087999999999999,1.16,4.22,9,-0.27,0.8439306358381503,FALSE
2021-08-23,2021,34,Adenovirus,1.36,FALSE,8,2021,2021,2021/22,2021-07-01,8,1.76,3.858,1.14,4.03,9,-0.3999999999999999,0.7727272727272728,FALSE
2021-08-30,2021,35,Adenovirus,1.21,FALSE,8,2021,2021,2021/22,2021-07-01,9,1.82,3.782,1.21,3.81,9,-0.6100000000000001,0.6648351648351648,FALSE
2021-09-06,2021,36,Adenovirus,1.5,FALSE,9,2021,2021,2021/22,2021-07-01,10,1.5,3.264,1.14,3.3,9,0,1,FALSE
2021-09-13,2021,37,Adenovirus,1.07,FALSE,9,2021,2021,2021/22,2021-07-01,11,1.77,3.03,1.07,3.05,9,-0.7,0.6045197740112994,FALSE
2021-09-20,2021,38,Adenovirus,0.94,FALSE,9,2021,2021,2021/22,2021-07-01,12,2.18,3.016,0.94,3.08,9,-1.2400000000000002,0.4311926605504587,FALSE
2021-09-27,2021,39,Adenovirus,1.75,FALSE,9,2021,2021,2021/22,2021-07-01,13,1.79,2.9459999999999997,1.52,3.23,9,-0.040000000000000036,0.9776536312849162,FALSE
2021-10-04,2021,40,Adenovirus,1.38,FALSE,10,2021,2021,2021/22,2021-07-01,14,1.85,2.436,1.38,2.48,9,-0.4700000000000002,0.7459459459459459,FALSE
2021-10-11,2021,41,Adenovirus,1.35,FALSE,10,2021,2021,2021/22,2021-07-01,15,2.07,3.611999999999999,1.35,4.14,9,-0.7199999999999998,0.6521739130434784,FALSE
2021-10-18,2021,42,Adenovirus,1.96,FALSE,10,2021,2021,2021/22,2021-07-01,16,2.16,3.288,1.62,3.44,9,-0.20000000000000018,0.9074074074074073,FALSE
2021-10-25,2021,43,Adenovirus,1.79,FALSE,10,2021,2021,2021/22,2021-07-01,17,2.29,3.172,1.72,3.22,9,-0.5,0.7816593886462883,FALSE
2021-11-01,2021,44,Adenovirus,1.85,FALSE,11,2021,2021,2021/22,2021-07-01,18,2.64,3.52,1.65,3.56,9,-0.79,0.7007575757575758,FALSE
2021-11-08,2021,45,Adenovirus,2.21,FALSE,11,2021,2021,2021/22,2021-07-01,19,2.21,3.6999999999999997,1.8,3.78,9,0,1,FALSE
2021-11-15,2021,46,Adenovirus,2.72,FALSE,11,2021,2021,2021/22,2021-07-01,20,2.55,3.172,1.16,3.18,9,0.17000000000000037,1.0666666666666669,FALSE
2021-11-22,2021,47,Adenovirus,2.96,FALSE,11,2021,2021,2021/22,2021-07-01,21,2.33,3.388,1.59,3.6,9,0.6299999999999999,1.2703862660944205,FALSE
2021-11-29,2021,48,Adenovirus,2.13,FALSE,11,2021,2021,2021/22,2021-07-01,22,2.13,2.776,1.61,2.96,9,0,1,FALSE
2021-12-06,2021,49,Adenovirus,3.14,FALSE,12,2021,2021,2021/22,2021-07-01,23,2.32,3.2359999999999998,1.23,3.3,9,0.8200000000000003,1.3534482758620692,FALSE
2021-12-13,2021,50,Adenovirus,2.89,FALSE,12,2021,2021,2021/22,2021-07-01,24,2.47,2.866,1.47,2.89,9,0.41999999999999993,1.1700404858299596,TRUE
2021-12-20,2021,51,Adenovirus,2.67,FALSE,12,2021,2021,2021/22,2021-07-01,25,2.4,3.134,1.69,3.39,9,0.27,1.1125,FALSE
2021-12-27,2021,52,Adenovirus,3.03,FALSE,12,2021,2021,2021/22,2021-07-01,26,2.19,3.15,1.47,3.23,9,0.8399999999999999,1.3835616438356164,FALSE
2022-01-03,2022,1,Adenovirus,2.11,FALSE,1,2022,2021,2021/22,2021-07-01,27,1.89,2.456,1.24,2.6,9,0.21999999999999997,1.1164021164021163,FALSE
2022-01-10,2022,2,Adenovirus,2.11,FALSE,1,2022,2021,2021/22,2021-07-01,28,1.87,2.6119999999999997,1.36,2.78,9,0.23999999999999977,1.1283422459893047,FALSE
2022-01-17,2022,3,Adenovirus,2.68,FALSE,1,2022,2021,2021/22,2021-07-01,29,2.23,3.6599999999999997,1.72,3.8,9,0.4500000000000002,1.2017937219730943,FALSE
2022-01-24,2022,4,Adenovirus,4.02,FALSE,1,2022,2021,2021/22,2021-07-01,30,2.46,3.8879999999999995,1.35,4.02,9,1.5599999999999996,1.6341463414634145,TRUE
2022-01-31,2022,5,Adenovirus,2.59,FALSE,1,2022,2021,2021/22,2021-07-01,31,2.68,3.552,1.9,3.62,9,-0.0900000000000003,0.966417910447761,FALSE
2022-02-07,2022,6,Adenovirus,3.02,FALSE,2,2022,2021,2021/22,2021-07-01,32,3.02,3.9319999999999995,1.25,4.06,9,0,1,FALSE
2022-02-14,2022,7,Adenovirus,3.87,FALSE,2,2022,2021,2021/22,2021-07-01,33,3.06,4.374,1.93,4.67,9,0.81,1.2647058823529411,FALSE
2022-02-21,2022,8,Adenovirus,3.21,FALSE,2,2022,2021,2021/22,2021-07-01,34,3.21,4.741999999999999,1.82,4.85,9,0,1,FALSE
2022-02-28,2022,9,Adenovirus,4.29,FALSE,2,2022,2021,2021/22,2021-07-01,35,3.13,4.2139999999999995,1.54,4.29,9,1.1600000000000001,1.3706070287539938,TRUE
2022-03-07,2022,10,Adenovirus,2.67,FALSE,3,2022,2021,2021/22,2021-07-01,36,3.15,3.788,1.96,4.04,9,-0.48,0.8476190476190476,FALSE
2022-03-14,2022,11,Adenovirus,2.64,FALSE,3,2022,2021,2021/22,2021-07-01,37,2.72,4.233999999999999,1.93,4.27,9,-0.08000000000000007,0.9705882352941176,FALSE
2022-03-21,2022,12,Adenovirus,2.69,FALSE,3,2022,2021,2021/22,2021-07-01,38,2.7,5.016,1.85,5.28,9,-0.010000000000000231,0.9962962962962962,FALSE
2022-03-28,2022,13,Adenovirus,2.48,FALSE,3,2022,2021,2021/22,2021-07-01,39,3.07,4.811999999999999,1.75,4.84,9,-0.5899999999999999,0.8078175895765473,FALSE
2022-04-04,2022,14,Adenovirus,3.44,FALSE,4,2022,2021,2021/22,2021-07-01,40,3.44,4.61,1.01,4.69,9,0,1,FALSE
2022-04-11,2022,15,Adenovirus,3.29,FALSE,4,2022,2021,2021/22,2021-07-01,41,3.69,4.970000000000001,1.07,5.03,9,-0.3999999999999999,0.89159891598916,FALSE
2022-04-18,2022,16,Adenovirus,4.2,FALSE,4,2022,2021,2021/22,2021-07-01,42,3.62,4.116,1.02,4.2,9,0.5800000000000001,1.160220994475138,TRUE
2022-04-25,2022,17,Adenovirus,4.25,FALSE,4,2022,2021,2021/22,2021-07-01,43,3.28,4.146,0.66,4.25,9,0.9700000000000002,1.2957317073170733,TRUE
2022-05-02,2022,18,Adenovirus,4.11,FALSE,5,2022,2021,2021/22,2021-07-01,44,2.94,5.138,0.82,5.21,9,1.1700000000000004,1.3979591836734695,FALSE
2022-05-09,2022,19,Adenovirus,2.5,FALSE,5,2022,2021,2021/22,2021-07-01,45,2.5,4.595999999999999,1.01,4.76,9,0,1,FALSE
2022-05-16,2022,20,Adenovirus,3.92,FALSE,5,2022,2021,2021/22,2021-07-01,46,2.87,4.359999999999999,1.17,4.64,9,1.0499999999999998,1.3658536585365852,FALSE
2022-05-23,2022,21,Adenovirus,3.26,FALSE,5,2022,2021,2021/22,2021-07-01,47,2.63,3.93,1.46,4.07,9,0.6299999999999999,1.2395437262357414,FALSE
2022-05-30,2022,22,Adenovirus,4.1,FALSE,5,2022,2021,2021/22,2021-07-01,48,2.62,4.4959999999999996,0.36,4.62,9,1.4799999999999995,1.564885496183206,FALSE
2022-06-06,2022,23,Adenovirus,3.81,FALSE,6,2022,2021,2021/22,2021-07-01,49,2.72,4.867999999999999,0.68,5.1,9,1.0899999999999999,1.400735294117647,FALSE
2022-06-13,2022,24,Adenovirus,3.95,FALSE,6,2022,2021,2021/22,2021-07-01,50,2.44,4.831999999999999,1.01,5.38,9,1.5100000000000002,1.6188524590163935,FALSE
2022-06-20,2022,25,Adenovirus,3.81,FALSE,6,2022,2021,2021/22,2021-07-01,51,2.31,4.764,1.55,4.78,9,1.5,1.6493506493506493,FALSE
2022-06-27,2022,26,Adenovirus,3.37,FALSE,6,2022,2021,2021/22,2021-07-01,52,1.97,4.428,1.56,4.78,9,1.4000000000000001,1.7106598984771575,FALSE
2022-07-04,2022,27,Adenovirus,4.19,FALSE,7,2022,2022,2022/23,2022-07-01,1,2.45,4.616,1.49,4.64,9,1.7400000000000002,1.7102040816326531,FALSE
2022-07-11,2022,28,Adenovirus,4.7,FALSE,7,2022,2022,2022/23,2022-07-01,2,2.31,5.053999999999999,1.48,5.27,9,2.39,2.034632034632035,FALSE
2022-07-18,2022,29,Adenovirus,6.25,FALSE,7,2022,2022,2022/23,2022-07-01,3,2.02,5.6979999999999995,1.73,6.25,9,4.23,3.094059405940594,TRUE
2022-07-25,2022,30,Adenovirus,5.43,FALSE,7,2022,2022,2022/23,2022-07-01,4,2.01,5.302,1.04,5.43,9,3.42,2.701492537313433,TRUE
2022-08-01,2022,31,Adenovirus,5.06,FALSE,8,2022,2022,2022/23,2022-07-01,5,1.66,5.1739999999999995,1.41,5.25,9,3.3999999999999995,3.048192771084337,FALSE
2022-08-08,2022,32,Adenovirus,4.79,FALSE,8,2022,2022,2022/23,2022-07-01,6,1.91,4.618,1.1,4.79,9,2.88,2.5078534031413615,TRUE
2022-08-15,2022,33,Adenovirus,4.22,FALSE,8,2022,2022,2022/23,2022-07-01,7,1.73,4.087999999999999,1.16,4.22,9,2.4899999999999998,2.439306358381503,TRUE
2022-08-22,2022,34,Adenovirus,4.03,FALSE,8,2022,2022,2022/23,2022-07-01,8,1.76,3.858,1.14,4.03,9,2.2700000000000005,2.2897727272727275,TRUE
2022-08-29,2022,35,Adenovirus,3.3,FALSE,8,2022,2022,2022/23,2022-07-01,9,1.82,3.782,1.21,3.81,9,1.4799999999999998,1.813186813186813,FALSE
2022-09-05,2022,36,Adenovirus,2.78,FALSE,9,2022,2022,2022/23,2022-07-01,10,1.5,3.264,1.14,3.3,9,1.2799999999999998,1.8533333333333333,FALSE
2022-09-12,2022,37,Adenovirus,2.98,FALSE,9,2022,2022,2022/23,2022-07-01,11,1.77,3.03,1.07,3.05,9,1.21,1.6836158192090396,FALSE
2022-09-19,2022,38,Adenovirus,2.37,FALSE,9,2022,2022,2022/23,2022-07-01,12,2.18,3.016,0.94,3.08,9,0.18999999999999995,1.0871559633027523,FALSE
2022-09-26,2022,39,Adenovirus,1.79,FALSE,9,2022,2022,2022/23,2022-07-01,13,1.79,2.9459999999999997,1.52,3.23,9,0,1,FALSE
2022-10-03,2022,40,Adenovirus,2.37,FALSE,10,2022,2022,2022/23,2022-07-01,14,1.85,2.436,1.38,2.48,9,0.52,1.281081081081081,FALSE
2022-10-10,2022,41,Adenovirus,2.27,FALSE,10,2022,2022,2022/23,2022-07-01,15,2.07,3.611999999999999,1.35,4.14,9,0.20000000000000018,1.0966183574879227,FALSE
2022-10-17,2022,42,Adenovirus,2.3,FALSE,10,2022,2022,2022/23,2022-07-01,16,2.16,3.288,1.62,3.44,9,0.13999999999999968,1.0648148148148147,FALSE
2022-10-24,2022,43,Adenovirus,2.43,FALSE,10,2022,2022,2022/23,2022-07-01,17,2.29,3.172,1.72,3.22,9,0.14000000000000012,1.0611353711790394,FALSE
2022-10-31,2022,44,Adenovirus,3.18,FALSE,10,2022,2022,2022/23,2022-07-01,18,2.64,3.52,1.65,3.56,9,0.54,1.2045454545454546,FALSE
2022-11-07,2022,45,Adenovirus,3.78,FALSE,11,2022,2022,2022/23,2022-07-01,19,2.21,3.6999999999999997,1.8,3.78,9,1.5699999999999998,1.7104072398190044,TRUE
2022-11-14,2022,46,Adenovirus,3.18,FALSE,11,2022,2022,2022/23,2022-07-01,20,2.55,3.172,1.16,3.18,9,0.6300000000000003,1.247058823529412,TRUE
2022-11-21,2022,47,Adenovirus,3.07,FALSE,11,2022,2022,2022/23,2022-07-01,21,2.33,3.388,1.59,3.6,9,0.7399999999999998,1.3175965665236051,FALSE
2022-11-28,2022,48,Adenovirus,2.96,FALSE,11,2022,2022,2022/23,2022-07-01,22,2.13,2.776,1.61,2.96,9,0.8300000000000001,1.3896713615023475,TRUE
2022-12-05,2022,49,Adenovirus,3.3,FALSE,12,2022,2022,2022/23,2022-07-01,23,2.32,3.2359999999999998,1.23,3.3,9,0.98,1.4224137931034484,TRUE
2022-12-12,2022,50,Adenovirus,2.83,FALSE,12,2022,2022,2022/23,2022-07-01,24,2.47,2.866,1.47,2.89,9,0.3599999999999999,1.145748987854251,FALSE
2022-12-19,2022,51,Adenovirus,2.75,FALSE,12,2022,2022,2022/23,2022-07-01,25,2.4,3.134,1.69,3.39,9,0.3500000000000001,1.1458333333333335,FALSE
2022-12-26,2022,52,Adenovirus,3.23,FALSE,12,2022,2022,2022/23,2022-07-01,26,2.19,3.15,1.47,3.23,9,1.04,1.4748858447488584,TRUE
2023-01-02,2023,1,Adenovirus,2.6,FALSE,1,2023,2022,2022/23,2022-07-01,27,1.89,2.456,1.24,2.6,9,0.7100000000000002,1.3756613756613758,TRUE
2023-01-09,2023,2,Adenovirus,2.78,FALSE,1,2023,2022,2022/23,2022-07-01,28,1.87,2.6119999999999997,1.36,2.78,9,0.9099999999999997,1.4866310160427805,TRUE
2023-01-16,2023,3,Adenovirus,3.8,FALSE,1,2023,2022,2022/23,2022-07-01,29,2.23,3.6599999999999997,1.72,3.8,9,1.5699999999999998,1.704035874439462,TRUE
2023-01-23,2023,4,Adenovirus,3.69,FALSE,1,2023,2022,2022/23,2022-07-01,30,2.46,3.8879999999999995,1.35,4.02,9,1.23,1.5,FALSE
2023-01-30,2023,5,Adenovirus,3.45,FALSE,1,2023,2022,2022/23,2022-07-01,31,2.68,3.552,1.9,3.62,9,0.77,1.287313432835821,FALSE
2023-02-06,2023,6,Adenovirus,4.06,FALSE,2,2023,2022,2022/23,2022-07-01,32,3.02,3.9319999999999995,1.25,4.06,9,1.0399999999999996,1.344370860927152,TRUE
2023-02-13,2023,7,Adenovirus,3.93,FALSE,2,2023,2022,2022/23,2022-07-01,33,3.06,4.374,1.93,4.67,9,0.8700000000000001,1.2843137254901962,FALSE
2023-02-20,2023,8,Adenovirus,4.85,FALSE,2,2023,2022,2022/23,2022-07-01,34,3.21,4.741999999999999,1.82,4.85,9,1.6399999999999997,1.510903426791277,TRUE
2023-02-27,2023,9,Adenovirus,4.1,FALSE,2,2023,2022,2022/23,2022-07-01,35,3.13,4.2139999999999995,1.54,4.29,9,0.9699999999999998,1.3099041533546325,FALSE
2023-03-06,2023,10,Adenovirus,2.98,FALSE,3,2023,2022,2022/23,2022-07-01,36,3.15,3.788,1.96,4.04,9,-0.16999999999999993,0.946031746031746,FALSE
2023-03-13,2023,11,Adenovirus,4.08,FALSE,3,2023,2022,2022/23,2022-07-01,37,2.72,4.233999999999999,1.93,4.27,9,1.3599999999999999,1.5,FALSE
2023-03-20,2023,12,Adenovirus,3.77,FALSE,3,2023,2022,2022/23,2022-07-01,38,2.7,5.016,1.85,5.28,9,1.0699999999999998,1.3962962962962961,FALSE
2023-03-27,2023,13,Adenovirus,3.89,FALSE,3,2023,2022,2022/23,2022-07-01,39,3.07,4.811999999999999,1.75,4.84,9,0.8200000000000003,1.2671009771986972,FALSE
2023-04-03,2023,14,Adenovirus,3.51,FALSE,4,2023,2022,2022/23,2022-07-01,40,3.44,4.61,1.01,4.69,9,0.06999999999999984,1.0203488372093024,FALSE
2023-04-10,2023,15,Adenovirus,3.69,FALSE,4,2023,2022,2022/23,2022-07-01,41,3.69,4.970000000000001,1.07,5.03,9,0,1,FALSE
2023-04-17,2023,16,Adenovirus,3.62,FALSE,4,2023,2022,2022/23,2022-07-01,42,3.62,4.116,1.02,4.2,9,0,1,FALSE
2023-04-24,2023,17,Adenovirus,3.26,FALSE,4,2023,2022,2022/23,2022-07-01,43,3.28,4.146,0.66,4.25,9,-0.020000000000000018,0.9939024390243902,FALSE
2023-05-01,2023,18,Adenovirus,2.94,FALSE,5,2023,2022,2022/23,2022-07-01,44,2.94,5.138,0.82,5.21,9,0,1,FALSE
2023-05-08,2023,19,Adenovirus,2.7,FALSE,5,2023,2022,2022/23,2022-07-01,45,2.5,4.595999999999999,1.01,4.76,9,0.20000000000000018,1.08,FALSE
2023-05-15,2023,20,Adenovirus,2.87,FALSE,5,2023,2022,2022/23,2022-07-01,46,2.87,4.359999999999999,1.17,4.64,9,0,1,FALSE
2023-05-22,2023,21,Adenovirus,2.4,FALSE,5,2023,2022,2022/23,2022-07-01,47,2.63,3.93,1.46,4.07,9,-0.22999999999999998,0.9125475285171103,FALSE
2023-05-29,2023,22,Adenovirus,1.85,FALSE,5,2023,2022,2022/23,2022-07-01,48,2.62,4.4959999999999996,0.36,4.62,9,-0.77,0.7061068702290076,FALSE
2023-06-05,2023,23,Adenovirus,2.19,FALSE,6,2023,2022,2022/23,2022-07-01,49,2.72,4.867999999999999,0.68,5.1,9,-0.5300000000000002,0.8051470588235293,FALSE
2023-06-12,2023,24,Adenovirus,2.36,FALSE,6,2023,2022,2022/23,2022-07-01,50,2.44,4.831999999999999,1.01,5.38,9,-0.08000000000000007,0.9672131147540983,FALSE
2023-06-19,2023,25,Adenovirus,2.31,FALSE,6,2023,2022,2022/23,2022-07-01,51,2.31,4.764,1.55,4.78,9,0,1,FALSE
2023-06-26,2023,26,Adenovirus,1.97,FALSE,6,2023,2022,2022/23,2022-07-01,52,1.97,4.428,1.56,4.78,9,0,1,FALSE
2023-07-03,2023,27,Adenovirus,1.49,FALSE,7,2023,2023,2023/24,2023-07-01,1,2.45,4.616,1.49,4.64,9,-0.9600000000000002,0.6081632653061224,FALSE
2023-07-10,2023,28,Adenovirus,2.29,FALSE,7,2023,2023,2023/24,2023-07-01,2,2.31,5.053999999999999,1.48,5.27,9,-0.020000000000000018,0.9913419913419913,FALSE
2023-07-17,2023,29,Adenovirus,1.76,FALSE,7,2023,2023,2023/24,2023-07-01,3,2.02,5.6979999999999995,1.73,6.25,9,-0.26,0.8712871287128713,FALSE
2023-07-24,2023,30,Adenovirus,2.01,FALSE,7,2023,2023,2023/24,2023-07-01,4,2.01,5.302,1.04,5.43,9,0,1,FALSE
2023-07-31,2023,31,Adenovirus,1.66,FALSE,7,2023,2023,2023/24,2023-07-01,5,1.66,5.1739999999999995,1.41,5.25,9,0,1,FALSE
2023-08-07,2023,32,Adenovirus,1.91,FALSE,8,2023,2023,2023/24,2023-07-01,6,1.91,4.618,1.1,4.79,9,0,1,FALSE
2023-08-14,2023,33,Adenovirus,1.73,FALSE,8,2023,2023,2023/24,2023-07-01,7,1.73,4.087999999999999,1.16,4.22,9,0,1,FALSE
2023-08-21,2023,34,Adenovirus,1.76,FALSE,8,2023,2023,2023/24,2023-07-01,8,1.76,3.858,1.14,4.03,9,0,1,FALSE
2023-08-28,2023,35,Adenovirus,1.82,FALSE,8,2023,2023,2023/24,2023-07-01,9,1.82,3.782,1.21,3.81,9,0,1,FALSE
2023-09-04,2023,36,Adenovirus,1.29,FALSE,9,2023,2023,2023/24,2023-07-01,10,1.5,3.264,1.14,3.3,9,-0.20999999999999996,0.86,FALSE
2023-09-11,2023,37,Adenovirus,1.77,FALSE,9,2023,2023,2023/24,2023-07-01,11,1.77,3.03,1.07,3.05,9,0,1,FALSE
2023-09-18,2023,38,Adenovirus,1.38,FALSE,9,2023,2023,2023/24,2023-07-01,12,2.18,3.016,0.94,3.08,9,-0.8000000000000003,0.6330275229357797,FALSE
2023-09-25,2023,39,Adenovirus,1.52,FALSE,9,2023,2023,2023/24,2023-07-01,13,1.79,2.9459999999999997,1.52,3.23,9,-0.27,0.8491620111731844,FALSE
2023-10-02,2023,40,Adenovirus,1.81,FALSE,10,2023,2023,2023/24,2023-07-01,14,1.85,2.436,1.38,2.48,9,-0.040000000000000036,0.9783783783783784,FALSE
2023-10-09,2023,41,Adenovirus,1.65,FALSE,10,2023,2023,2023/24,2023-07-01,15,2.07,3.611999999999999,1.35,4.14,9,-0.41999999999999993,0.7971014492753623,FALSE
2023-10-16,2023,42,Adenovirus,1.62,FALSE,10,2023,2023,2023/24,2023-07-01,16,2.16,3.288,1.62,3.44,9,-0.54,0.75,FALSE
2023-10-23,2023,43,Adenovirus,2.29,FALSE,10,2023,2023,2023/24,2023-07-01,17,2.29,3.172,1.72,3.22,9,0,1,FALSE
2023-10-30,2023,44,Adenovirus,1.98,FALSE,10,2023,2023,2023/24,2023-07-01,18,2.64,3.52,1.65,3.56,9,-0.6600000000000001,0.75,FALSE
2023-11-06,2023,45,Adenovirus,2.06,FALSE,11,2023,2023,2023/24,2023-07-01,19,2.21,3.6999999999999997,1.8,3.78,9,-0.1499999999999999,0.9321266968325792,FALSE
2023-11-13,2023,46,Adenovirus,1.96,FALSE,11,2023,2023,2023/24,2023-07-01,20,2.55,3.172,1.16,3.18,9,-0.5899999999999999,0.7686274509803922,FALSE
2023-11-20,2023,47,Adenovirus,1.72,FALSE,11,2023,2023,2023/24,2023-07-01,21,2.33,3.388,1.59,3.6,9,-0.6100000000000001,0.7381974248927038,FALSE
2023-11-27,2023,48,Adenovirus,1.8,FALSE,11,2023,2023,2023/24,2023-07-01,22,2.13,2.776,1.61,2.96,9,-0.32999999999999985,0.8450704225352114,FALSE
2023-12-04,2023,49,Adenovirus,1.58,FALSE,12,2023,2023,2023/24,2023-07-01,23,2.32,3.2359999999999998,1.23,3.3,9,-0.7399999999999998,0.6810344827586208,FALSE
2023-12-11,2023,50,Adenovirus,1.47,FALSE,12,2023,2023,2023/24,2023-07-01,24,2.47,2.866,1.47,2.89,9,-1.0000000000000002,0.5951417004048583,FALSE
2023-12-18,2023,51,Adenovirus,1.69,FALSE,12,2023,2023,2023/24,2023-07-01,25,2.4,3.134,1.69,3.39,9,-0.71,0.7041666666666667,FALSE
2023-12-25,2023,52,Adenovirus,1.61,FALSE,12,2023,2023,2023/24,2023-07-01,26,2.19,3.15,1.47,3.23,9,-0.5799999999999998,0.7351598173515982,FALSE
2024-01-01,2024,1,Adenovirus,1.72,FALSE,1,2024,2023,2023/24,2023-07-01,27,1.89,2.456,1.24,2.6,9,-0.16999999999999993,0.9100529100529101,FALSE
2024-01-08,2024,2,Adenovirus,1.59,FALSE,1,2024,2023,2023/24,2023-07-01,28,1.87,2.6119999999999997,1.36,2.78,9,-0.28,0.8502673796791443,FALSE
2024-01-15,2024,3,Adenovirus,1.72,FALSE,1,2024,2023,2023/24,2023-07-01,29,2.23,3.6599999999999997,1.72,3.8,9,-0.51,0.7713004484304933,FALSE
2024-01-22,2024,4,Adenovirus,1.82,FALSE,1,2024,2023,2023/24,2023-07-01,30,2.46,3.8879999999999995,1.35,4.02,9,-0.6399999999999999,0.7398373983739838,FALSE
2024-01-29,2024,5,Adenovirus,1.9,FALSE,1,2024,2023,2023/24,2023-07-01,31,2.68,3.552,1.9,3.62,9,-0.7800000000000002,0.708955223880597,FALSE
2024-02-05,2024,6,Adenovirus,1.79,FALSE,2,2024,2023,2023/24,2023-07-01,32,3.02,3.9319999999999995,1.25,4.06,9,-1.23,0.5927152317880795,FALSE
2024-02-12,2024,7,Adenovirus,1.98,FALSE,2,2024,2023,2023/24,2023-07-01,33,3.06,4.374,1.93,4.67,9,-1.08,0.6470588235294118,FALSE
2024-02-19,2024,8,Adenovirus,2.21,FALSE,2,2024,2023,2023/24,2023-07-01,34,3.21,4.741999999999999,1.82,4.85,9,-1,0.6884735202492211,FALSE
2024-02-26,2024,9,Adenovirus,1.77,FALSE,2,2024,2023,2023/24,2023-07-01,35,3.13,4.2139999999999995,1.54,4.29,9,-1.3599999999999999,0.5654952076677316,FALSE
2024-03-04,2024,10,Adenovirus,1.96,FALSE,3,2024,2023,2023/24,2023-07-01,36,3.15,3.788,1.96,4.04,9,-1.19,0.6222222222222222,FALSE
2024-03-11,2024,11,Adenovirus,2.07,FALSE,3,2024,2023,2023/24,2023-07-01,37,2.72,4.233999999999999,1.93,4.27,9,-0.6500000000000004,0.7610294117647057,FALSE
2024-03-18,2024,12,Adenovirus,1.85,FALSE,3,2024,2023,2023/24,2023-07-01,38,2.7,5.016,1.85,5.28,9,-0.8500000000000001,0.6851851851851851,FALSE
2024-03-25,2024,13,Adenovirus,2.39,FALSE,3,2024,2023,2023/24,2023-07-01,39,3.07,4.811999999999999,1.75,4.84,9,-0.6799999999999997,0.7785016286644952,FALSE
2024-04-01,2024,14,Adenovirus,1.91,FALSE,4,2024,2023,2023/24,2023-07-01,40,3.44,4.61,1.01,4.69,9,-1.53,0.5552325581395349,FALSE
2024-04-08,2024,15,Adenovirus,2.1,FALSE,4,2024,2023,2023/24,2023-07-01,41,3.69,4.970000000000001,1.07,5.03,9,-1.5899999999999999,0.5691056910569106,FALSE
2024-04-15,2024,16,Adenovirus,1.64,FALSE,4,2024,2023,2023/24,2023-07-01,42,3.62,4.116,1.02,4.2,9,-1.9800000000000002,0.4530386740331491,FALSE
2024-04-22,2024,17,Adenovirus,1.78,FALSE,4,2024,2023,2023/24,2023-07-01,43,3.28,4.146,0.66,4.25,9,-1.4999999999999998,0.5426829268292683,FALSE
2024-04-29,2024,18,Adenovirus,1.73,FALSE,4,2024,2023,2023/24,2023-07-01,44,2.94,5.138,0.82,5.21,9,-1.21,0.5884353741496599,FALSE
2024-05-06,2024,19,Adenovirus,2.18,FALSE,5,2024,2023,2023/24,2023-07-01,45,2.5,4.595999999999999,1.01,4.76,9,-0.31999999999999984,0.8720000000000001,FALSE
2024-05-13,2024,20,Adenovirus,1.62,FALSE,5,2024,2023,2023/24,2023-07-01,46,2.87,4.359999999999999,1.17,4.64,9,-1.25,0.5644599303135889,FALSE
2024-05-20,2024,21,Adenovirus,1.47,FALSE,5,2024,2023,2023/24,2023-07-01,47,2.63,3.93,1.46,4.07,9,-1.16,0.55893536121673,FALSE
2024-05-27,2024,22,Adenovirus,1.78,FALSE,5,2024,2023,2023/24,2023-07-01,48,2.62,4.4959999999999996,0.36,4.62,9,-0.8400000000000001,0.6793893129770993,FALSE
2024-06-03,2024,23,Adenovirus,2.52,FALSE,6,2024,2023,2023/24,2023-07-01,49,2.72,4.867999999999999,0.68,5.1,9,-0.20000000000000018,0.926470588235294,FALSE
2024-06-10,2024,24,Adenovirus,1.82,FALSE,6,2024,2023,2023/24,2023-07-01,50,2.44,4.831999999999999,1.01,5.38,9,-0.6199999999999999,0.7459016393442623,FALSE
2024-06-17,2024,25,Adenovirus,1.55,FALSE,6,2024,2023,2023/24,2023-07-01,51,2.31,4.764,1.55,4.78,9,-0.76,0.670995670995671,FALSE
2024-06-24,2024,26,Adenovirus,1.88,FALSE,6,2024,2023,2023/24,2023-07-01,52,1.97,4.428,1.56,4.78,9,-0.09000000000000008,0.9543147208121827,FALSE
2024-07-01,2024,27,Adenovirus,1.9,FALSE,7,2024,2024,2024/25,2024-07-01,1,2.45,4.616,1.49,4.64,9,-0.5500000000000003,0.7755102040816325,FALSE
2024-07-08,2024,28,Adenovirus,1.48,FALSE,7,2024,2024,2024/25,2024-07-01,2,2.31,5.053999999999999,1.48,5.27,9,-0.8300000000000001,0.6406926406926406,FALSE
2024-07-15,2024,29,Adenovirus,1.75,FALSE,7,2024,2024,2024/25,2024-07-01,3,2.02,5.6979999999999995,1.73,6.25,9,-0.27,0.8663366336633663,FALSE
2024-07-22,2024,30,Adenovirus,1.88,FALSE,7,2024,2024,2024/25,2024-07-01,4,2.01,5.302,1.04,5.43,9,-0.1299999999999999,0.9353233830845772,FALSE
2024-07-29,2024,31,Adenovirus,1.56,FALSE,7,2024,2024,2024/25,2024-07-01,5,1.66,5.1739999999999995,1.41,5.25,9,-0.09999999999999987,0.9397590361445783,FALSE
2024-08-05,2024,32,Adenovirus,1.54,FALSE,8,2024,2024,2024/25,2024-07-01,6,1.91,4.618,1.1,4.79,9,-0.3699999999999999,0.8062827225130891,FALSE
2024-08-12,2024,33,Adenovirus,1.54,FALSE,8,2024,2024,2024/25,2024-07-01,7,1.73,4.087999999999999,1.16,4.22,9,-0.18999999999999995,0.8901734104046243,FALSE
2024-08-19,2024,34,Adenovirus,1.6,FALSE,8,2024,2024,2024/25,2024-07-01,8,1.76,3.858,1.14,4.03,9,-0.15999999999999992,0.9090909090909092,FALSE
2024-08-26,2024,35,Adenovirus,1.54,FALSE,8,2024,2024,2024/25,2024-07-01,9,1.82,3.782,1.21,3.81,9,-0.28,0.8461538461538461,FALSE
2024-09-02,2024,36,Adenovirus,1.17,FALSE,9,2024,2024,2024/25,2024-07-01,10,1.5,3.264,1.14,3.3,9,-0.33000000000000007,0.7799999999999999,FALSE
2024-09-09,2024,37,Adenovirus,1.07,FALSE,9,2024,2024,2024/25,2024-07-01,11,1.77,3.03,1.07,3.05,9,-0.7,0.6045197740112994,FALSE
2024-09-16,2024,38,Adenovirus,1.43,FALSE,9,2024,2024,2024/25,2024-07-01,12,2.18,3.016,0.94,3.08,9,-0.7500000000000002,0.6559633027522935,FALSE
2024-09-23,2024,39,Adenovirus,1.7,FALSE,9,2024,2024,2024/25,2024-07-01,13,1.79,2.9459999999999997,1.52,3.23,9,-0.09000000000000008,0.94972067039106145,FALSE
2024-09-30,2024,40,Adenovirus,1.47,FALSE,9,2024,2024,2024/25,2024-07-01,14,1.85,2.436,1.38,2.48,9,-0.3800000000000001,0.7945945945945946,FALSE
2024-10-07,2024,41,Adenovirus,1.76,FALSE,10,2024,2024,2024/25,2024-07-01,15,2.07,3.611999999999999,1.35,4.14,9,-0.30999999999999983,0.8502415458937199,FALSE
2024-10-14,2024,42,Adenovirus,1.62,FALSE,10,2024,2024,2024/25,2024-07-01,16,2.16,3.288,1.62,3.44,9,-0.54,0.75,FALSE
2024-10-21,2024,43,Adenovirus,1.93,FALSE,10,2024,2024,2024/25,2024-07-01,17,2.29,3.172,1.72,3.22,9,-0.3600000000000001,0.8427947598253275,FALSE
2024-10-28,2024,44,Adenovirus,1.65,FALSE,10,2024,2024,2024/25,2024-07-01,18,2.64,3.52,1.65,3.56,9,-0.9900000000000002,0.6249999999999999,FALSE
2024-11-04,2024,45,Adenovirus,1.91,FALSE,11,2024,2024,2024/25,2024-07-01,19,2.21,3.6999999999999997,1.8,3.78,9,-0.30000000000000004,0.8642533936651583,FALSE
2024-11-11,2024,46,Adenovirus,2.51,FALSE,11,2024,2024,2024/25,2024-07-01,20,2.55,3.172,1.16,3.18,9,-0.040000000000000036,0.984313725490196,FALSE
2024-11-18,2024,47,Adenovirus,1.87,FALSE,11,2024,2024,2024/25,2024-07-01,21,2.33,3.388,1.59,3.6,9,-0.45999999999999996,0.8025751072961373,FALSE
2024-11-25,2024,48,Adenovirus,1.7,FALSE,11,2024,2024,2024/25,2024-07-01,22,2.13,2.776,1.61,2.96,9,-0.42999999999999994,0.7981220657276995,FALSE
2024-12-02,2024,49,Adenovirus,1.94,FALSE,12,2024,2024,2024/25,2024-07-01,23,2.32,3.2359999999999998,1.23,3.3,9,-0.3799999999999999,0.8362068965517242,FALSE
2024-12-09,2024,50,Adenovirus,1.98,FALSE,12,2024,2024,2024/25,2024-07-01,24,2.47,2.866,1.47,2.89,9,-0.4900000000000002,0.8016194331983805,FALSE
2024-12-16,2024,51,Adenovirus,2.51,FALSE,12,2024,2024,2024/25,2024-07-01,25,2.4,3.134,1.69,3.39,9,0.10999999999999988,1.0458333333333334,FALSE
2024-12-23,2024,52,Adenovirus,1.62,FALSE,12,2024,2024,2024/25,2024-07-01,26,2.19,3.15,1.47,3.23,9,-0.5699999999999998,0.7397260273972603,FALSE
2024-12-30,2024,1,Adenovirus,1.76,FALSE,12,2024,2024,2024/25,2024-07-01,27,1.89,2.456,1.24,2.6,9,-0.1299999999999999,0.9312169312169313,FALSE
2025-01-06,2025,2,Adenovirus,1.72,FALSE,1,2025,2024,2024/25,2024-07-01,28,1.87,2.6119999999999997,1.36,2.78,9,-0.15000000000000013,0.9197860962566844,FALSE
2025-01-13,2025,3,Adenovirus,1.94,FALSE,1,2025,2024,2024/25,2024-07-01,29,2.23,3.6599999999999997,1.72,3.8,9,-0.29000000000000004,0.8699551569506726,FALSE
2025-01-20,2025,4,Adenovirus,1.95,FALSE,1,2025,2024,2024/25,2024-07-01,30,2.46,3.8879999999999995,1.35,4.02,9,-0.51,0.7926829268292683,FALSE
2025-01-27,2025,5,Adenovirus,2.68,FALSE,1,2025,2024,2024/25,2024-07-01,31,2.68,3.552,1.9,3.62,9,0,1,FALSE
2025-02-03,2025,6,Adenovirus,3.03,FALSE,2,2025,2024,2024/25,2024-07-01,32,3.02,3.9319999999999995,1.25,4.06,9,0.009999999999999787,1.0033112582781456,FALSE
2025-02-10,2025,7,Adenovirus,3.06,FALSE,2,2025,2024,2024/25,2024-07-01,33,3.06,4.374,1.93,4.67,9,0,1,FALSE
2025-02-17,2025,8,Adenovirus,3.4,FALSE,2,2025,2024,2024/25,2024-07-01,34,3.21,4.741999999999999,1.82,4.85,9,0.18999999999999995,1.0591900311526479,FALSE
2025-02-24,2025,9,Adenovirus,3.13,FALSE,2,2025,2024,2024/25,2024-07-01,35,3.13,4.2139999999999995,1.54,4.29,9,0,1,FALSE
2025-03-03,2025,10,Adenovirus,3.29,FALSE,3,2025,2024,2024/25,2024-07-01,36,3.15,3.788,1.96,4.04,9,0.14000000000000012,1.0444444444444445,FALSE
2025-03-10,2025,11,Adenovirus,2.59,FALSE,3,2025,2024,2024/25,2024-07-01,37,2.72,4.233999999999999,1.93,4.27,9,-0.13000000000000034,0.952205882352941,FALSE
2025-03-17,2025,12,Adenovirus,2.63,FALSE,3,2025,2024,2024/25,2024-07-01,38,2.7,5.016,1.85,5.28,9,-0.07000000000000028,0.974074074074074,FALSE
2025-03-24,2025,13,Adenovirus,3.07,FALSE,3,2025,2024,2024/25,2024-07-01,39,3.07,4.811999999999999,1.75,4.84,9,0,1,FALSE
2025-03-31,2025,14,Adenovirus,2.91,FALSE,3,2025,2024,2024/25,2024-07-01,40,3.44,4.61,1.01,4.69,9,-0.5299999999999998,0.8459302325581396,FALSE
2025-04-07,2025,15,Adenovirus,4.05,FALSE,4,2025,2024,2024/25,2024-07-01,41,3.69,4.970000000000001,1.07,5.03,9,0.3599999999999999,1.097560975609756,FALSE
2025-04-14,2025,16,Adenovirus,3.84,FALSE,4,2025,2024,2024/25,2024-07-01,42,3.62,4.116,1.02,4.2,9,0.21999999999999975,1.0607734806629834,FALSE
2025-04-21,2025,17,Adenovirus,3.28,FALSE,4,2025,2024,2024/25,2024-07-01,43,3.28,4.146,0.66,4.25,9,0,1,FALSE
2025-04-28,2025,18,Adenovirus,2.86,FALSE,4,2025,2024,2024/25,2024-07-01,44,2.94,5.138,0.82,5.21,9,-0.08000000000000007,0.9727891156462585,FALSE
2025-05-05,2025,19,Adenovirus,3.18,FALSE,5,2025,2024,2024/25,2024-07-01,45,2.5,4.595999999999999,1.01,4.76,9,0.6800000000000002,1.272,FALSE
2025-05-12,2025,20,Adenovirus,2.94,FALSE,5,2025,2024,2024/25,2024-07-01,46,2.87,4.359999999999999,1.17,4.64,9,0.06999999999999984,1.024390243902439,FALSE
2025-05-19,2025,21,Adenovirus,2.63,FALSE,5,2025,2024,2024/25,2024-07-01,47,2.63,3.93,1.46,4.07,9,0,1,FALSE
2025-05-26,2025,22,Adenovirus,2.36,FALSE,5,2025,2024,2024/25,2024-07-01,48,2.62,4.4959999999999996,0.36,4.62,9,-0.26000000000000023,0.9007633587786259,FALSE
2025-06-02,2025,23,Adenovirus,2.17,FALSE,6,2025,2024,2024/25,2024-07-01,49,2.72,4.867999999999999,0.68,5.1,9,-0.5500000000000003,0.7977941176470588,FALSE
2025-06-09,2025,24,Adenovirus,2.15,FALSE,6,2025,2024,2024/25,2024-07-01,50,2.44,4.831999999999999,1.01,5.38,9,-0.29000000000000004,0.8811475409836066,FALSE
2025-06-16,2025,25,Adenovirus,2.21,FALSE,6,2025,2024,2024/25,2024-07-01,51,2.31,4.764,1.55,4.78,9,-0.10000000000000009,0.9567099567099566,FALSE
2025-06-23,2025,26,Adenovirus,2.66,FALSE,6,2025,2024,2024/25,2024-07-01,52,1.97,4.428,1.56,4.78,9,0.6900000000000002,1.350253807106599,FALSE
2025-06-30,2025,27,Adenovirus,2.28,FALSE,6,2025,2024,2024/25,2024-07-01,53,2.0549999999999997,2.2575,1.83,2.28,2,0.2250000000000001,1.1094890510948905,TRUE
2025-07-07,2025,28,Adenovirus,2.42,FALSE,7,2025,2025,2025/26,2025-07-01,1,2.45,4.616,1.49,4.64,9,-0.03000000000000025,0.9877551020408162,FALSE
2025-07-14,2025,29,Adenovirus,2.31,FALSE,7,2025,2025,2025/26,2025-07-01,2,2.31,5.053999999999999,1.48,5.27,9,0,1,FALSE
2025-07-21,2025,30,Adenovirus,2.02,FALSE,7,2025,2025,2025/26,2025-07-01,3,2.02,5.6979999999999995,1.73,6.25,9,0,1,FALSE
2025-07-28,2025,31,Adenovirus,1.84,FALSE,7,2025,2025,2025/26,2025-07-01,4,2.01,5.302,1.04,5.43,9,-0.1699999999999997,0.9154228855721395,FALSE
2025-08-04,2025,32,Adenovirus,1.62,FALSE,8,2025,2025,2025/26,2025-07-01,5,1.66,5.1739999999999995,1.41,5.25,9,-0.039999999999999813,0.9759036144578315,FALSE
2025-08-11,2025,33,Adenovirus,1.74,FALSE,8,2025,2025,2025/26,2025-07-01,6,1.91,4.618,1.1,4.79,9,-0.16999999999999993,0.9109947643979058,FALSE
2025-08-18,2025,34,Adenovirus,1.24,FALSE,8,2025,2025,2025/26,2025-07-01,7,1.73,4.087999999999999,1.16,4.22,9,-0.49,0.7167630057803468,FALSE
2025-08-25,2025,35,Adenovirus,1.32,FALSE,8,2025,2025,2025/26,2025-07-01,8,1.76,3.858,1.14,4.03,9,-0.43999999999999995,0.75,FALSE
2025-09-01,2025,36,Adenovirus,1.47,FALSE,9,2025,2025,2025/26,2025-07-01,9,1.82,3.782,1.21,3.81,9,-0.3500000000000001,0.8076923076923076,FALSE
2025-09-08,2025,37,Adenovirus,1.17,FALSE,9,2025,2025,2025/26,2025-07-01,10,1.5,3.264,1.14,3.3,9,-0.33000000000000007,0.7799999999999999,FALSE
2025-09-15,2025,38,Adenovirus,1.33,FALSE,9,2025,2025,2025/26,2025-07-01,11,1.77,3.03,1.07,3.05,9,-0.43999999999999995,0.7514124293785311,FALSE
2025-09-22,2025,39,Adenovirus,2.82,FALSE,9,2025,2025,2025/26,2025-07-01,12,2.18,3.016,0.94,3.08,9,0.6399999999999997,1.293577981651376,FALSE
2025-09-29,2025,40,Adenovirus,2.19,FALSE,9,2025,2025,2025/26,2025-07-01,13,1.79,2.9459999999999997,1.52,3.23,9,0.3999999999999999,1.223463687150838,FALSE
2025-10-06,2025,41,Adenovirus,1.47,FALSE,10,2025,2025,2025/26,2025-07-01,14,1.85,2.436,1.38,2.48,9,-0.3800000000000001,0.7945945945945946,FALSE
2025-10-13,2025,42,Adenovirus,1.7,FALSE,10,2025,2025,2025/26,2025-07-01,15,2.07,3.611999999999999,1.35,4.14,9,-0.3699999999999999,0.8212560386473431,FALSE
2025-10-20,2025,43,Adenovirus,1.78,FALSE,10,2025,2025,2025/26,2025-07-01,16,2.16,3.288,1.62,3.44,9,-0.3800000000000001,0.8240740740740741,FALSE
2025-10-27,2025,44,Adenovirus,1.72,FALSE,10,2025,2025,2025/26,2025-07-01,17,2.29,3.172,1.72,3.22,9,-0.5700000000000001,0.7510917030567685,FALSE
2025-11-03,2025,45,Adenovirus,2.01,FALSE,11,2025,2025,2025/26,2025-07-01,18,2.64,3.52,1.65,3.56,9,-0.6300000000000003,0.7613636363636362,FALSE
2025-11-10,2025,46,Adenovirus,2.15,FALSE,11,2025,2025,2025/26,2025-07-01,19,2.21,3.6999999999999997,1.8,3.78,9,-0.06000000000000005,0.9728506787330317,FALSE
2025-11-17,2025,47,Adenovirus,1.16,FALSE,11,2025,2025,2025/26,2025-07-01,20,2.55,3.172,1.16,3.18,9,-1.39,0.4549019607843137,FALSE
2025-11-24,2025,48,Adenovirus,1.97,FALSE,11,2025,2025,2025/26,2025-07-01,21,2.33,3.388,1.59,3.6,9,-0.3600000000000001,0.8454935622317596,FALSE
2025-12-01,2025,49,Adenovirus,1.61,FALSE,12,2025,2025,2025/26,2025-07-01,22,2.13,2.776,1.61,2.96,9,-0.5199999999999998,0.755868544600939,FALSE
2025-12-08,2025,50,Adenovirus,1.23,FALSE,12,2025,2025,2025/26,2025-07-01,23,2.32,3.2359999999999998,1.23,3.3,9,-1.0899999999999999,0.5301724137931034,FALSE
2025-12-15,2025,51,Adenovirus,1.77,FALSE,12,2025,2025,2025/26,2025-07-01,24,2.47,2.866,1.47,2.89,9,-0.7000000000000002,0.7165991902834008,FALSE
2025-12-22,2025,52,Adenovirus,1.8,FALSE,12,2025,2025,2025/26,2025-07-01,25,2.4,3.134,1.69,3.39,9,-0.5999999999999999,0.75,FALSE
2025-12-29,2025,1,Adenovirus,1.47,FALSE,12,2025,2025,2025/26,2025-07-01,26,2.19,3.15,1.47,3.23,9,-0.72,0.6712328767123288,FALSE
2026-01-05,2026,2,Adenovirus,1.24,FALSE,1,2026,2025,2025/26,2025-07-01,27,1.89,2.456,1.24,2.6,9,-0.6499999999999999,0.6560846560846562,FALSE
2026-01-12,2026,3,Adenovirus,1.36,FALSE,1,2026,2025,2025/26,2025-07-01,28,1.87,2.6119999999999997,1.36,2.78,9,-0.51,0.7272727272727273,FALSE
2026-01-19,2026,4,Adenovirus,1.92,FALSE,1,2026,2025,2025/26,2025-07-01,29,2.23,3.6599999999999997,1.72,3.8,9,-0.31000000000000005,0.8609865470852017,FALSE
2026-01-26,2026,5,Adenovirus,2.22,FALSE,1,2026,2025,2025/26,2025-07-01,30,2.46,3.8879999999999995,1.35,4.02,9,-0.23999999999999977,0.902439024390244,FALSE
2026-02-02,2026,6,Adenovirus,3.09,FALSE,2,2026,2025,2025/26,2025-07-01,31,2.68,3.552,1.9,3.62,9,0.4099999999999997,1.1529850746268655,FALSE
2026-02-09,2026,7,Adenovirus,3.74,FALSE,2,2026,2025,2025/26,2025-07-01,32,3.02,3.9319999999999995,1.25,4.06,9,0.7200000000000002,1.2384105960264902,FALSE
2026-02-16,2026,8,Adenovirus,4.67,FALSE,2,2026,2025,2025/26,2025-07-01,33,3.06,4.374,1.93,4.67,9,1.6099999999999999,1.526143790849673,TRUE
2026-02-23,2026,9,Adenovirus,3.66,FALSE,2,2026,2025,2025/26,2025-07-01,34,3.21,4.741999999999999,1.82,4.85,9,0.4500000000000002,1.1401869158878506,FALSE
2026-03-02,2026,10,Adenovirus,3.09,FALSE,3,2026,2025,2025/26,2025-07-01,35,3.13,4.2139999999999995,1.54,4.29,9,-0.040000000000000036,0.987220447284345,FALSE
2026-03-09,2026,11,Adenovirus,3.15,FALSE,3,2026,2025,2025/26,2025-07-01,36,3.15,3.788,1.96,4.04,9,0,1,FALSE
2026-03-16,2026,12,Adenovirus,4.18,FALSE,3,2026,2025,2025/26,2025-07-01,37,2.72,4.233999999999999,1.93,4.27,9,1.4599999999999995,1.5367647058823528,FALSE
2026-03-23,2026,13,Adenovirus,4.62,FALSE,3,2026,2025,2025/26,2025-07-01,38,2.7,5.016,1.85,5.28,9,1.92,1.711111111111111,FALSE
2026-03-30,2026,14,Adenovirus,4.77,FALSE,3,2026,2025,2025/26,2025-07-01,39,3.07,4.811999999999999,1.75,4.84,9,1.6999999999999997,1.5537459283387622,FALSE
2026-04-06,2026,15,Adenovirus,4.49,FALSE,4,2026,2025,2025/26,2025-07-01,40,3.44,4.61,1.01,4.69,9,1.0500000000000003,1.305232558139535,FALSE
2026-04-13,2026,16,Adenovirus,4.88,FALSE,4,2026,2025,2025/26,2025-07-01,41,3.69,4.970000000000001,1.07,5.03,9,1.19,1.3224932249322494,FALSE
2026-04-20,2026,17,Adenovirus,3.51,FALSE,4,2026,2025,2025/26,2025-07-01,42,3.62,4.116,1.02,4.2,9,-0.11000000000000032,0.9696132596685082,FALSE
2026-04-27,2026,18,Adenovirus,2.98,FALSE,4,2026,2025,2025/26,2025-07-01,43,3.28,4.146,0.66,4.25,9,-0.2999999999999998,0.9085365853658537,FALSE
2026-05-04,2026,19,Adenovirus,2.21,FALSE,5,2026,2025,2025/26,2025-07-01,44,2.94,5.138,0.82,5.21,9,-0.73,0.7517006802721088,FALSE
2026-05-11,2026,20,Adenovirus,2.25,FALSE,5,2026,2025,2025/26,2025-07-01,45,2.5,4.595999999999999,1.01,4.76,9,-0.25,0.9,FALSE
2026-05-18,2026,21,Adenovirus,2.24,FALSE,5,2026,2025,2025/26,2025-07-01,46,2.87,4.359999999999999,1.17,4.64,9,-0.6299999999999999,0.7804878048780488,FALSE
2026-05-25,2026,22,Adenovirus,2.63,FALSE,5,2026,2025,2025/26,2025-07-01,47,2.63,3.93,1.46,4.07,9,0,1,FALSE
2026-06-01,2026,23,Adenovirus,2.62,FALSE,6,2026,2025,2025/26,2025-07-01,48,2.62,4.4959999999999996,0.36,4.62,9,0,1,FALSE
2026-06-08,2026,24,Adenovirus,3.25,FALSE,6,2026,2025,2025/26,2025-07-01,49,2.72,4.867999999999999,0.68,5.1,9,0.5299999999999998,1.1948529411764706,FALSE
2026-06-15,2026,25,Adenovirus,3.3,FALSE,6,2026,2025,2025/26,2025-07-01,50,2.44,4.831999999999999,1.01,5.38,9,0.8599999999999999,1.3524590163934427,FALSE
2026-06-22,2026,26,Adenovirus,2.36,FALSE,6,2026,2025,2025/26,2025-07-01,51,2.31,4.764,1.55,4.78,9,0.04999999999999982,1.0216450216450215,FALSE
2026-06-29,2026,27,Adenovirus,1.79,FALSE,6,2026,2025,2025/26,2025-07-01,52,1.97,4.428,1.56,4.78,9,-0.17999999999999994,0.9086294416243655,FALSE
2026-07-06,2026,28,Adenovirus,2.13,FALSE,7,2026,2026,2026/27,2026-07-01,1,2.45,4.616,1.49,4.64,9,-0.3200000000000003,0.8693877551020407,FALSE
2026-07-13,2026,29,Adenovirus,2.76,FALSE,7,2026,2026,2026/27,2026-07-01,2,2.31,5.053999999999999,1.48,5.27,9,0.44999999999999973,1.1948051948051948,FALSE
2026-07-20,2026,30,Adenovirus,1.98,FALSE,7,2026,2026,2026/27,2026-07-01,3,2.02,5.6979999999999995,1.73,6.25,9,-0.040000000000000036,0.9801980198019802,FALSE
2026-07-27,2026,31,Adenovirus,2.18,FALSE,7,2026,2026,2026/27,2026-07-01,4,2.01,5.302,1.04,5.43,9,0.17000000000000037,1.0845771144278609,FALSE
2026-08-03,2026,32,Adenovirus,1.74,FALSE,8,2026,2026,2026/27,2026-07-01,5,1.66,5.1739999999999995,1.41,5.25,9,0.08000000000000007,1.0481927710843375,FALSE
2026-08-10,2026,33,Adenovirus,1.66,FALSE,8,2026,2026,2026/27,2026-07-01,6,1.91,4.618,1.1,4.79,9,-0.25,0.8691099476439791,FALSE
2026-08-17,2026,34,Adenovirus,1.05,FALSE,8,2026,2026,2026/27,2026-07-01,7,1.73,4.087999999999999,1.16,4.22,9,-0.6799999999999999,0.6069364161849712,FALSE
2026-08-24,2026,35,Adenovirus,1.05,FALSE,8,2026,2026,2026/27,2026-07-01,8,1.76,3.858,1.14,4.03,9,-0.71,0.5965909090909091,FALSE
2026-08-31,2026,36,Adenovirus,1.26,FALSE,8,2026,2026,2026/27,2026-07-01,9,1.82,3.782,1.21,3.81,9,-0.56,0.6923076923076923,FALSE
2026-09-07,2026,37,Adenovirus,1.6,FALSE,9,2026,2026,2026/27,2026-07-01,10,1.5,3.264,1.14,3.3,9,0.10000000000000009,1.0666666666666667,FALSE
2026-09-14,2026,38,Adenovirus,0.69,FALSE,9,2026,2026,2026/27,2026-07-01,11,1.77,3.03,1.07,3.05,9,-1.08,0.38983050847457623,FALSE
2017-07-03,2017,27,Influenza,1.71,FALSE,7,2017,2017,2017/18,2017-07-01,1,0.68,1.5259999999999998,0,1.71,9,1.0299999999999998,2.514705882352941,TRUE
2017-07-10,2017,28,Influenza,1.22,FALSE,7,2017,2017,2017/18,2017-07-01,2,0.6,1.244,0,1.26,9,0.62,2.033333333333333,FALSE
2017-07-17,2017,29,Influenza,0.8,FALSE,7,2017,2017,2017/18,2017-07-01,3,0.73,1.186,0,1.25,9,0.07000000000000006,1.0958904109589043,FALSE
2017-07-24,2017,30,Influenza,0.73,FALSE,7,2017,2017,2017/18,2017-07-01,4,0.54,0.9739999999999998,0,1.13,9,0.18999999999999995,1.3518518518518516,FALSE
2017-07-31,2017,31,Influenza,1.25,FALSE,7,2017,2017,2017/18,2017-07-01,5,0.81,1.286,0,1.31,9,0.43999999999999995,1.5432098765432098,FALSE
2017-08-07,2017,32,Influenza,0.97,FALSE,8,2017,2017,2017/18,2017-07-01,6,0.86,1.5859999999999996,0,1.91,9,0.10999999999999999,1.127906976744186,FALSE
2017-08-14,2017,33,Influenza,1.25,FALSE,8,2017,2017,2017/18,2017-07-01,7,0.88,1.678,0,1.85,9,0.37,1.4204545454545454,FALSE
2017-08-21,2017,34,Influenza,0.86,FALSE,8,2017,2017,2017/18,2017-07-01,8,0.58,2.1579999999999995,0,2.51,9,0.28,1.4827586206896552,FALSE
2017-08-28,2017,35,Influenza,1.12,FALSE,8,2017,2017,2017/18,2017-07-01,9,0.99,1.8939999999999997,0.04,2.27,9,0.13000000000000012,1.1313131313131315,FALSE
2017-09-04,2017,36,Influenza,2.42,FALSE,9,2017,2017,2017/18,2017-07-01,10,1.19,2.4739999999999998,0,2.51,9,1.23,2.033613445378151,FALSE
2017-09-11,2017,37,Influenza,2.84,FALSE,9,2017,2017,2017/18,2017-07-01,11,1.14,3.1999999999999997,0.09,3.44,9,1.7,2.491228070175439,FALSE
2017-09-18,2017,38,Influenza,2,FALSE,9,2017,2017,2017/18,2017-07-01,12,1.07,2.668,0.07,2.72,9,0.9299999999999999,1.8691588785046729,FALSE
2017-09-25,2017,39,Influenza,1.52,FALSE,9,2017,2017,2017/18,2017-07-01,13,1.39,4.1419999999999995,0.19,4.81,9,0.13000000000000012,1.0935251798561152,FALSE
2017-10-02,2017,40,Influenza,1.71,FALSE,10,2017,2017,2017/18,2017-07-01,14,1.22,5.783999999999999,0.12,6.66,9,0.49,1.401639344262295,FALSE
2017-10-09,2017,41,Influenza,1.89,FALSE,10,2017,2017,2017/18,2017-07-01,15,1.89,6.789999999999999,0.06,7.53,9,0,1,FALSE
2017-10-16,2017,42,Influenza,1.74,FALSE,10,2017,2017,2017/18,2017-07-01,16,1.74,8.177999999999999,0,9.47,9,0,1,FALSE
2017-10-23,2017,43,Influenza,1.32,FALSE,10,2017,2017,2017/18,2017-07-01,17,1.32,10.209999999999997,0,11.95,9,0,1,FALSE
2017-10-30,2017,44,Influenza,1.03,FALSE,10,2017,2017,2017/18,2017-07-01,18,1.7,10.909999999999998,0.05,12.87,9,-0.6699999999999999,0.6058823529411765,FALSE
2017-11-06,2017,45,Influenza,1.14,FALSE,11,2017,2017,2017/18,2017-07-01,19,2.51,10.37,0.05,11.07,9,-1.3699999999999999,0.4541832669322709,FALSE
2017-11-13,2017,46,Influenza,1.85,FALSE,11,2017,2017,2017/18,2017-07-01,20,2.42,10.188,0.26,10.5,9,-0.5699999999999998,0.7644628099173554,FALSE
2017-11-20,2017,47,Influenza,3.42,FALSE,11,2017,2017,2017/18,2017-07-01,21,3.42,15.45,0.17,15.63,9,0,1,FALSE
2017-11-27,2017,48,Influenza,3.27,FALSE,11,2017,2017,2017/18,2017-07-01,22,3.77,19.668,0.09,21.44,9,-0.5,0.8673740053050398,FALSE
2017-12-04,2017,49,Influenza,7.44,FALSE,12,2017,2017,2017/18,2017-07-01,23,7.44,21.735999999999997,0.06,22.74,9,0,1,FALSE
2017-12-11,2017,50,Influenza,9.78,FALSE,12,2017,2017,2017/18,2017-07-01,24,9.78,25.955999999999996,0.16,29.18,9,0,1,FALSE
2017-12-18,2017,51,Influenza,19.9,FALSE,12,2017,2017,2017/18,2017-07-01,25,15.07,28.611999999999995,0.06,32.64,9,4.829999999999998,1.320504313205043,FALSE
2017-12-25,2017,52,Influenza,25.71,FALSE,12,2017,2017,2017/18,2017-07-01,26,17.3,27.476,0,28.02,9,8.41,1.4861271676300578,FALSE
2018-01-01,2018,1,Influenza,25.57,FALSE,1,2018,2017,2017/18,2017-07-01,27,14.67,24.502,0.04,25.57,9,10.9,1.7430129516019086,TRUE
2018-01-08,2018,2,Influenza,25.36,FALSE,1,2018,2017,2017/18,2017-07-01,28,11.48,23.571999999999996,0.04,25.36,9,13.879999999999999,2.2090592334494774,TRUE
2018-01-15,2018,3,Influenza,24.05,FALSE,1,2018,2017,2017/18,2017-07-01,29,9.22,22.962,0,24.05,9,14.83,2.608459869848156,TRUE
2018-01-22,2018,4,Influenza,24.52,FALSE,1,2018,2017,2017/18,2017-07-01,30,7.18,24.088,0,24.52,9,17.34,3.415041782729805,TRUE
2018-01-29,2018,5,Influenza,23.07,FALSE,1,2018,2017,2017/18,2017-07-01,31,7.85,24.534,0,25.51,9,15.22,2.9388535031847134,FALSE
2018-02-05,2018,6,Influenza,22.11,FALSE,2,2018,2017,2017/18,2017-07-01,32,5.73,25.715999999999998,0,28.12,9,16.38,3.858638743455497,FALSE
2018-02-12,2018,7,Influenza,25.94,FALSE,2,2018,2017,2017/18,2017-07-01,33,6.71,26.336000000000002,0,26.6,9,19.23,3.865871833084948,FALSE
2018-02-19,2018,8,Influenza,25.58,FALSE,2,2018,2017,2017/18,2017-07-01,34,6.45,24.028,0.02,25.58,9,19.13,3.9658914728682166,TRUE
2018-02-26,2018,9,Influenza,23.25,FALSE,2,2018,2017,2017/18,2017-07-01,35,5.88,20.169999999999998,0,23.25,9,17.37,3.9540816326530615,TRUE
2018-03-05,2018,10,Influenza,22.06,FALSE,3,2018,2017,2017/18,2017-07-01,36,5.49,17.795999999999996,0,22.06,9,16.57,4.018214936247722,TRUE
2018-03-12,2018,11,Influenza,18.65,FALSE,3,2018,2017,2017/18,2017-07-01,37,3.86,15.729999999999997,0.02,18.65,9,14.79,4.83160621761658,TRUE
2018-03-19,2018,12,Influenza,15.92,FALSE,3,2018,2017,2017/18,2017-07-01,38,4.34,13.711999999999998,0.03,15.92,9,11.58,3.6682027649769586,TRUE
2018-03-26,2018,13,Influenza,16.55,FALSE,3,2018,2017,2017/18,2017-07-01,39,3.81,13.641999999999998,0.05,16.55,9,12.74,4.343832020997375,TRUE
2018-04-02,2018,14,Influenza,15.13,FALSE,4,2018,2017,2017/18,2017-07-01,40,3.74,12.025999999999998,0.03,15.13,9,11.39,4.045454545454546,TRUE
2018-04-09,2018,15,Influenza,9.77,FALSE,4,2018,2017,2017/18,2017-07-01,41,2.71,8.75,0.09,9.77,9,7.06,3.6051660516605164,TRUE
2018-04-16,2018,16,Influenza,5.89,FALSE,4,2018,2017,2017/18,2017-07-01,42,2.48,6.2379999999999995,0,6.47,9,3.4099999999999997,2.375,FALSE
2018-04-23,2018,17,Influenza,2.91,FALSE,4,2018,2017,2017/18,2017-07-01,43,2.02,4.4879999999999995,0,5.54,9,0.8900000000000001,1.4405940594059405,FALSE
2018-04-30,2018,18,Influenza,2.34,FALSE,4,2018,2017,2017/18,2017-07-01,44,1.58,3.2439999999999998,0,3.74,9,0.7599999999999998,1.481012658227848,FALSE
2018-05-07,2018,19,Influenza,1.53,FALSE,5,2018,2017,2017/18,2017-07-01,45,1.53,3.102,0,3.45,9,0,1,FALSE
2018-05-14,2018,20,Influenza,1.48,FALSE,5,2018,2017,2017/18,2017-07-01,46,1.27,2.1339999999999995,0,2.57,9,0.20999999999999996,1.1653543307086613,FALSE
2018-05-21,2018,21,Influenza,1.05,FALSE,5,2018,2017,2017/18,2017-07-01,47,0.92,2.0619999999999994,0,2.65,9,0.13,1.141304347826087,FALSE
2018-05-28,2018,22,Influenza,0.59,FALSE,5,2018,2017,2017/18,2017-07-01,48,0.59,1.226,0,1.37,9,0,1,FALSE
2018-06-04,2018,23,Influenza,0.31,FALSE,6,2018,2017,2017/18,2017-07-01,49,0.69,1.8619999999999997,0,2.03,9,-0.37999999999999995,0.44927536231884063,FALSE
2018-06-11,2018,24,Influenza,0.67,FALSE,6,2018,2017,2017/18,2017-07-01,50,0.53,1.4739999999999998,0,1.73,9,0.14,1.2641509433962264,FALSE
2018-06-18,2018,25,Influenza,0.44,FALSE,6,2018,2017,2017/18,2017-07-01,51,0.52,1.0259999999999998,0,1.15,9,-0.08000000000000002,0.8461538461538461,FALSE
2018-06-25,2018,26,Influenza,0.56,FALSE,6,2018,2017,2017/18,2017-07-01,52,0.47,1.004,0,1.02,9,0.09000000000000008,1.1914893617021278,FALSE
2018-07-02,2018,27,Influenza,0.5,FALSE,7,2018,2018,2018/19,2018-07-01,1,0.68,1.5259999999999998,0,1.71,9,-0.18000000000000005,0.7352941176470588,FALSE
2018-07-09,2018,28,Influenza,0.43,FALSE,7,2018,2018,2018/19,2018-07-01,2,0.6,1.244,0,1.26,9,-0.16999999999999998,0.7166666666666667,FALSE
2018-07-16,2018,29,Influenza,0.15,FALSE,7,2018,2018,2018/19,2018-07-01,3,0.73,1.186,0,1.25,9,-0.58,0.2054794520547945,FALSE
2018-07-23,2018,30,Influenza,0.25,FALSE,7,2018,2018,2018/19,2018-07-01,4,0.54,0.9739999999999998,0,1.13,9,-0.29000000000000004,0.4629629629629629,FALSE
2018-07-30,2018,31,Influenza,0.53,FALSE,7,2018,2018,2018/19,2018-07-01,5,0.81,1.286,0,1.31,9,-0.28,0.654320987654321,FALSE
2018-08-06,2018,32,Influenza,0.54,FALSE,8,2018,2018,2018/19,2018-07-01,6,0.86,1.5859999999999996,0,1.91,9,-0.31999999999999995,0.627906976744186,FALSE
2018-08-13,2018,33,Influenza,0.52,FALSE,8,2018,2018,2018/19,2018-07-01,7,0.88,1.678,0,1.85,9,-0.36,0.5909090909090909,FALSE
2018-08-20,2018,34,Influenza,0.44,FALSE,8,2018,2018,2018/19,2018-07-01,8,0.58,2.1579999999999995,0,2.51,9,-0.13999999999999996,0.7586206896551725,FALSE
2018-08-27,2018,35,Influenza,1.33,FALSE,8,2018,2018,2018/19,2018-07-01,9,0.99,1.8939999999999997,0.04,2.27,9,0.3400000000000001,1.3434343434343434,FALSE
2018-09-03,2018,36,Influenza,2.27,FALSE,9,2018,2018,2018/19,2018-07-01,10,1.19,2.4739999999999998,0,2.51,9,1.08,1.9075630252100841,FALSE
2018-09-10,2018,37,Influenza,1.11,FALSE,9,2018,2018,2018/19,2018-07-01,11,1.14,3.1999999999999997,0.09,3.44,9,-0.029999999999999805,0.9736842105263159,FALSE
2018-09-17,2018,38,Influenza,0.5,FALSE,9,2018,2018,2018/19,2018-07-01,12,1.07,2.668,0.07,2.72,9,-0.5700000000000001,0.4672897196261682,FALSE
2018-09-24,2018,39,Influenza,0.45,FALSE,9,2018,2018,2018/19,2018-07-01,13,1.39,4.1419999999999995,0.19,4.81,9,-0.94,0.32374100719424465,FALSE
2018-10-01,2018,40,Influenza,0.67,FALSE,10,2018,2018,2018/19,2018-07-01,14,1.22,5.783999999999999,0.12,6.66,9,-0.5499999999999999,0.5491803278688525,FALSE
2018-10-08,2018,41,Influenza,0.8,FALSE,10,2018,2018,2018/19,2018-07-01,15,1.89,6.789999999999999,0.06,7.53,9,-1.0899999999999999,0.4232804232804233,FALSE
2018-10-15,2018,42,Influenza,0.54,FALSE,10,2018,2018,2018/19,2018-07-01,16,1.74,8.177999999999999,0,9.47,9,-1.2,0.3103448275862069,FALSE
2018-10-22,2018,43,Influenza,0.93,FALSE,10,2018,2018,2018/19,2018-07-01,17,1.32,10.209999999999997,0,11.95,9,-0.39,0.7045454545454546,FALSE
2018-10-29,2018,44,Influenza,1.7,FALSE,10,2018,2018,2018/19,2018-07-01,18,1.7,10.909999999999998,0.05,12.87,9,0,1,FALSE
2018-11-05,2018,45,Influenza,2.51,FALSE,11,2018,2018,2018/19,2018-07-01,19,2.51,10.37,0.05,11.07,9,0,1,FALSE
2018-11-12,2018,46,Influenza,2.42,FALSE,11,2018,2018,2018/19,2018-07-01,20,2.42,10.188,0.26,10.5,9,0,1,FALSE
2018-11-19,2018,47,Influenza,3.17,FALSE,11,2018,2018,2018/19,2018-07-01,21,3.42,15.45,0.17,15.63,9,-0.25,0.9269005847953217,FALSE
2018-11-26,2018,48,Influenza,3.77,FALSE,11,2018,2018,2018/19,2018-07-01,22,3.77,19.668,0.09,21.44,9,0,1,FALSE
2018-12-03,2018,49,Influenza,5.15,FALSE,12,2018,2018,2018/19,2018-07-01,23,7.44,21.735999999999997,0.06,22.74,9,-2.29,0.6922043010752689,FALSE
2018-12-10,2018,50,Influenza,6.44,FALSE,12,2018,2018,2018/19,2018-07-01,24,9.78,25.955999999999996,0.16,29.18,9,-3.339999999999999,0.6584867075664622,FALSE
2018-12-17,2018,51,Influenza,12.18,FALSE,12,2018,2018,2018/19,2018-07-01,25,15.07,28.611999999999995,0.06,32.64,9,-2.8900000000000006,0.8082282680822827,FALSE
2018-12-24,2018,52,Influenza,17.3,FALSE,12,2018,2018,2018/19,2018-07-01,26,17.3,27.476,0,28.02,9,0,1,FALSE
2018-12-31,2018,1,Influenza,15.76,FALSE,12,2018,2018,2018/19,2018-07-01,27,14.67,24.502,0.04,25.57,9,1.0899999999999999,1.074301295160191,FALSE
2019-01-07,2019,2,Influenza,20.89,FALSE,1,2019,2018,2018/19,2018-07-01,28,11.48,23.571999999999996,0.04,25.36,9,9.41,1.8196864111498257,FALSE
2019-01-14,2019,3,Influenza,21.33,FALSE,1,2019,2018,2018/19,2018-07-01,29,9.22,22.962,0,24.05,9,12.109999999999998,2.313449023861171,FALSE
2019-01-21,2019,4,Influenza,23.44,FALSE,1,2019,2018,2018/19,2018-07-01,30,7.18,24.088,0,24.52,9,16.26,3.2646239554317553,FALSE
2019-01-28,2019,5,Influenza,25.51,FALSE,1,2019,2018,2018/19,2018-07-01,31,7.85,24.534,0,25.51,9,17.660000000000004,3.2496815286624208,TRUE
2019-02-04,2019,6,Influenza,28.12,FALSE,2,2019,2018,2018/19,2018-07-01,32,5.73,25.715999999999998,0,28.12,9,22.39,4.907504363001745,TRUE
2019-02-11,2019,7,Influenza,26.6,FALSE,2,2019,2018,2018/19,2018-07-01,33,6.71,26.336000000000002,0,26.6,9,19.89,3.964232488822653,TRUE
2019-02-18,2019,8,Influenza,21.7,FALSE,2,2019,2018,2018/19,2018-07-01,34,6.45,24.028,0.02,25.58,9,15.25,3.3643410852713176,FALSE
2019-02-25,2019,9,Influenza,15.55,FALSE,2,2019,2018,2018/19,2018-07-01,35,5.88,20.169999999999998,0,23.25,9,9.670000000000002,2.6445578231292517,FALSE
2019-03-04,2019,10,Influenza,11.4,FALSE,3,2019,2018,2018/19,2018-07-01,36,5.49,17.795999999999996,0,22.06,9,5.91,2.0765027322404372,FALSE
2019-03-11,2019,11,Influenza,11.35,FALSE,3,2019,2018,2018/19,2018-07-01,37,3.86,15.729999999999997,0.02,18.65,9,7.49,2.9404145077720205,FALSE
2019-03-18,2019,12,Influenza,10.4,FALSE,3,2019,2018,2018/19,2018-07-01,38,4.34,13.711999999999998,0.03,15.92,9,6.0600000000000005,2.3963133640553,FALSE
2019-03-25,2019,13,Influenza,9.28,FALSE,3,2019,2018,2018/19,2018-07-01,39,3.81,13.641999999999998,0.05,16.55,9,5.469999999999999,2.4356955380577427,FALSE
2019-04-01,2019,14,Influenza,7.37,FALSE,4,2019,2018,2018/19,2018-07-01,40,3.74,12.025999999999998,0.03,15.13,9,3.63,1.9705882352941175,FALSE
2019-04-08,2019,15,Influenza,7.22,FALSE,4,2019,2018,2018/19,2018-07-01,41,2.71,8.75,0.09,9.77,9,4.51,2.6642066420664205,FALSE
2019-04-15,2019,16,Influenza,6.47,FALSE,4,2019,2018,2018/19,2018-07-01,42,2.48,6.2379999999999995,0,6.47,9,3.9899999999999998,2.6088709677419355,TRUE
2019-04-22,2019,17,Influenza,5.54,FALSE,4,2019,2018,2018/19,2018-07-01,43,2.02,4.4879999999999995,0,5.54,9,3.52,2.742574257425743,TRUE
2019-04-29,2019,18,Influenza,3.74,FALSE,4,2019,2018,2018/19,2018-07-01,44,1.58,3.2439999999999998,0,3.74,9,2.16,2.367088607594937,TRUE
2019-05-06,2019,19,Influenza,3.45,FALSE,5,2019,2018,2018/19,2018-07-01,45,1.53,3.102,0,3.45,9,1.9200000000000002,2.2549019607843137,TRUE
2019-05-13,2019,20,Influenza,2.57,FALSE,5,2019,2018,2018/19,2018-07-01,46,1.27,2.1339999999999995,0,2.57,9,1.2999999999999998,2.0236220472440944,TRUE
2019-05-20,2019,21,Influenza,2.65,FALSE,5,2019,2018,2018/19,2018-07-01,47,0.92,2.0619999999999994,0,2.65,9,1.73,2.8804347826086953,TRUE
2019-05-27,2019,22,Influenza,1.37,FALSE,5,2019,2018,2018/19,2018-07-01,48,0.59,1.226,0,1.37,9,0.7800000000000001,2.322033898305085,TRUE
2019-06-03,2019,23,Influenza,2.03,FALSE,6,2019,2018,2018/19,2018-07-01,49,0.69,1.8619999999999997,0,2.03,9,1.3399999999999999,2.942028985507246,TRUE
2019-06-10,2019,24,Influenza,1.73,FALSE,6,2019,2018,2018/19,2018-07-01,50,0.53,1.4739999999999998,0,1.73,9,1.2,3.2641509433962264,TRUE
2019-06-17,2019,25,Influenza,1.15,FALSE,6,2019,2018,2018/19,2018-07-01,51,0.52,1.0259999999999998,0,1.15,9,0.6299999999999999,2.2115384615384612,TRUE
2019-06-24,2019,26,Influenza,1.02,FALSE,6,2019,2018,2018/19,2018-07-01,52,0.47,1.004,0,1.02,9,0.55,2.170212765957447,TRUE
2019-07-01,2019,27,Influenza,1.25,FALSE,7,2019,2019,2019/20,2019-07-01,1,0.68,1.5259999999999998,0,1.71,9,0.57,1.838235294117647,FALSE
2019-07-08,2019,28,Influenza,0.95,FALSE,7,2019,2019,2019/20,2019-07-01,2,0.6,1.244,0,1.26,9,0.35,1.5833333333333333,FALSE
2019-07-15,2019,29,Influenza,1.09,FALSE,7,2019,2019,2019/20,2019-07-01,3,0.73,1.186,0,1.25,9,0.3600000000000001,1.493150684931507,FALSE
2019-07-22,2019,30,Influenza,0.74,FALSE,7,2019,2019,2019/20,2019-07-01,4,0.54,0.9739999999999998,0,1.13,9,0.19999999999999996,1.3703703703703702,FALSE
2019-07-29,2019,31,Influenza,0.98,FALSE,7,2019,2019,2019/20,2019-07-01,5,0.81,1.286,0,1.31,9,0.16999999999999993,1.2098765432098764,FALSE
2019-08-05,2019,32,Influenza,0.86,FALSE,8,2019,2019,2019/20,2019-07-01,6,0.86,1.5859999999999996,0,1.91,9,0,1,FALSE
2019-08-12,2019,33,Influenza,1.85,FALSE,8,2019,2019,2019/20,2019-07-01,7,0.88,1.678,0,1.85,9,0.9700000000000001,2.1022727272727275,TRUE
2019-08-19,2019,34,Influenza,2.51,FALSE,8,2019,2019,2019/20,2019-07-01,8,0.58,2.1579999999999995,0,2.51,9,1.9299999999999997,4.327586206896552,TRUE
2019-08-26,2019,35,Influenza,2.27,FALSE,8,2019,2019,2019/20,2019-07-01,9,0.99,1.8939999999999997,0.04,2.27,9,1.28,2.292929292929293,TRUE
2019-09-02,2019,36,Influenza,1.19,FALSE,9,2019,2019,2019/20,2019-07-01,10,1.19,2.4739999999999998,0,2.51,9,0,1,FALSE
2019-09-09,2019,37,Influenza,1.36,FALSE,9,2019,2019,2019/20,2019-07-01,11,1.14,3.1999999999999997,0.09,3.44,9,0.2200000000000002,1.192982456140351,FALSE
2019-09-16,2019,38,Influenza,1.07,FALSE,9,2019,2019,2019/20,2019-07-01,12,1.07,2.668,0.07,2.72,9,0,1,FALSE
2019-09-23,2019,39,Influenza,2.07,FALSE,9,2019,2019,2019/20,2019-07-01,13,1.39,4.1419999999999995,0.19,4.81,9,0.6799999999999999,1.4892086330935252,FALSE
2019-09-30,2019,40,Influenza,1.22,FALSE,9,2019,2019,2019/20,2019-07-01,14,1.22,5.783999999999999,0.12,6.66,9,0,1,FALSE
2019-10-07,2019,41,Influenza,2.49,FALSE,10,2019,2019,2019/20,2019-07-01,15,1.89,6.789999999999999,0.06,7.53,9,0.6000000000000003,1.3174603174603177,FALSE
2019-10-14,2019,42,Influenza,2.68,FALSE,10,2019,2019,2019/20,2019-07-01,16,1.74,8.177999999999999,0,9.47,9,0.9400000000000002,1.5402298850574714,FALSE
2019-10-21,2019,43,Influenza,2.74,FALSE,10,2019,2019,2019/20,2019-07-01,17,1.32,10.209999999999997,0,11.95,9,1.4200000000000002,2.0757575757575757,FALSE
2019-10-28,2019,44,Influenza,3.45,FALSE,10,2019,2019,2019/20,2019-07-01,18,1.7,10.909999999999998,0.05,12.87,9,1.7500000000000002,2.0294117647058827,FALSE
2019-11-04,2019,45,Influenza,3.62,FALSE,11,2019,2019,2019/20,2019-07-01,19,2.51,10.37,0.05,11.07,9,1.1100000000000003,1.4422310756972114,FALSE
2019-11-11,2019,46,Influenza,7.12,FALSE,11,2019,2019,2019/20,2019-07-01,20,2.42,10.188,0.26,10.5,9,4.7,2.9421487603305785,FALSE
2019-11-18,2019,47,Influenza,15.18,FALSE,11,2019,2019,2019/20,2019-07-01,21,3.42,15.45,0.17,15.63,9,11.76,4.43859649122807,FALSE
2019-11-25,2019,48,Influenza,17.01,FALSE,11,2019,2019,2019/20,2019-07-01,22,3.77,19.668,0.09,21.44,9,13.240000000000002,4.5119363395225465,FALSE
2019-12-02,2019,49,Influenza,20.23,FALSE,12,2019,2019,2019/20,2019-07-01,23,7.44,21.735999999999997,0.06,22.74,9,12.79,2.719086021505376,FALSE
2019-12-09,2019,50,Influenza,21.12,FALSE,12,2019,2019,2019/20,2019-07-01,24,9.78,25.955999999999996,0.16,29.18,9,11.340000000000002,2.159509202453988,FALSE
2019-12-16,2019,51,Influenza,22.57,FALSE,12,2019,2019,2019/20,2019-07-01,25,15.07,28.611999999999995,0.06,32.64,9,7.5,1.497677504976775,FALSE
2019-12-23,2019,52,Influenza,25.87,FALSE,12,2019,2019,2019/20,2019-07-01,26,17.3,27.476,0,28.02,9,8.57,1.4953757225433526,FALSE
2019-12-30,2019,1,Influenza,19.22,FALSE,12,2019,2019,2019/20,2019-07-01,27,14.67,24.502,0.04,25.57,9,4.549999999999999,1.3101567825494205,FALSE
2020-01-06,2020,2,Influenza,12.89,FALSE,1,2020,2019,2019/20,2019-07-01,28,11.48,23.571999999999996,0.04,25.36,9,1.4100000000000001,1.122822299651568,FALSE
2020-01-13,2020,3,Influenza,9.22,FALSE,1,2020,2019,2019/20,2019-07-01,29,9.22,22.962,0,24.05,9,0,1,FALSE
2020-01-20,2020,4,Influenza,6.92,FALSE,1,2020,2019,2019/20,2019-07-01,30,7.18,24.088,0,24.52,9,-0.2599999999999998,0.9637883008356546,FALSE
2020-01-27,2020,5,Influenza,7.85,FALSE,1,2020,2019,2019/20,2019-07-01,31,7.85,24.534,0,25.51,9,0,1,FALSE
2020-02-03,2020,6,Influenza,5.73,FALSE,2,2020,2019,2019/20,2019-07-01,32,5.73,25.715999999999998,0,28.12,9,0,1,FALSE
2020-02-10,2020,7,Influenza,6.71,FALSE,2,2020,2019,2019/20,2019-07-01,33,6.71,26.336000000000002,0,26.6,9,0,1,FALSE
2020-02-17,2020,8,Influenza,6.45,FALSE,2,2020,2019,2019/20,2019-07-01,34,6.45,24.028,0.02,25.58,9,0,1,FALSE
2020-02-24,2020,9,Influenza,5.88,FALSE,2,2020,2019,2019/20,2019-07-01,35,5.88,20.169999999999998,0,23.25,9,0,1,FALSE
2020-03-02,2020,10,Influenza,5.49,FALSE,3,2020,2019,2019/20,2019-07-01,36,5.49,17.795999999999996,0,22.06,9,0,1,FALSE
2020-03-09,2020,11,Influenza,3.86,FALSE,3,2020,2019,2019/20,2019-07-01,37,3.86,15.729999999999997,0.02,18.65,9,0,1,FALSE
2020-03-16,2020,12,Influenza,1.97,FALSE,3,2020,2019,2019/20,2019-07-01,38,4.34,13.711999999999998,0.03,15.92,9,-2.37,0.4539170506912443,FALSE
2020-03-23,2020,13,Influenza,0.82,FALSE,3,2020,2019,2019/20,2019-07-01,39,3.81,13.641999999999998,0.05,16.55,9,-2.99,0.2152230971128609,FALSE
2020-03-30,2020,14,Influenza,0.14,FALSE,3,2020,2019,2019/20,2019-07-01,40,3.74,12.025999999999998,0.03,15.13,9,-3.6,0.03743315508021391,FALSE
2020-04-06,2020,15,Influenza,0.17,FALSE,4,2020,2019,2019/20,2019-07-01,41,2.71,8.75,0.09,9.77,9,-2.54,0.06273062730627307,FALSE
2020-04-13,2020,16,Influenza,2.48,FALSE,4,2020,2019,2019/20,2019-07-01,42,2.48,6.2379999999999995,0,6.47,9,0,1,FALSE
2020-04-20,2020,17,Influenza,0.58,FALSE,4,2020,2019,2019/20,2019-07-01,43,2.02,4.4879999999999995,0,5.54,9,-1.44,0.2871287128712871,FALSE
2020-04-27,2020,18,Influenza,0.06,FALSE,4,2020,2019,2019/20,2019-07-01,44,1.58,3.2439999999999998,0,3.74,9,-1.52,0.03797468354430379,FALSE
2020-05-04,2020,19,Influenza,0,FALSE,5,2020,2019,2019/20,2019-07-01,45,1.53,3.102,0,3.45,9,-1.53,0,FALSE
2020-05-11,2020,20,Influenza,0,FALSE,5,2020,2019,2019/20,2019-07-01,46,1.27,2.1339999999999995,0,2.57,9,-1.27,0,FALSE
2020-05-18,2020,21,Influenza,0,FALSE,5,2020,2019,2019/20,2019-07-01,47,0.92,2.0619999999999994,0,2.65,9,-0.92,0,FALSE
2020-05-25,2020,22,Influenza,0,FALSE,5,2020,2019,2019/20,2019-07-01,48,0.59,1.226,0,1.37,9,-0.59,0,FALSE
2020-06-01,2020,23,Influenza,0,FALSE,6,2020,2019,2019/20,2019-07-01,49,0.69,1.8619999999999997,0,2.03,9,-0.69,0,FALSE
2020-06-08,2020,24,Influenza,0,FALSE,6,2020,2019,2019/20,2019-07-01,50,0.53,1.4739999999999998,0,1.73,9,-0.53,0,FALSE
2020-06-15,2020,25,Influenza,0,FALSE,6,2020,2019,2019/20,2019-07-01,51,0.52,1.0259999999999998,0,1.15,9,-0.52,0,FALSE
2020-06-22,2020,26,Influenza,0,FALSE,6,2020,2019,2019/20,2019-07-01,52,0.47,1.004,0,1.02,9,-0.47,0,FALSE
2020-06-29,2020,27,Influenza,0,FALSE,6,2020,2019,2019/20,2019-07-01,53,0.245,0.46549999999999997,0,0.49,2,-0.245,0,FALSE
2020-07-06,2020,28,Influenza,0.12,FALSE,7,2020,2020,2020/21,2020-07-01,1,0.68,1.5259999999999998,0,1.71,9,-0.56,0.1764705882352941,FALSE
2020-07-13,2020,29,Influenza,0,FALSE,7,2020,2020,2020/21,2020-07-01,2,0.6,1.244,0,1.26,9,-0.6,0,FALSE
2020-07-20,2020,30,Influenza,0.12,FALSE,7,2020,2020,2020/21,2020-07-01,3,0.73,1.186,0,1.25,9,-0.61,0.1643835616438356,FALSE
2020-07-27,2020,31,Influenza,0,FALSE,7,2020,2020,2020/21,2020-07-01,4,0.54,0.9739999999999998,0,1.13,9,-0.54,0,FALSE
2020-08-03,2020,32,Influenza,0,FALSE,8,2020,2020,2020/21,2020-07-01,5,0.81,1.286,0,1.31,9,-0.81,0,FALSE
2020-08-10,2020,33,Influenza,0,FALSE,8,2020,2020,2020/21,2020-07-01,6,0.86,1.5859999999999996,0,1.91,9,-0.86,0,FALSE
2020-08-17,2020,34,Influenza,0,FALSE,8,2020,2020,2020/21,2020-07-01,7,0.88,1.678,0,1.85,9,-0.88,0,FALSE
2020-08-24,2020,35,Influenza,0,FALSE,8,2020,2020,2020/21,2020-07-01,8,0.58,2.1579999999999995,0,2.51,9,-0.58,0,FALSE
2020-08-31,2020,36,Influenza,0.1,FALSE,8,2020,2020,2020/21,2020-07-01,9,0.99,1.8939999999999997,0.04,2.27,9,-0.89,0.10101010101010102,FALSE
2020-09-07,2020,37,Influenza,0,FALSE,9,2020,2020,2020/21,2020-07-01,10,1.19,2.4739999999999998,0,2.51,9,-1.19,0,FALSE
2020-09-14,2020,38,Influenza,0.23,FALSE,9,2020,2020,2020/21,2020-07-01,11,1.14,3.1999999999999997,0.09,3.44,9,-0.9099999999999999,0.2017543859649123,FALSE
2020-09-21,2020,39,Influenza,0.07,FALSE,9,2020,2020,2020/21,2020-07-01,12,1.07,2.668,0.07,2.72,9,-1,0.06542056074766356,FALSE
2020-09-28,2020,40,Influenza,0.19,FALSE,9,2020,2020,2020/21,2020-07-01,13,1.39,4.1419999999999995,0.19,4.81,9,-1.2,0.1366906474820144,FALSE
2020-10-05,2020,41,Influenza,0.12,FALSE,10,2020,2020,2020/21,2020-07-01,14,1.22,5.783999999999999,0.12,6.66,9,-1.1,0.09836065573770492,FALSE
2020-10-12,2020,42,Influenza,0.06,FALSE,10,2020,2020,2020/21,2020-07-01,15,1.89,6.789999999999999,0.06,7.53,9,-1.8299999999999998,0.031746031746031744,FALSE
2020-10-19,2020,43,Influenza,0,FALSE,10,2020,2020,2020/21,2020-07-01,16,1.74,8.177999999999999,0,9.47,9,-1.74,0,FALSE
2020-10-26,2020,44,Influenza,0,FALSE,10,2020,2020,2020/21,2020-07-01,17,1.32,10.209999999999997,0,11.95,9,-1.32,0,FALSE
2020-11-02,2020,45,Influenza,0.05,FALSE,11,2020,2020,2020/21,2020-07-01,18,1.7,10.909999999999998,0.05,12.87,9,-1.65,0.029411764705882356,FALSE
2020-11-09,2020,46,Influenza,0.05,FALSE,11,2020,2020,2020/21,2020-07-01,19,2.51,10.37,0.05,11.07,9,-2.46,0.019920318725099605,FALSE
2020-11-16,2020,47,Influenza,0.26,FALSE,11,2020,2020,2020/21,2020-07-01,20,2.42,10.188,0.26,10.5,9,-2.16,0.10743801652892562,FALSE
2020-11-23,2020,48,Influenza,0.17,FALSE,11,2020,2020,2020/21,2020-07-01,21,3.42,15.45,0.17,15.63,9,-3.25,0.04970760233918129,FALSE
2020-11-30,2020,49,Influenza,0.09,FALSE,11,2020,2020,2020/21,2020-07-01,22,3.77,19.668,0.09,21.44,9,-3.68,0.023872679045092837,FALSE
2020-12-07,2020,50,Influenza,0.06,FALSE,12,2020,2020,2020/21,2020-07-01,23,7.44,21.735999999999997,0.06,22.74,9,-7.380000000000001,0.008064516129032258,FALSE
2020-12-14,2020,51,Influenza,0.16,FALSE,12,2020,2020,2020/21,2020-07-01,24,9.78,25.955999999999996,0.16,29.18,9,-9.62,0.016359918200409,FALSE
2020-12-21,2020,52,Influenza,0.06,FALSE,12,2020,2020,2020/21,2020-07-01,25,15.07,28.611999999999995,0.06,32.64,9,-15.01,0.0039814200398142,FALSE
2020-12-28,2020,53,Influenza,0,FALSE,12,2020,2020,2020/21,2020-07-01,26,17.3,27.476,0,28.02,9,-17.3,0,FALSE
2021-01-04,2021,1,Influenza,0.04,FALSE,1,2021,2020,2020/21,2020-07-01,27,14.67,24.502,0.04,25.57,9,-14.63,0.0027266530334014998,FALSE
2021-01-11,2021,2,Influenza,0.04,FALSE,1,2021,2020,2020/21,2020-07-01,28,11.48,23.571999999999996,0.04,25.36,9,-11.440000000000001,0.003484320557491289,FALSE
2021-01-18,2021,3,Influenza,0,FALSE,1,2021,2020,2020/21,2020-07-01,29,9.22,22.962,0,24.05,9,-9.22,0,FALSE
2021-01-25,2021,4,Influenza,0,FALSE,1,2021,2020,2020/21,2020-07-01,30,7.18,24.088,0,24.52,9,-7.18,0,FALSE
2021-02-01,2021,5,Influenza,0,FALSE,2,2021,2020,2020/21,2020-07-01,31,7.85,24.534,0,25.51,9,-7.85,0,FALSE
2021-02-08,2021,6,Influenza,0,FALSE,2,2021,2020,2020/21,2020-07-01,32,5.73,25.715999999999998,0,28.12,9,-5.73,0,FALSE
2021-02-15,2021,7,Influenza,0,FALSE,2,2021,2020,2020/21,2020-07-01,33,6.71,26.336000000000002,0,26.6,9,-6.71,0,FALSE
2021-02-22,2021,8,Influenza,0.02,FALSE,2,2021,2020,2020/21,2020-07-01,34,6.45,24.028,0.02,25.58,9,-6.430000000000001,0.0031007751937984496,FALSE
2021-03-01,2021,9,Influenza,0,FALSE,3,2021,2020,2020/21,2020-07-01,35,5.88,20.169999999999998,0,23.25,9,-5.88,0,FALSE
2021-03-08,2021,10,Influenza,0,FALSE,3,2021,2020,2020/21,2020-07-01,36,5.49,17.795999999999996,0,22.06,9,-5.49,0,FALSE
2021-03-15,2021,11,Influenza,0.02,FALSE,3,2021,2020,2020/21,2020-07-01,37,3.86,15.729999999999997,0.02,18.65,9,-3.84,0.0051813471502590676,FALSE
2021-03-22,2021,12,Influenza,0.03,FALSE,3,2021,2020,2020/21,2020-07-01,38,4.34,13.711999999999998,0.03,15.92,9,-4.31,0.006912442396313364,FALSE
2021-03-29,2021,13,Influenza,0.05,FALSE,3,2021,2020,2020/21,2020-07-01,39,3.81,13.641999999999998,0.05,16.55,9,-3.7600000000000002,0.013123359580052493,FALSE
2021-04-05,2021,14,Influenza,0.03,FALSE,4,2021,2020,2020/21,2020-07-01,40,3.74,12.025999999999998,0.03,15.13,9,-3.7100000000000004,0.00802139037433155,FALSE
2021-04-12,2021,15,Influenza,0.09,FALSE,4,2021,2020,2020/21,2020-07-01,41,2.71,8.75,0.09,9.77,9,-2.62,0.033210332103321034,FALSE
2021-04-19,2021,16,Influenza,0,FALSE,4,2021,2020,2020/21,2020-07-01,42,2.48,6.2379999999999995,0,6.47,9,-2.48,0,FALSE
2021-04-26,2021,17,Influenza,0,FALSE,4,2021,2020,2020/21,2020-07-01,43,2.02,4.4879999999999995,0,5.54,9,-2.02,0,FALSE
2021-05-03,2021,18,Influenza,0,FALSE,5,2021,2020,2020/21,2020-07-01,44,1.58,3.2439999999999998,0,3.74,9,-1.58,0,FALSE
2021-05-10,2021,19,Influenza,0,FALSE,5,2021,2020,2020/21,2020-07-01,45,1.53,3.102,0,3.45,9,-1.53,0,FALSE
2021-05-17,2021,20,Influenza,0,FALSE,5,2021,2020,2020/21,2020-07-01,46,1.27,2.1339999999999995,0,2.57,9,-1.27,0,FALSE
2021-05-24,2021,21,Influenza,0,FALSE,5,2021,2020,2020/21,2020-07-01,47,0.92,2.0619999999999994,0,2.65,9,-0.92,0,FALSE
2021-05-31,2021,22,Influenza,0.08,FALSE,5,2021,2020,2020/21,2020-07-01,48,0.59,1.226,0,1.37,9,-0.51,0.13559322033898305,FALSE
2021-06-07,2021,23,Influenza,0,FALSE,6,2021,2020,2020/21,2020-07-01,49,0.69,1.8619999999999997,0,2.03,9,-0.69,0,FALSE
2021-06-14,2021,24,Influenza,0,FALSE,6,2021,2020,2020/21,2020-07-01,50,0.53,1.4739999999999998,0,1.73,9,-0.53,0,FALSE
2021-06-21,2021,25,Influenza,0,FALSE,6,2021,2020,2020/21,2020-07-01,51,0.52,1.0259999999999998,0,1.15,9,-0.52,0,FALSE
2021-06-28,2021,26,Influenza,0.03,FALSE,6,2021,2020,2020/21,2020-07-01,52,0.47,1.004,0,1.02,9,-0.43999999999999995,0.06382978723404255,FALSE
2021-07-05,2021,27,Influenza,0,FALSE,7,2021,2021,2021/22,2021-07-01,1,0.68,1.5259999999999998,0,1.71,9,-0.68,0,FALSE
2021-07-12,2021,28,Influenza,0,FALSE,7,2021,2021,2021/22,2021-07-01,2,0.6,1.244,0,1.26,9,-0.6,0,FALSE
2021-07-19,2021,29,Influenza,0,FALSE,7,2021,2021,2021/22,2021-07-01,3,0.73,1.186,0,1.25,9,-0.73,0,FALSE
2021-07-26,2021,30,Influenza,0.03,FALSE,7,2021,2021,2021/22,2021-07-01,4,0.54,0.9739999999999998,0,1.13,9,-0.51,0.05555555555555555,FALSE
2021-08-02,2021,31,Influenza,0.03,FALSE,8,2021,2021,2021/22,2021-07-01,5,0.81,1.286,0,1.31,9,-0.78,0.037037037037037035,FALSE
2021-08-09,2021,32,Influenza,0.08,FALSE,8,2021,2021,2021/22,2021-07-01,6,0.86,1.5859999999999996,0,1.91,9,-0.78,0.09302325581395349,FALSE
2021-08-16,2021,33,Influenza,0.03,FALSE,8,2021,2021,2021/22,2021-07-01,7,0.88,1.678,0,1.85,9,-0.85,0.03409090909090909,FALSE
2021-08-23,2021,34,Influenza,0.03,FALSE,8,2021,2021,2021/22,2021-07-01,8,0.58,2.1579999999999995,0,2.51,9,-0.5499999999999999,0.05172413793103448,FALSE
2021-08-30,2021,35,Influenza,0.04,FALSE,8,2021,2021,2021/22,2021-07-01,9,0.99,1.8939999999999997,0.04,2.27,9,-0.95,0.04040404040404041,FALSE
2021-09-06,2021,36,Influenza,0,FALSE,9,2021,2021,2021/22,2021-07-01,10,1.19,2.4739999999999998,0,2.51,9,-1.19,0,FALSE
2021-09-13,2021,37,Influenza,0.09,FALSE,9,2021,2021,2021/22,2021-07-01,11,1.14,3.1999999999999997,0.09,3.44,9,-1.0499999999999998,0.07894736842105264,FALSE
2021-09-20,2021,38,Influenza,0.23,FALSE,9,2021,2021,2021/22,2021-07-01,12,1.07,2.668,0.07,2.72,9,-0.8400000000000001,0.21495327102803738,FALSE
2021-09-27,2021,39,Influenza,0.47,FALSE,9,2021,2021,2021/22,2021-07-01,13,1.39,4.1419999999999995,0.19,4.81,9,-0.9199999999999999,0.3381294964028777,FALSE
2021-10-04,2021,40,Influenza,0.75,FALSE,10,2021,2021,2021/22,2021-07-01,14,1.22,5.783999999999999,0.12,6.66,9,-0.47,0.6147540983606558,FALSE
2021-10-11,2021,41,Influenza,0.7,FALSE,10,2021,2021,2021/22,2021-07-01,15,1.89,6.789999999999999,0.06,7.53,9,-1.19,0.37037037037037035,FALSE
2021-10-18,2021,42,Influenza,0.78,FALSE,10,2021,2021,2021/22,2021-07-01,16,1.74,8.177999999999999,0,9.47,9,-0.96,0.4482758620689655,FALSE
2021-10-25,2021,43,Influenza,0.76,FALSE,10,2021,2021,2021/22,2021-07-01,17,1.32,10.209999999999997,0,11.95,9,-0.56,0.5757575757575757,FALSE
2021-11-01,2021,44,Influenza,0.43,FALSE,11,2021,2021,2021/22,2021-07-01,18,1.7,10.909999999999998,0.05,12.87,9,-1.27,0.2529411764705882,FALSE
2021-11-08,2021,45,Influenza,0.9,FALSE,11,2021,2021,2021/22,2021-07-01,19,2.51,10.37,0.05,11.07,9,-1.6099999999999999,0.35856573705179284,FALSE
2021-11-15,2021,46,Influenza,0.64,FALSE,11,2021,2021,2021/22,2021-07-01,20,2.42,10.188,0.26,10.5,9,-1.7799999999999998,0.2644628099173554,FALSE
2021-11-22,2021,47,Influenza,0.78,FALSE,11,2021,2021,2021/22,2021-07-01,21,3.42,15.45,0.17,15.63,9,-2.6399999999999997,0.2280701754385965,FALSE
2021-11-29,2021,48,Influenza,0.95,FALSE,11,2021,2021,2021/22,2021-07-01,22,3.77,19.668,0.09,21.44,9,-2.8200000000000003,0.2519893899204244,FALSE
2021-12-06,2021,49,Influenza,1.03,FALSE,12,2021,2021,2021/22,2021-07-01,23,7.44,21.735999999999997,0.06,22.74,9,-6.41,0.13844086021505375,FALSE
2021-12-13,2021,50,Influenza,1.07,FALSE,12,2021,2021,2021/22,2021-07-01,24,9.78,25.955999999999996,0.16,29.18,9,-8.709999999999999,0.10940695296523519,FALSE
2021-12-20,2021,51,Influenza,0.83,FALSE,12,2021,2021,2021/22,2021-07-01,25,15.07,28.611999999999995,0.06,32.64,9,-14.24,0.055076310550763105,FALSE
2021-12-27,2021,52,Influenza,0.61,FALSE,12,2021,2021,2021/22,2021-07-01,26,17.3,27.476,0,28.02,9,-16.69,0.03526011560693641,FALSE
2022-01-03,2022,1,Influenza,0.58,FALSE,1,2022,2021,2021/22,2021-07-01,27,14.67,24.502,0.04,25.57,9,-14.09,0.03953646898432174,FALSE
2022-01-10,2022,2,Influenza,0.99,FALSE,1,2022,2021,2021/22,2021-07-01,28,11.48,23.571999999999996,0.04,25.36,9,-10.49,0.086236933797909407,FALSE
2022-01-17,2022,3,Influenza,0.37,FALSE,1,2022,2021,2021/22,2021-07-01,29,9.22,22.962,0,24.05,9,-8.850000000000001,0.04013015184381778,FALSE
2022-01-24,2022,4,Influenza,0.48,FALSE,1,2022,2021,2021/22,2021-07-01,30,7.18,24.088,0,24.52,9,-6.699999999999999,0.06685236768802229,FALSE
2022-01-31,2022,5,Influenza,0.39,FALSE,1,2022,2021,2021/22,2021-07-01,31,7.85,24.534,0,25.51,9,-7.46,0.049681528662420385,FALSE
2022-02-07,2022,6,Influenza,1.55,FALSE,2,2022,2021,2021/22,2021-07-01,32,5.73,25.715999999999998,0,28.12,9,-4.180000000000001,0.27050610820244325,FALSE
2022-02-14,2022,7,Influenza,0.89,FALSE,2,2022,2021,2021/22,2021-07-01,33,6.71,26.336000000000002,0,26.6,9,-5.82,0.13263785394932937,FALSE
2022-02-21,2022,8,Influenza,1.21,FALSE,2,2022,2021,2021/22,2021-07-01,34,6.45,24.028,0.02,25.58,9,-5.24,0.18759689922480619,FALSE
2022-02-28,2022,9,Influenza,1.6,FALSE,2,2022,2021,2021/22,2021-07-01,35,5.88,20.169999999999998,0,23.25,9,-4.279999999999999,0.272108843537415,FALSE
2022-03-07,2022,10,Influenza,2.48,FALSE,3,2022,2021,2021/22,2021-07-01,36,5.49,17.795999999999996,0,22.06,9,-3.0100000000000002,0.45173041894353366,FALSE
2022-03-14,2022,11,Influenza,3.16,FALSE,3,2022,2021,2021/22,2021-07-01,37,3.86,15.729999999999997,0.02,18.65,9,-0.6999999999999997,0.8186528497409327,FALSE
2022-03-21,2022,12,Influenza,4.34,FALSE,3,2022,2021,2021/22,2021-07-01,38,4.34,13.711999999999998,0.03,15.92,9,0,1,FALSE
2022-03-28,2022,13,Influenza,5,FALSE,3,2022,2021,2021/22,2021-07-01,39,3.81,13.641999999999998,0.05,16.55,9,1.19,1.3123359580052494,FALSE
2022-04-04,2022,14,Influenza,5.02,FALSE,4,2022,2021,2021/22,2021-07-01,40,3.74,12.025999999999998,0.03,15.13,9,1.2799999999999994,1.3422459893048126,FALSE
2022-04-11,2022,15,Influenza,4.77,FALSE,4,2022,2021,2021/22,2021-07-01,41,2.71,8.75,0.09,9.77,9,2.0599999999999996,1.7601476014760147,FALSE
2022-04-18,2022,16,Influenza,2.94,FALSE,4,2022,2021,2021/22,2021-07-01,42,2.48,6.2379999999999995,0,6.47,9,0.45999999999999996,1.185483870967742,FALSE
2022-04-25,2022,17,Influenza,2.19,FALSE,4,2022,2021,2021/22,2021-07-01,43,2.02,4.4879999999999995,0,5.54,9,0.16999999999999993,1.0841584158415842,FALSE
2022-05-02,2022,18,Influenza,2.01,FALSE,5,2022,2021,2021/22,2021-07-01,44,1.58,3.2439999999999998,0,3.74,9,0.4299999999999997,1.2721518987341771,FALSE
2022-05-09,2022,19,Influenza,2.58,FALSE,5,2022,2021,2021/22,2021-07-01,45,1.53,3.102,0,3.45,9,1.05,1.6862745098039216,FALSE
2022-05-16,2022,20,Influenza,1.36,FALSE,5,2022,2021,2021/22,2021-07-01,46,1.27,2.1339999999999995,0,2.57,9,0.09000000000000008,1.0708661417322836,FALSE
2022-05-23,2022,21,Influenza,0.86,FALSE,5,2022,2021,2021/22,2021-07-01,47,0.92,2.0619999999999994,0,2.65,9,-0.06000000000000005,0.9347826086956521,FALSE
2022-05-30,2022,22,Influenza,1.01,FALSE,5,2022,2021,2021/22,2021-07-01,48,0.59,1.226,0,1.37,9,0.42000000000000004,1.7118644067796611,FALSE
2022-06-06,2022,23,Influenza,1.61,FALSE,6,2022,2021,2021/22,2021-07-01,49,0.69,1.8619999999999997,0,2.03,9,0.9200000000000002,2.3333333333333335,FALSE
2022-06-13,2022,24,Influenza,0.53,FALSE,6,2022,2021,2021/22,2021-07-01,50,0.53,1.4739999999999998,0,1.73,9,0,1,FALSE
2022-06-20,2022,25,Influenza,0.52,FALSE,6,2022,2021,2021/22,2021-07-01,51,0.52,1.0259999999999998,0,1.15,9,0,1,FALSE
2022-06-27,2022,26,Influenza,0.47,FALSE,6,2022,2021,2021/22,2021-07-01,52,0.47,1.004,0,1.02,9,0,1,FALSE
2022-07-04,2022,27,Influenza,0.7,FALSE,7,2022,2022,2022/23,2022-07-01,1,0.68,1.5259999999999998,0,1.71,9,0.019999999999999907,1.0294117647058822,FALSE
2022-07-11,2022,28,Influenza,1.26,FALSE,7,2022,2022,2022/23,2022-07-01,2,0.6,1.244,0,1.26,9,0.66,2.1,TRUE
2022-07-18,2022,29,Influenza,0.57,FALSE,7,2022,2022,2022/23,2022-07-01,3,0.73,1.186,0,1.25,9,-0.16000000000000003,0.7808219178082191,FALSE
2022-07-25,2022,30,Influenza,0.53,FALSE,7,2022,2022,2022/23,2022-07-01,4,0.54,0.9739999999999998,0,1.13,9,-0.010000000000000009,0.9814814814814815,FALSE
2022-08-01,2022,31,Influenza,0.81,FALSE,8,2022,2022,2022/23,2022-07-01,5,0.81,1.286,0,1.31,9,0,1,FALSE
2022-08-08,2022,32,Influenza,1.91,FALSE,8,2022,2022,2022/23,2022-07-01,6,0.86,1.5859999999999996,0,1.91,9,1.0499999999999998,2.2209302325581395,TRUE
2022-08-15,2022,33,Influenza,0.88,FALSE,8,2022,2022,2022/23,2022-07-01,7,0.88,1.678,0,1.85,9,0,1,FALSE
2022-08-22,2022,34,Influenza,0.58,FALSE,8,2022,2022,2022/23,2022-07-01,8,0.58,2.1579999999999995,0,2.51,9,0,1,FALSE
2022-08-29,2022,35,Influenza,1.17,FALSE,8,2022,2022,2022/23,2022-07-01,9,0.99,1.8939999999999997,0.04,2.27,9,0.17999999999999994,1.1818181818181817,FALSE
2022-09-05,2022,36,Influenza,2.51,FALSE,9,2022,2022,2022/23,2022-07-01,10,1.19,2.4739999999999998,0,2.51,9,1.3199999999999998,2.1092436974789917,TRUE
2022-09-12,2022,37,Influenza,3.44,FALSE,9,2022,2022,2022/23,2022-07-01,11,1.14,3.1999999999999997,0.09,3.44,9,2.3,3.017543859649123,TRUE
2022-09-19,2022,38,Influenza,2.59,FALSE,9,2022,2022,2022/23,2022-07-01,12,1.07,2.668,0.07,2.72,9,1.5199999999999998,2.420560747663551,FALSE
2022-09-26,2022,39,Influenza,3.14,FALSE,9,2022,2022,2022/23,2022-07-01,13,1.39,4.1419999999999995,0.19,4.81,9,1.7500000000000002,2.258992805755396,FALSE
2022-10-03,2022,40,Influenza,4.47,FALSE,10,2022,2022,2022/23,2022-07-01,14,1.22,5.783999999999999,0.12,6.66,9,3.25,3.663934426229508,FALSE
2022-10-10,2022,41,Influenza,5.68,FALSE,10,2022,2022,2022/23,2022-07-01,15,1.89,6.789999999999999,0.06,7.53,9,3.79,3.005291005291005,FALSE
2022-10-17,2022,42,Influenza,6.24,FALSE,10,2022,2022,2022/23,2022-07-01,16,1.74,8.177999999999999,0,9.47,9,4.5,3.586206896551724,FALSE
2022-10-24,2022,43,Influenza,7.6,FALSE,10,2022,2022,2022/23,2022-07-01,17,1.32,10.209999999999997,0,11.95,9,6.279999999999999,5.757575757575757,FALSE
2022-10-31,2022,44,Influenza,7.97,FALSE,10,2022,2022,2022/23,2022-07-01,18,1.7,10.909999999999998,0.05,12.87,9,6.27,4.688235294117647,FALSE
2022-11-07,2022,45,Influenza,9.32,FALSE,11,2022,2022,2022/23,2022-07-01,19,2.51,10.37,0.05,11.07,9,6.8100000000000005,3.713147410358566,FALSE
2022-11-14,2022,46,Influenza,9.72,FALSE,11,2022,2022,2022/23,2022-07-01,20,2.42,10.188,0.26,10.5,9,7.300000000000001,4.016528925619835,FALSE
2022-11-21,2022,47,Influenza,12.38,FALSE,11,2022,2022,2022/23,2022-07-01,21,3.42,15.45,0.17,15.63,9,8.96,3.619883040935673,FALSE
2022-11-28,2022,48,Influenza,16.45,FALSE,11,2022,2022,2022/23,2022-07-01,22,3.77,19.668,0.09,21.44,9,12.68,4.363395225464191,FALSE
2022-12-05,2022,49,Influenza,22.74,FALSE,12,2022,2022,2022/23,2022-07-01,23,7.44,21.735999999999997,0.06,22.74,9,15.299999999999997,3.0564516129032255,TRUE
2022-12-12,2022,50,Influenza,29.18,FALSE,12,2022,2022,2022/23,2022-07-01,24,9.78,25.955999999999996,0.16,29.18,9,19.4,2.983640081799591,TRUE
2022-12-19,2022,51,Influenza,32.64,FALSE,12,2022,2022,2022/23,2022-07-01,25,15.07,28.611999999999995,0.06,32.64,9,17.57,2.165892501658925,TRUE
2022-12-26,2022,52,Influenza,28.02,FALSE,12,2022,2022,2022/23,2022-07-01,26,17.3,27.476,0,28.02,9,10.719999999999999,1.6196531791907514,TRUE
2023-01-02,2023,1,Influenza,14.67,FALSE,1,2023,2022,2022/23,2022-07-01,27,14.67,24.502,0.04,25.57,9,0,1,FALSE
2023-01-09,2023,2,Influenza,7.08,FALSE,1,2023,2022,2022/23,2022-07-01,28,11.48,23.571999999999996,0.04,25.36,9,-4.4,0.6167247386759581,FALSE
2023-01-16,2023,3,Influenza,3.41,FALSE,1,2023,2022,2022/23,2022-07-01,29,9.22,22.962,0,24.05,9,-5.8100000000000005,0.36984815618221256,FALSE
2023-01-23,2023,4,Influenza,3.29,FALSE,1,2023,2022,2022/23,2022-07-01,30,7.18,24.088,0,24.52,9,-3.8899999999999997,0.4582172701949861,FALSE
2023-01-30,2023,5,Influenza,2.66,FALSE,1,2023,2022,2022/23,2022-07-01,31,7.85,24.534,0,25.51,9,-5.1899999999999995,0.3388535031847134,FALSE
2023-02-06,2023,6,Influenza,2.03,FALSE,2,2023,2022,2022/23,2022-07-01,32,5.73,25.715999999999998,0,28.12,9,-3.7000000000000006,0.35427574171029663,FALSE
2023-02-13,2023,7,Influenza,2.55,FALSE,2,2023,2022,2022/23,2022-07-01,33,6.71,26.336000000000002,0,26.6,9,-4.16,0.38002980625931443,FALSE
2023-02-20,2023,8,Influenza,2.37,FALSE,2,2023,2022,2022/23,2022-07-01,34,6.45,24.028,0.02,25.58,9,-4.08,0.3674418604651163,FALSE
2023-02-27,2023,9,Influenza,1.9,FALSE,2,2023,2022,2022/23,2022-07-01,35,5.88,20.169999999999998,0,23.25,9,-3.98,0.32312925170068024,FALSE
2023-03-06,2023,10,Influenza,2.55,FALSE,3,2023,2022,2022/23,2022-07-01,36,5.49,17.795999999999996,0,22.06,9,-2.9400000000000004,0.46448087431693985,FALSE
2023-03-13,2023,11,Influenza,2.19,FALSE,3,2023,2022,2022/23,2022-07-01,37,3.86,15.729999999999997,0.02,18.65,9,-1.67,0.5673575129533679,FALSE
2023-03-20,2023,12,Influenza,1.61,FALSE,3,2023,2022,2022/23,2022-07-01,38,4.34,13.711999999999998,0.03,15.92,9,-2.7299999999999995,0.37096774193548393,FALSE
2023-03-27,2023,13,Influenza,1.61,FALSE,3,2023,2022,2022/23,2022-07-01,39,3.81,13.641999999999998,0.05,16.55,9,-2.2,0.4225721784776903,FALSE
2023-04-03,2023,14,Influenza,1.62,FALSE,4,2023,2022,2022/23,2022-07-01,40,3.74,12.025999999999998,0.03,15.13,9,-2.12,0.43315508021390375,FALSE
2023-04-10,2023,15,Influenza,1.1,FALSE,4,2023,2022,2022/23,2022-07-01,41,2.71,8.75,0.09,9.77,9,-1.6099999999999999,0.40590405904059046,FALSE
2023-04-17,2023,16,Influenza,0.94,FALSE,4,2023,2022,2022/23,2022-07-01,42,2.48,6.2379999999999995,0,6.47,9,-1.54,0.3790322580645161,FALSE
2023-04-24,2023,17,Influenza,1.06,FALSE,4,2023,2022,2022/23,2022-07-01,43,2.02,4.4879999999999995,0,5.54,9,-0.96,0.5247524752475248,FALSE
2023-05-01,2023,18,Influenza,0.94,FALSE,5,2023,2022,2022/23,2022-07-01,44,1.58,3.2439999999999998,0,3.74,9,-0.6400000000000001,0.5949367088607594,FALSE
2023-05-08,2023,19,Influenza,0.88,FALSE,5,2023,2022,2022/23,2022-07-01,45,1.53,3.102,0,3.45,9,-0.65,0.5751633986928104,FALSE
2023-05-15,2023,20,Influenza,0.41,FALSE,5,2023,2022,2022/23,2022-07-01,46,1.27,2.1339999999999995,0,2.57,9,-0.8600000000000001,0.3228346456692913,FALSE
2023-05-22,2023,21,Influenza,0.66,FALSE,5,2023,2022,2022/23,2022-07-01,47,0.92,2.0619999999999994,0,2.65,9,-0.26,0.717391304347826,FALSE
2023-05-29,2023,22,Influenza,0.4,FALSE,5,2023,2022,2022/23,2022-07-01,48,0.59,1.226,0,1.37,9,-0.18999999999999995,0.6779661016949153,FALSE
2023-06-05,2023,23,Influenza,0.49,FALSE,6,2023,2022,2022/23,2022-07-01,49,0.69,1.8619999999999997,0,2.03,9,-0.19999999999999996,0.7101449275362319,FALSE
2023-06-12,2023,24,Influenza,0.47,FALSE,6,2023,2022,2022/23,2022-07-01,50,0.53,1.4739999999999998,0,1.73,9,-0.06000000000000005,0.8867924528301886,FALSE
2023-06-19,2023,25,Influenza,0.6,FALSE,6,2023,2022,2022/23,2022-07-01,51,0.52,1.0259999999999998,0,1.15,9,0.07999999999999996,1.1538461538461537,FALSE
2023-06-26,2023,26,Influenza,0.34,FALSE,6,2023,2022,2022/23,2022-07-01,52,0.47,1.004,0,1.02,9,-0.12999999999999995,0.723404255319149,FALSE
2023-07-03,2023,27,Influenza,0.64,FALSE,7,2023,2023,2023/24,2023-07-01,1,0.68,1.5259999999999998,0,1.71,9,-0.040000000000000036,0.9411764705882353,FALSE
2023-07-10,2023,28,Influenza,0.57,FALSE,7,2023,2023,2023/24,2023-07-01,2,0.6,1.244,0,1.26,9,-0.030000000000000027,0.95,FALSE
2023-07-17,2023,29,Influenza,0.73,FALSE,7,2023,2023,2023/24,2023-07-01,3,0.73,1.186,0,1.25,9,0,1,FALSE
2023-07-24,2023,30,Influenza,0.72,FALSE,7,2023,2023,2023/24,2023-07-01,4,0.54,0.9739999999999998,0,1.13,9,0.17999999999999994,1.3333333333333333,FALSE
2023-07-31,2023,31,Influenza,0.35,FALSE,7,2023,2023,2023/24,2023-07-01,5,0.81,1.286,0,1.31,9,-0.4600000000000001,0.4320987654320987,FALSE
2023-08-07,2023,32,Influenza,1.1,FALSE,8,2023,2023,2023/24,2023-07-01,6,0.86,1.5859999999999996,0,1.91,9,0.2400000000000001,1.2790697674418605,FALSE
2023-08-14,2023,33,Influenza,0.5,FALSE,8,2023,2023,2023/24,2023-07-01,7,0.88,1.678,0,1.85,9,-0.38,0.5681818181818182,FALSE
2023-08-21,2023,34,Influenza,0.56,FALSE,8,2023,2023,2023/24,2023-07-01,8,0.58,2.1579999999999995,0,2.51,9,-0.019999999999999907,0.9655172413793105,FALSE
2023-08-28,2023,35,Influenza,0.53,FALSE,8,2023,2023,2023/24,2023-07-01,9,0.99,1.8939999999999997,0.04,2.27,9,-0.45999999999999996,0.5353535353535354,FALSE
2023-09-04,2023,36,Influenza,0.82,FALSE,9,2023,2023,2023/24,2023-07-01,10,1.19,2.4739999999999998,0,2.51,9,-0.37,0.6890756302521008,FALSE
2023-09-11,2023,37,Influenza,1.11,FALSE,9,2023,2023,2023/24,2023-07-01,11,1.14,3.1999999999999997,0.09,3.44,9,-0.029999999999999805,0.9736842105263159,FALSE
2023-09-18,2023,38,Influenza,0.83,FALSE,9,2023,2023,2023/24,2023-07-01,12,1.07,2.668,0.07,2.72,9,-0.2400000000000001,0.7757009345794391,FALSE
2023-09-25,2023,39,Influenza,0.61,FALSE,9,2023,2023,2023/24,2023-07-01,13,1.39,4.1419999999999995,0.19,4.81,9,-0.7799999999999999,0.4388489208633094,FALSE
2023-10-02,2023,40,Influenza,1.1,FALSE,10,2023,2023,2023/24,2023-07-01,14,1.22,5.783999999999999,0.12,6.66,9,-0.11999999999999988,0.9016393442622952,FALSE
2023-10-09,2023,41,Influenza,1.1,FALSE,10,2023,2023,2023/24,2023-07-01,15,1.89,6.789999999999999,0.06,7.53,9,-0.7899999999999998,0.5820105820105821,FALSE
2023-10-16,2023,42,Influenza,1.03,FALSE,10,2023,2023,2023/24,2023-07-01,16,1.74,8.177999999999999,0,9.47,9,-0.71,0.5919540229885057,FALSE
2023-10-23,2023,43,Influenza,1.11,FALSE,10,2023,2023,2023/24,2023-07-01,17,1.32,10.209999999999997,0,11.95,9,-0.20999999999999996,0.8409090909090909,FALSE
2023-10-30,2023,44,Influenza,1.55,FALSE,10,2023,2023,2023/24,2023-07-01,18,1.7,10.909999999999998,0.05,12.87,9,-0.1499999999999999,0.911764705882353,FALSE
2023-11-06,2023,45,Influenza,1.94,FALSE,11,2023,2023,2023/24,2023-07-01,19,2.51,10.37,0.05,11.07,9,-0.5699999999999998,0.7729083665338646,FALSE
2023-11-13,2023,46,Influenza,1.74,FALSE,11,2023,2023,2023/24,2023-07-01,20,2.42,10.188,0.26,10.5,9,-0.6799999999999999,0.71900826446281,FALSE
2023-11-20,2023,47,Influenza,1.97,FALSE,11,2023,2023,2023/24,2023-07-01,21,3.42,15.45,0.17,15.63,9,-1.45,0.5760233918128655,FALSE
2023-11-27,2023,48,Influenza,2.94,FALSE,11,2023,2023,2023/24,2023-07-01,22,3.77,19.668,0.09,21.44,9,-0.8300000000000001,0.7798408488063661,FALSE
2023-12-04,2023,49,Influenza,6.07,FALSE,12,2023,2023,2023/24,2023-07-01,23,7.44,21.735999999999997,0.06,22.74,9,-1.37,0.8158602150537634,FALSE
2023-12-11,2023,50,Influenza,9.59,FALSE,12,2023,2023,2023/24,2023-07-01,24,9.78,25.955999999999996,0.16,29.18,9,-0.1899999999999995,0.9805725971370144,FALSE
2023-12-18,2023,51,Influenza,11.45,FALSE,12,2023,2023,2023/24,2023-07-01,25,15.07,28.611999999999995,0.06,32.64,9,-3.620000000000001,0.7597876575978765,FALSE
2023-12-25,2023,52,Influenza,11.71,FALSE,12,2023,2023,2023/24,2023-07-01,26,17.3,27.476,0,28.02,9,-5.59,0.676878612716763,FALSE
2024-01-01,2024,1,Influenza,9.74,FALSE,1,2024,2023,2023/24,2023-07-01,27,14.67,24.502,0.04,25.57,9,-4.93,0.6639400136332652,FALSE
2024-01-08,2024,2,Influenza,10,FALSE,1,2024,2023,2023/24,2023-07-01,28,11.48,23.571999999999996,0.04,25.36,9,-1.4800000000000004,0.8710801393728222,FALSE
2024-01-15,2024,3,Influenza,13.81,FALSE,1,2024,2023,2023/24,2023-07-01,29,9.22,22.962,0,24.05,9,4.59,1.497830802603037,FALSE
2024-01-22,2024,4,Influenza,17.6,FALSE,1,2024,2023,2023/24,2023-07-01,30,7.18,24.088,0,24.52,9,10.420000000000002,2.4512534818941507,FALSE
2024-01-29,2024,5,Influenza,15.49,FALSE,1,2024,2023,2023/24,2023-07-01,31,7.85,24.534,0,25.51,9,7.640000000000001,1.973248407643312,FALSE
2024-02-05,2024,6,Influenza,12.81,FALSE,2,2024,2023,2023/24,2023-07-01,32,5.73,25.715999999999998,0,28.12,9,7.08,2.2356020942408374,FALSE
2024-02-12,2024,7,Influenza,10.9,FALSE,2,2024,2023,2023/24,2023-07-01,33,6.71,26.336000000000002,0,26.6,9,4.19,1.624441132637854,FALSE
2024-02-19,2024,8,Influenza,8.23,FALSE,2,2024,2023,2023/24,2023-07-01,34,6.45,24.028,0.02,25.58,9,1.7800000000000002,1.2759689922480622,FALSE
2024-02-26,2024,9,Influenza,6.21,FALSE,2,2024,2023,2023/24,2023-07-01,35,5.88,20.169999999999998,0,23.25,9,0.33000000000000007,1.056122448979592,FALSE
2024-03-04,2024,10,Influenza,5.77,FALSE,3,2024,2023,2023/24,2023-07-01,36,5.49,17.795999999999996,0,22.06,9,0.27999999999999936,1.0510018214936248,FALSE
2024-03-11,2024,11,Influenza,6.42,FALSE,3,2024,2023,2023/24,2023-07-01,37,3.86,15.729999999999997,0.02,18.65,9,2.56,1.6632124352331608,FALSE
2024-03-18,2024,12,Influenza,4.89,FALSE,3,2024,2023,2023/24,2023-07-01,38,4.34,13.711999999999998,0.03,15.92,9,0.5499999999999998,1.1267281105990783,FALSE
2024-03-25,2024,13,Influenza,3.81,FALSE,3,2024,2023,2023/24,2023-07-01,39,3.81,13.641999999999998,0.05,16.55,9,0,1,FALSE
2024-04-01,2024,14,Influenza,3.74,FALSE,4,2024,2023,2023/24,2023-07-01,40,3.74,12.025999999999998,0.03,15.13,9,0,1,FALSE
2024-04-08,2024,15,Influenza,2.71,FALSE,4,2024,2023,2023/24,2023-07-01,41,2.71,8.75,0.09,9.77,9,0,1,FALSE
2024-04-15,2024,16,Influenza,2.23,FALSE,4,2024,2023,2023/24,2023-07-01,42,2.48,6.2379999999999995,0,6.47,9,-0.25,0.8991935483870968,FALSE
2024-04-22,2024,17,Influenza,2.39,FALSE,4,2024,2023,2023/24,2023-07-01,43,2.02,4.4879999999999995,0,5.54,9,0.3700000000000001,1.183168316831683,FALSE
2024-04-29,2024,18,Influenza,2.5,FALSE,4,2024,2023,2023/24,2023-07-01,44,1.58,3.2439999999999998,0,3.74,9,0.9199999999999999,1.5822784810126582,FALSE
2024-05-06,2024,19,Influenza,1.87,FALSE,5,2024,2023,2023/24,2023-07-01,45,1.53,3.102,0,3.45,9,0.3400000000000001,1.2222222222222223,FALSE
2024-05-13,2024,20,Influenza,1.38,FALSE,5,2024,2023,2023/24,2023-07-01,46,1.27,2.1339999999999995,0,2.57,9,0.10999999999999988,1.0866141732283463,FALSE
2024-05-20,2024,21,Influenza,0.97,FALSE,5,2024,2023,2023/24,2023-07-01,47,0.92,2.0619999999999994,0,2.65,9,0.04999999999999993,1.0543478260869565,FALSE
2024-05-27,2024,22,Influenza,0.78,FALSE,5,2024,2023,2023/24,2023-07-01,48,0.59,1.226,0,1.37,9,0.19000000000000006,1.3220338983050848,FALSE
2024-06-03,2024,23,Influenza,0.86,FALSE,6,2024,2023,2023/24,2023-07-01,49,0.69,1.8619999999999997,0,2.03,9,0.17000000000000004,1.2463768115942029,FALSE
2024-06-10,2024,24,Influenza,0.82,FALSE,6,2024,2023,2023/24,2023-07-01,50,0.53,1.4739999999999998,0,1.73,9,0.2899999999999999,1.5471698113207546,FALSE
2024-06-17,2024,25,Influenza,0.81,FALSE,6,2024,2023,2023/24,2023-07-01,51,0.52,1.0259999999999998,0,1.15,9,0.29000000000000004,1.5576923076923077,FALSE
2024-06-24,2024,26,Influenza,0.56,FALSE,6,2024,2023,2023/24,2023-07-01,52,0.47,1.004,0,1.02,9,0.09000000000000008,1.1914893617021278,FALSE
2024-07-01,2024,27,Influenza,0.68,FALSE,7,2024,2024,2024/25,2024-07-01,1,0.68,1.5259999999999998,0,1.71,9,0,1,FALSE
2024-07-08,2024,28,Influenza,1.18,FALSE,7,2024,2024,2024/25,2024-07-01,2,0.6,1.244,0,1.26,9,0.58,1.9666666666666666,FALSE
2024-07-15,2024,29,Influenza,1.25,FALSE,7,2024,2024,2024/25,2024-07-01,3,0.73,1.186,0,1.25,9,0.52,1.7123287671232876,TRUE
2024-07-22,2024,30,Influenza,1.13,FALSE,7,2024,2024,2024/25,2024-07-01,4,0.54,0.9739999999999998,0,1.13,9,0.5899999999999999,2.092592592592592,TRUE
2024-07-29,2024,31,Influenza,1.31,FALSE,7,2024,2024,2024/25,2024-07-01,5,0.81,1.286,0,1.31,9,0.5,1.6172839506172838,TRUE
2024-08-05,2024,32,Influenza,0.86,FALSE,8,2024,2024,2024/25,2024-07-01,6,0.86,1.5859999999999996,0,1.91,9,0,1,FALSE
2024-08-12,2024,33,Influenza,1.42,FALSE,8,2024,2024,2024/25,2024-07-01,7,0.88,1.678,0,1.85,9,0.5399999999999999,1.6136363636363635,FALSE
2024-08-19,2024,34,Influenza,1.01,FALSE,8,2024,2024,2024/25,2024-07-01,8,0.58,2.1579999999999995,0,2.51,9,0.43000000000000005,1.7413793103448276,FALSE
2024-08-26,2024,35,Influenza,0.9,FALSE,8,2024,2024,2024/25,2024-07-01,9,0.99,1.8939999999999997,0.04,2.27,9,-0.08999999999999997,0.9090909090909092,FALSE
2024-09-02,2024,36,Influenza,0.97,FALSE,9,2024,2024,2024/25,2024-07-01,10,1.19,2.4739999999999998,0,2.51,9,-0.21999999999999997,0.8151260504201681,FALSE
2024-09-09,2024,37,Influenza,1.14,FALSE,9,2024,2024,2024/25,2024-07-01,11,1.14,3.1999999999999997,0.09,3.44,9,0,1,FALSE
2024-09-16,2024,38,Influenza,1.31,FALSE,9,2024,2024,2024/25,2024-07-01,12,1.07,2.668,0.07,2.72,9,0.24,1.2242990654205608,FALSE
2024-09-23,2024,39,Influenza,1.39,FALSE,9,2024,2024,2024/25,2024-07-01,13,1.39,4.1419999999999995,0.19,4.81,9,0,1,FALSE
2024-09-30,2024,40,Influenza,1.74,FALSE,9,2024,2024,2024/25,2024-07-01,14,1.22,5.783999999999999,0.12,6.66,9,0.52,1.4262295081967213,FALSE
2024-10-07,2024,41,Influenza,2.23,FALSE,10,2024,2024,2024/25,2024-07-01,15,1.89,6.789999999999999,0.06,7.53,9,0.3400000000000001,1.17989417989418,FALSE
2024-10-14,2024,42,Influenza,2.11,FALSE,10,2024,2024,2024/25,2024-07-01,16,1.74,8.177999999999999,0,9.47,9,0.3699999999999999,1.2126436781609196,FALSE
2024-10-21,2024,43,Influenza,3.04,FALSE,10,2024,2024,2024/25,2024-07-01,17,1.32,10.209999999999997,0,11.95,9,1.72,2.3030303030303028,FALSE
2024-10-28,2024,44,Influenza,2.8,FALSE,10,2024,2024,2024/25,2024-07-01,18,1.7,10.909999999999998,0.05,12.87,9,1.0999999999999999,1.6470588235294117,FALSE
2024-11-04,2024,45,Influenza,3.07,FALSE,11,2024,2024,2024/25,2024-07-01,19,2.51,10.37,0.05,11.07,9,0.56,1.2231075697211156,FALSE
2024-11-11,2024,46,Influenza,4.4,FALSE,11,2024,2024,2024/25,2024-07-01,20,2.42,10.188,0.26,10.5,9,1.9800000000000004,1.8181818181818183,FALSE
2024-11-18,2024,47,Influenza,6.92,FALSE,11,2024,2024,2024/25,2024-07-01,21,3.42,15.45,0.17,15.63,9,3.5,2.0233918128654973,FALSE
2024-11-25,2024,48,Influenza,10.48,FALSE,11,2024,2024,2024/25,2024-07-01,22,3.77,19.668,0.09,21.44,9,6.710000000000001,2.779840848806366,FALSE
2024-12-02,2024,49,Influenza,14.68,FALSE,12,2024,2024,2024/25,2024-07-01,23,7.44,21.735999999999997,0.06,22.74,9,7.239999999999999,1.9731182795698923,FALSE
2024-12-09,2024,50,Influenza,17.83,FALSE,12,2024,2024,2024/25,2024-07-01,24,9.78,25.955999999999996,0.16,29.18,9,8.049999999999999,1.8231083844580775,FALSE
2024-12-16,2024,51,Influenza,21.43,FALSE,12,2024,2024,2024/25,2024-07-01,25,15.07,28.611999999999995,0.06,32.64,9,6.359999999999999,1.4220305242203053,FALSE
2024-12-23,2024,52,Influenza,26.66,FALSE,12,2024,2024,2024/25,2024-07-01,26,17.3,27.476,0,28.02,9,9.36,1.5410404624277456,FALSE
2024-12-30,2024,1,Influenza,22.9,FALSE,12,2024,2024,2024/25,2024-07-01,27,14.67,24.502,0.04,25.57,9,8.229999999999999,1.5610088616223585,FALSE
2025-01-06,2025,2,Influenza,17.36,FALSE,1,2025,2024,2024/25,2024-07-01,28,11.48,23.571999999999996,0.04,25.36,9,5.879999999999999,1.5121951219512193,FALSE
2025-01-13,2025,3,Influenza,15.26,FALSE,1,2025,2024,2024/25,2024-07-01,29,9.22,22.962,0,24.05,9,6.039999999999999,1.6550976138828633,FALSE
2025-01-20,2025,4,Influenza,13.82,FALSE,1,2025,2024,2024/25,2024-07-01,30,7.18,24.088,0,24.52,9,6.640000000000001,1.924791086350975,FALSE
2025-01-27,2025,5,Influenza,13.17,FALSE,1,2025,2024,2024/25,2024-07-01,31,7.85,24.534,0,25.51,9,5.32,1.6777070063694268,FALSE
2025-02-03,2025,6,Influenza,11.63,FALSE,2,2025,2024,2024/25,2024-07-01,32,5.73,25.715999999999998,0,28.12,9,5.9,2.0296684118673647,FALSE
2025-02-10,2025,7,Influenza,10.28,FALSE,2,2025,2024,2024/25,2024-07-01,33,6.71,26.336000000000002,0,26.6,9,3.5699999999999994,1.5320417287630401,FALSE
2025-02-17,2025,8,Influenza,10.03,FALSE,2,2025,2024,2024/25,2024-07-01,34,6.45,24.028,0.02,25.58,9,3.579999999999999,1.5550387596899224,FALSE
2025-02-24,2025,9,Influenza,8.76,FALSE,2,2025,2024,2024/25,2024-07-01,35,5.88,20.169999999999998,0,23.25,9,2.88,1.489795918367347,FALSE
2025-03-03,2025,10,Influenza,6.78,FALSE,3,2025,2024,2024/25,2024-07-01,36,5.49,17.795999999999996,0,22.06,9,1.29,1.2349726775956285,FALSE
2025-03-10,2025,11,Influenza,7.36,FALSE,3,2025,2024,2024/25,2024-07-01,37,3.86,15.729999999999997,0.02,18.65,9,3.5000000000000004,1.906735751295337,FALSE
2025-03-17,2025,12,Influenza,6.45,FALSE,3,2025,2024,2024/25,2024-07-01,38,4.34,13.711999999999998,0.03,15.92,9,2.1100000000000003,1.4861751152073734,FALSE
2025-03-24,2025,13,Influenza,6.17,FALSE,3,2025,2024,2024/25,2024-07-01,39,3.81,13.641999999999998,0.05,16.55,9,2.36,1.6194225721784776,FALSE
2025-03-31,2025,14,Influenza,4.84,FALSE,3,2025,2024,2024/25,2024-07-01,40,3.74,12.025999999999998,0.03,15.13,9,1.0999999999999996,1.2941176470588234,FALSE
2025-04-07,2025,15,Influenza,3.77,FALSE,4,2025,2024,2024/25,2024-07-01,41,2.71,8.75,0.09,9.77,9,1.06,1.3911439114391144,FALSE
2025-04-14,2025,16,Influenza,3.02,FALSE,4,2025,2024,2024/25,2024-07-01,42,2.48,6.2379999999999995,0,6.47,9,0.54,1.217741935483871,FALSE
2025-04-21,2025,17,Influenza,2.02,FALSE,4,2025,2024,2024/25,2024-07-01,43,2.02,4.4879999999999995,0,5.54,9,0,1,FALSE
2025-04-28,2025,18,Influenza,1.58,FALSE,4,2025,2024,2024/25,2024-07-01,44,1.58,3.2439999999999998,0,3.74,9,0,1,FALSE
2025-05-05,2025,19,Influenza,1.58,FALSE,5,2025,2024,2024/25,2024-07-01,45,1.53,3.102,0,3.45,9,0.050000000000000044,1.0326797385620916,FALSE
2025-05-12,2025,20,Influenza,1.27,FALSE,5,2025,2024,2024/25,2024-07-01,46,1.27,2.1339999999999995,0,2.57,9,0,1,FALSE
2025-05-19,2025,21,Influenza,1.18,FALSE,5,2025,2024,2024/25,2024-07-01,47,0.92,2.0619999999999994,0,2.65,9,0.2599999999999999,1.2826086956521738,FALSE
2025-05-26,2025,22,Influenza,0.87,FALSE,5,2025,2024,2024/25,2024-07-01,48,0.59,1.226,0,1.37,9,0.28,1.4745762711864407,FALSE
2025-06-02,2025,23,Influenza,0.69,FALSE,6,2025,2024,2024/25,2024-07-01,49,0.69,1.8619999999999997,0,2.03,9,0,1,FALSE
2025-06-09,2025,24,Influenza,1.09,FALSE,6,2025,2024,2024/25,2024-07-01,50,0.53,1.4739999999999998,0,1.73,9,0.56,2.056603773584906,FALSE
2025-06-16,2025,25,Influenza,0.84,FALSE,6,2025,2024,2024/25,2024-07-01,51,0.52,1.0259999999999998,0,1.15,9,0.31999999999999995,1.6153846153846152,FALSE
2025-06-23,2025,26,Influenza,0.98,FALSE,6,2025,2024,2024/25,2024-07-01,52,0.47,1.004,0,1.02,9,0.51,2.0851063829787235,FALSE
2025-06-30,2025,27,Influenza,0.49,FALSE,6,2025,2024,2024/25,2024-07-01,53,0.245,0.46549999999999997,0,0.49,2,0.245,2,TRUE
2025-07-07,2025,28,Influenza,1.18,FALSE,7,2025,2025,2025/26,2025-07-01,1,0.68,1.5259999999999998,0,1.71,9,0.4999999999999999,1.7352941176470587,FALSE
2025-07-14,2025,29,Influenza,0.6,FALSE,7,2025,2025,2025/26,2025-07-01,2,0.6,1.244,0,1.26,9,0,1,FALSE
2025-07-21,2025,30,Influenza,0.88,FALSE,7,2025,2025,2025/26,2025-07-01,3,0.73,1.186,0,1.25,9,0.15000000000000002,1.2054794520547945,FALSE
2025-07-28,2025,31,Influenza,0.54,FALSE,7,2025,2025,2025/26,2025-07-01,4,0.54,0.9739999999999998,0,1.13,9,0,1,FALSE
2025-08-04,2025,32,Influenza,1.02,FALSE,8,2025,2025,2025/26,2025-07-01,5,0.81,1.286,0,1.31,9,0.20999999999999996,1.2592592592592593,FALSE
2025-08-11,2025,33,Influenza,0.97,FALSE,8,2025,2025,2025/26,2025-07-01,6,0.86,1.5859999999999996,0,1.91,9,0.10999999999999999,1.127906976744186,FALSE
2025-08-18,2025,34,Influenza,1.13,FALSE,8,2025,2025,2025/26,2025-07-01,7,0.88,1.678,0,1.85,9,0.2499999999999999,1.284090909090909,FALSE
2025-08-25,2025,35,Influenza,1.63,FALSE,8,2025,2025,2025/26,2025-07-01,8,0.58,2.1579999999999995,0,2.51,9,1.0499999999999998,2.810344827586207,FALSE
2025-09-01,2025,36,Influenza,0.99,FALSE,9,2025,2025,2025/26,2025-07-01,9,0.99,1.8939999999999997,0.04,2.27,9,0,1,FALSE
2025-09-08,2025,37,Influenza,1.32,FALSE,9,2025,2025,2025/26,2025-07-01,10,1.19,2.4739999999999998,0,2.51,9,0.13000000000000012,1.1092436974789917,FALSE
2025-09-15,2025,38,Influenza,1.33,FALSE,9,2025,2025,2025/26,2025-07-01,11,1.14,3.1999999999999997,0.09,3.44,9,0.19000000000000017,1.1666666666666667,FALSE
2025-09-22,2025,39,Influenza,2.72,FALSE,9,2025,2025,2025/26,2025-07-01,12,1.07,2.668,0.07,2.72,9,1.6500000000000001,2.542056074766355,TRUE
2025-09-29,2025,40,Influenza,4.81,FALSE,9,2025,2025,2025/26,2025-07-01,13,1.39,4.1419999999999995,0.19,4.81,9,3.42,3.460431654676259,TRUE
2025-10-06,2025,41,Influenza,6.66,FALSE,10,2025,2025,2025/26,2025-07-01,14,1.22,5.783999999999999,0.12,6.66,9,5.44,5.4590163934426235,TRUE
2025-10-13,2025,42,Influenza,7.53,FALSE,10,2025,2025,2025/26,2025-07-01,15,1.89,6.789999999999999,0.06,7.53,9,5.640000000000001,3.9841269841269846,TRUE
2025-10-20,2025,43,Influenza,9.47,FALSE,10,2025,2025,2025/26,2025-07-01,16,1.74,8.177999999999999,0,9.47,9,7.73,5.442528735632184,TRUE
2025-10-27,2025,44,Influenza,11.95,FALSE,10,2025,2025,2025/26,2025-07-01,17,1.32,10.209999999999997,0,11.95,9,10.629999999999999,9.053030303030303,TRUE
2025-11-03,2025,45,Influenza,12.87,FALSE,11,2025,2025,2025/26,2025-07-01,18,1.7,10.909999999999998,0.05,12.87,9,11.17,7.570588235294117,TRUE
2025-11-10,2025,46,Influenza,11.07,FALSE,11,2025,2025,2025/26,2025-07-01,19,2.51,10.37,0.05,11.07,9,8.56,4.410358565737052,TRUE
2025-11-17,2025,47,Influenza,10.5,FALSE,11,2025,2025,2025/26,2025-07-01,20,2.42,10.188,0.26,10.5,9,8.08,4.338842975206612,TRUE
2025-11-24,2025,48,Influenza,15.63,FALSE,11,2025,2025,2025/26,2025-07-01,21,3.42,15.45,0.17,15.63,9,12.21,4.5701754385964914,TRUE
2025-12-01,2025,49,Influenza,21.44,FALSE,12,2025,2025,2025/26,2025-07-01,22,3.77,19.668,0.09,21.44,9,17.67,5.687002652519894,TRUE
2025-12-08,2025,50,Influenza,19.79,FALSE,12,2025,2025,2025/26,2025-07-01,23,7.44,21.735999999999997,0.06,22.74,9,12.349999999999998,2.6599462365591395,FALSE
2025-12-15,2025,51,Influenza,17.46,FALSE,12,2025,2025,2025/26,2025-07-01,24,9.78,25.955999999999996,0.16,29.18,9,7.6800000000000015,1.785276073619632,FALSE
2025-12-22,2025,52,Influenza,15.07,FALSE,12,2025,2025,2025/26,2025-07-01,25,15.07,28.611999999999995,0.06,32.64,9,0,1,FALSE
2025-12-29,2025,1,Influenza,14.5,FALSE,12,2025,2025,2025/26,2025-07-01,26,17.3,27.476,0,28.02,9,-2.8000000000000007,0.838150289017341,FALSE
2026-01-05,2026,2,Influenza,12.89,FALSE,1,2026,2025,2025/26,2025-07-01,27,14.67,24.502,0.04,25.57,9,-1.7799999999999994,0.8786639400136333,FALSE
2026-01-12,2026,3,Influenza,11.48,FALSE,1,2026,2025,2025/26,2025-07-01,28,11.48,23.571999999999996,0.04,25.36,9,0,1,FALSE
2026-01-19,2026,4,Influenza,9.16,FALSE,1,2026,2025,2025/26,2025-07-01,29,9.22,22.962,0,24.05,9,-0.0600000000000005,0.9934924078091105,FALSE
2026-01-26,2026,5,Influenza,7.18,FALSE,1,2026,2025,2025/26,2025-07-01,30,7.18,24.088,0,24.52,9,0,1,FALSE
2026-02-02,2026,6,Influenza,5.26,FALSE,2,2026,2025,2025/26,2025-07-01,31,7.85,24.534,0,25.51,9,-2.59,0.6700636942675159,FALSE
2026-02-09,2026,7,Influenza,3.96,FALSE,2,2026,2025,2025/26,2025-07-01,32,5.73,25.715999999999998,0,28.12,9,-1.7700000000000005,0.6910994764397905,FALSE
2026-02-16,2026,8,Influenza,3,FALSE,2,2026,2025,2025/26,2025-07-01,33,6.71,26.336000000000002,0,26.6,9,-3.71,0.44709388971684055,FALSE
2026-02-23,2026,9,Influenza,2.32,FALSE,2,2026,2025,2025/26,2025-07-01,34,6.45,24.028,0.02,25.58,9,-4.130000000000001,0.3596899224806201,FALSE
2026-03-02,2026,10,Influenza,1.65,FALSE,3,2026,2025,2025/26,2025-07-01,35,5.88,20.169999999999998,0,23.25,9,-4.23,0.28061224489795916,FALSE
2026-03-09,2026,11,Influenza,1.52,FALSE,3,2026,2025,2025/26,2025-07-01,36,5.49,17.795999999999996,0,22.06,9,-3.97,0.2768670309653916,FALSE
2026-03-16,2026,12,Influenza,1.41,FALSE,3,2026,2025,2025/26,2025-07-01,37,3.86,15.729999999999997,0.02,18.65,9,-2.45,0.3652849740932642,FALSE
2026-03-23,2026,13,Influenza,1.3,FALSE,3,2026,2025,2025/26,2025-07-01,38,4.34,13.711999999999998,0.03,15.92,9,-3.04,0.2995391705069125,FALSE
2026-03-30,2026,14,Influenza,1.02,FALSE,3,2026,2025,2025/26,2025-07-01,39,3.81,13.641999999999998,0.05,16.55,9,-2.79,0.2677165354330709,FALSE
2026-04-06,2026,15,Influenza,1.24,FALSE,4,2026,2025,2025/26,2025-07-01,40,3.74,12.025999999999998,0.03,15.13,9,-2.5,0.3315508021390374,FALSE
2026-04-13,2026,16,Influenza,0.78,FALSE,4,2026,2025,2025/26,2025-07-01,41,2.71,8.75,0.09,9.77,9,-1.93,0.2878228782287823,FALSE
2026-04-20,2026,17,Influenza,0.95,FALSE,4,2026,2025,2025/26,2025-07-01,42,2.48,6.2379999999999995,0,6.47,9,-1.53,0.38306451612903225,FALSE
2026-04-27,2026,18,Influenza,0.56,FALSE,4,2026,2025,2025/26,2025-07-01,43,2.02,4.4879999999999995,0,5.54,9,-1.46,0.27722772277227725,FALSE
2026-05-04,2026,19,Influenza,1.19,FALSE,5,2026,2025,2025/26,2025-07-01,44,1.58,3.2439999999999998,0,3.74,9,-0.3900000000000001,0.7531645569620252,FALSE
2026-05-11,2026,20,Influenza,1.05,FALSE,5,2026,2025,2025/26,2025-07-01,45,1.53,3.102,0,3.45,9,-0.48,0.6862745098039216,FALSE
2026-05-18,2026,21,Influenza,0.97,FALSE,5,2026,2025,2025/26,2025-07-01,46,1.27,2.1339999999999995,0,2.57,9,-0.30000000000000004,0.7637795275590551,FALSE
2026-05-25,2026,22,Influenza,0.92,FALSE,5,2026,2025,2025/26,2025-07-01,47,0.92,2.0619999999999994,0,2.65,9,0,1,FALSE
2026-06-01,2026,23,Influenza,0.41,FALSE,6,2026,2025,2025/26,2025-07-01,48,0.59,1.226,0,1.37,9,-0.18,0.6949152542372882,FALSE
2026-06-08,2026,24,Influenza,0.82,FALSE,6,2026,2025,2025/26,2025-07-01,49,0.69,1.8619999999999997,0,2.03,9,0.13,1.1884057971014492,FALSE
2026-06-15,2026,25,Influenza,0.45,FALSE,6,2026,2025,2025/26,2025-07-01,50,0.53,1.4739999999999998,0,1.73,9,-0.08000000000000002,0.8490566037735849,FALSE
2026-06-22,2026,26,Influenza,0.41,FALSE,6,2026,2025,2025/26,2025-07-01,51,0.52,1.0259999999999998,0,1.15,9,-0.11000000000000004,0.7884615384615384,FALSE
2026-06-29,2026,27,Influenza,0.34,FALSE,6,2026,2025,2025/26,2025-07-01,52,0.47,1.004,0,1.02,9,-0.12999999999999995,0.723404255319149,FALSE
2026-07-06,2026,28,Influenza,0.79,FALSE,7,2026,2026,2026/27,2026-07-01,1,0.68,1.5259999999999998,0,1.71,9,0.10999999999999999,1.1617647058823528,FALSE
2026-07-13,2026,29,Influenza,0.78,FALSE,7,2026,2026,2026/27,2026-07-01,2,0.6,1.244,0,1.26,9,0.18000000000000005,1.3,FALSE
2026-07-20,2026,30,Influenza,0.45,FALSE,7,2026,2026,2026/27,2026-07-01,3,0.73,1.186,0,1.25,9,-0.27999999999999997,0.6164383561643836,FALSE
2026-07-27,2026,31,Influenza,0.81,FALSE,7,2026,2026,2026/27,2026-07-01,4,0.54,0.9739999999999998,0,1.13,9,0.27,1.5,FALSE
2026-08-03,2026,32,Influenza,1.08,FALSE,8,2026,2026,2026/27,2026-07-01,5,0.81,1.286,0,1.31,9,0.27,1.3333333333333333,FALSE
2026-08-10,2026,33,Influenza,1.62,FALSE,8,2026,2026,2026/27,2026-07-01,6,0.86,1.5859999999999996,0,1.91,9,0.7600000000000001,1.8837209302325584,TRUE
2026-08-17,2026,34,Influenza,2.22,FALSE,8,2026,2026,2026/27,2026-07-01,7,0.88,1.678,0,1.85,9,1.3400000000000003,2.522727272727273,TRUE
2026-08-24,2026,35,Influenza,2.35,FALSE,8,2026,2026,2026/27,2026-07-01,8,0.58,2.1579999999999995,0,2.51,9,1.77,4.051724137931035,TRUE
2026-08-31,2026,36,Influenza,2.47,FALSE,8,2026,2026,2026/27,2026-07-01,9,0.99,1.8939999999999997,0.04,2.27,9,1.4800000000000002,2.4949494949494953,TRUE
2026-09-07,2026,37,Influenza,3.45,FALSE,9,2026,2026,2026/27,2026-07-01,10,1.19,2.4739999999999998,0,2.51,9,2.2600000000000002,2.8991596638655466,TRUE
2026-09-14,2026,38,Influenza,3.74,FALSE,9,2026,2026,2026/27,2026-07-01,11,1.14,3.1999999999999997,0.09,3.44,9,2.6000000000000005,3.2807017543859653,TRUE
2017-07-03,2017,27,Parainfluenza,3.15,FALSE,7,2017,2017,2017/18,2017-07-01,1,3.45,7.211999999999998,0.39,8.7,9,-0.30000000000000027,0.9130434782608695,FALSE
2017-07-10,2017,28,Parainfluenza,3.28,FALSE,7,2017,2017,2017/18,2017-07-01,2,3.41,5.937999999999999,0.13,6.35,9,-0.13000000000000034,0.9618768328445747,FALSE
2017-07-17,2017,29,Parainfluenza,3.34,FALSE,7,2017,2017,2017/18,2017-07-01,3,3.38,4.392,0.13,4.4,9,-0.040000000000000036,0.9881656804733727,FALSE
2017-07-24,2017,30,Parainfluenza,4.14,FALSE,7,2017,2017,2017/18,2017-07-01,4,3.01,5.022,0,5.09,9,1.13,1.3754152823920265,FALSE
2017-07-31,2017,31,Parainfluenza,4.01,FALSE,7,2017,2017,2017/18,2017-07-01,5,2.7,3.9499999999999997,0,4.01,9,1.3099999999999996,1.485185185185185,TRUE
2017-08-07,2017,32,Parainfluenza,4.6,FALSE,8,2017,2017,2017/18,2017-07-01,6,2.66,4.4319999999999995,0,4.6,9,1.9399999999999995,1.7293233082706765,TRUE
2017-08-14,2017,33,Parainfluenza,3.94,FALSE,8,2017,2017,2017/18,2017-07-01,7,1.92,3.776,0,3.94,9,2.02,2.0520833333333335,TRUE
2017-08-21,2017,34,Parainfluenza,3.72,FALSE,8,2017,2017,2017/18,2017-07-01,8,1.9,3.81,0,3.87,9,1.8200000000000003,1.9578947368421054,FALSE
2017-08-28,2017,35,Parainfluenza,4.47,FALSE,8,2017,2017,2017/18,2017-07-01,9,1.71,4.353999999999999,0,4.47,9,2.76,2.614035087719298,TRUE
2017-09-04,2017,36,Parainfluenza,3.94,FALSE,9,2017,2017,2017/18,2017-07-01,10,1.45,3.7439999999999998,0,3.94,9,2.49,2.717241379310345,TRUE
2017-09-11,2017,37,Parainfluenza,4.08,FALSE,9,2017,2017,2017/18,2017-07-01,11,1.7,4.4159999999999995,0.06,4.64,9,2.38,2.4,FALSE
2017-09-18,2017,38,Parainfluenza,4.89,FALSE,9,2017,2017,2017/18,2017-07-01,12,1.52,4.622,0.17,4.89,9,3.3699999999999997,3.2171052631578947,TRUE
2017-09-25,2017,39,Parainfluenza,5.04,FALSE,9,2017,2017,2017/18,2017-07-01,13,1.61,4.852,0,5.04,9,3.4299999999999997,3.1304347826086953,TRUE
2017-10-02,2017,40,Parainfluenza,5.32,FALSE,10,2017,2017,2017/18,2017-07-01,14,1.89,4.884,0,5.32,9,3.4300000000000006,2.8148148148148153,TRUE
2017-10-09,2017,41,Parainfluenza,5.79,FALSE,10,2017,2017,2017/18,2017-07-01,15,2.2,5.402,0,5.79,9,3.59,2.631818181818182,TRUE
2017-10-16,2017,42,Parainfluenza,6.56,FALSE,10,2017,2017,2017/18,2017-07-01,16,2.28,5.831999999999999,0.1,6.56,9,4.279999999999999,2.8771929824561404,TRUE
2017-10-23,2017,43,Parainfluenza,6.96,FALSE,10,2017,2017,2017/18,2017-07-01,17,2.81,5.751999999999999,0,6.96,9,4.15,2.4768683274021353,TRUE
2017-10-30,2017,44,Parainfluenza,5.78,FALSE,10,2017,2017,2017/18,2017-07-01,18,2.68,5.52,0,5.78,9,3.1,2.156716417910448,TRUE
2017-11-06,2017,45,Parainfluenza,6.47,FALSE,11,2017,2017,2017/18,2017-07-01,19,2.77,5.701999999999999,0.18,6.47,9,3.6999999999999997,2.335740072202166,TRUE
2017-11-13,2017,46,Parainfluenza,4.93,FALSE,11,2017,2017,2017/18,2017-07-01,20,1.91,4.902,0.38,4.93,9,3.0199999999999996,2.581151832460733,TRUE
2017-11-20,2017,47,Parainfluenza,4.74,FALSE,11,2017,2017,2017/18,2017-07-01,21,2.66,4.484,0.08,4.74,9,2.08,1.781954887218045,TRUE
2017-11-27,2017,48,Parainfluenza,3.08,FALSE,11,2017,2017,2017/18,2017-07-01,22,2.27,3.488,0.07,3.74,9,0.81,1.3568281938325992,FALSE
2017-12-04,2017,49,Parainfluenza,2.42,FALSE,12,2017,2017,2017/18,2017-07-01,23,2.32,3.4179999999999997,0,3.65,9,0.10000000000000009,1.043103448275862,FALSE
2017-12-11,2017,50,Parainfluenza,3.05,FALSE,12,2017,2017,2017/18,2017-07-01,24,2.11,3.1879999999999997,0.15,3.28,9,0.94,1.4454976303317535,FALSE
2017-12-18,2017,51,Parainfluenza,2.54,FALSE,12,2017,2017,2017/18,2017-07-01,25,2.31,2.752,0.2,2.88,9,0.22999999999999998,1.0995670995670996,FALSE
2017-12-25,2017,52,Parainfluenza,2.32,FALSE,12,2017,2017,2017/18,2017-07-01,26,2.29,2.9379999999999997,0.09,3.25,9,0.029999999999999805,1.0131004366812226,FALSE
2018-01-01,2018,1,Parainfluenza,1.77,FALSE,1,2018,2017,2017/18,2017-07-01,27,1.72,2.956,0.25,3.04,9,0.050000000000000044,1.0290697674418605,FALSE
2018-01-08,2018,2,Parainfluenza,1.72,FALSE,1,2018,2017,2017/18,2017-07-01,28,1.93,2.668,0.09,2.7,9,-0.20999999999999996,0.8911917098445596,FALSE
2018-01-15,2018,3,Parainfluenza,1.48,FALSE,1,2018,2017,2017/18,2017-07-01,29,1.48,2.628,0.07,2.68,9,0,1,FALSE
2018-01-22,2018,4,Parainfluenza,1,FALSE,1,2018,2017,2017/18,2017-07-01,30,1.14,2.6319999999999997,0,2.9,9,-0.1399999999999999,0.8771929824561404,FALSE
2018-01-29,2018,5,Parainfluenza,0.86,FALSE,1,2018,2017,2017/18,2017-07-01,31,1.37,2.478,0.07,2.49,9,-0.5100000000000001,0.6277372262773722,FALSE
2018-02-05,2018,6,Parainfluenza,1.21,FALSE,2,2018,2017,2017/18,2017-07-01,32,1.39,3.106,0.15,3.25,9,-0.17999999999999994,0.8705035971223022,FALSE
2018-02-12,2018,7,Parainfluenza,1.49,FALSE,2,2018,2017,2017/18,2017-07-01,33,1.49,3.6039999999999996,0.08,3.84,9,0,1,FALSE
2018-02-19,2018,8,Parainfluenza,1.28,FALSE,2,2018,2017,2017/18,2017-07-01,34,1.89,3.806,0,3.91,9,-0.6099999999999999,0.6772486772486773,FALSE
2018-02-26,2018,9,Parainfluenza,1.11,FALSE,2,2018,2017,2017/18,2017-07-01,35,1.78,4.55,0.08,5.07,9,-0.6699999999999999,0.6235955056179776,FALSE
2018-03-05,2018,10,Parainfluenza,2.35,FALSE,3,2018,2017,2017/18,2017-07-01,36,2.86,5.079999999999999,0.09,5.76,9,-0.5099999999999998,0.8216783216783218,FALSE
2018-03-12,2018,11,Parainfluenza,2.75,FALSE,3,2018,2017,2017/18,2017-07-01,37,3.17,6.741999999999999,0.24,7.55,9,-0.41999999999999993,0.8675078864353313,FALSE
2018-03-19,2018,12,Parainfluenza,2.81,FALSE,3,2018,2017,2017/18,2017-07-01,38,3.38,6.346,0.17,6.73,9,-0.5699999999999998,0.8313609467455622,FALSE
2018-03-26,2018,13,Parainfluenza,3.24,FALSE,3,2018,2017,2017/18,2017-07-01,39,3.61,6.986,0.89,7.15,9,-0.36999999999999966,0.8975069252077563,FALSE
2018-04-02,2018,14,Parainfluenza,3.94,FALSE,4,2018,2017,2017/18,2017-07-01,40,3.49,7.441999999999999,0.09,7.75,9,0.44999999999999973,1.1289398280802292,FALSE
2018-04-09,2018,15,Parainfluenza,5.78,FALSE,4,2018,2017,2017/18,2017-07-01,41,4.44,7.048,0.19,7.3,9,1.3399999999999999,1.3018018018018018,FALSE
2018-04-16,2018,16,Parainfluenza,5.74,FALSE,4,2018,2017,2017/18,2017-07-01,42,4.95,6.714,0.25,6.77,9,0.79,1.1595959595959595,FALSE
2018-04-23,2018,17,Parainfluenza,7.44,FALSE,4,2018,2017,2017/18,2017-07-01,43,4.46,7.938,0.55,8.27,9,2.9800000000000004,1.6681614349775786,FALSE
2018-04-30,2018,18,Parainfluenza,7.43,FALSE,4,2018,2017,2017/18,2017-07-01,44,4.07,8.228,0.24,8.76,9,3.3599999999999994,1.8255528255528253,FALSE
2018-05-07,2018,19,Parainfluenza,8.42,FALSE,5,2018,2017,2017/18,2017-07-01,45,4.41,8.304,0.21,8.42,9,4.01,1.909297052154195,TRUE
2018-05-14,2018,20,Parainfluenza,7.05,FALSE,5,2018,2017,2017/18,2017-07-01,46,5.4,6.79,0.22,7.05,9,1.6499999999999995,1.3055555555555554,TRUE
2018-05-21,2018,21,Parainfluenza,8.72,FALSE,5,2018,2017,2017/18,2017-07-01,47,4.99,9.734,0.41,10.41,9,3.7300000000000004,1.74749498997996,FALSE
2018-05-28,2018,22,Parainfluenza,8.78,FALSE,5,2018,2017,2017/18,2017-07-01,48,4.91,11.977999999999996,0.12,14.11,9,3.869999999999999,1.7881873727087574,FALSE
2018-06-04,2018,23,Parainfluenza,7.39,FALSE,6,2018,2017,2017/18,2017-07-01,49,4.54,8.967999999999998,0.21,10.02,9,2.8499999999999996,1.6277533039647576,FALSE
2018-06-11,2018,24,Parainfluenza,7.32,FALSE,6,2018,2017,2017/18,2017-07-01,50,3.47,9.072,0.1,10.24,9,3.85,2.1095100864553316,FALSE
2018-06-18,2018,25,Parainfluenza,5.67,FALSE,6,2018,2017,2017/18,2017-07-01,51,3.4,8.545999999999998,0.25,10.45,9,2.27,1.6676470588235295,FALSE
2018-06-25,2018,26,Parainfluenza,6.67,FALSE,6,2018,2017,2017/18,2017-07-01,52,3.41,8.062,0.14,8.99,9,3.26,1.9560117302052784,FALSE
2018-07-02,2018,27,Parainfluenza,4.98,FALSE,7,2018,2018,2018/19,2018-07-01,1,3.45,7.211999999999998,0.39,8.7,9,1.5300000000000002,1.4434782608695653,FALSE
2018-07-09,2018,28,Parainfluenza,5.32,FALSE,7,2018,2018,2018/19,2018-07-01,2,3.41,5.937999999999999,0.13,6.35,9,1.9100000000000001,1.5601173020527859,FALSE
2018-07-16,2018,29,Parainfluenza,3.38,FALSE,7,2018,2018,2018/19,2018-07-01,3,3.38,4.392,0.13,4.4,9,0,1,FALSE
2018-07-23,2018,30,Parainfluenza,5.09,FALSE,7,2018,2018,2018/19,2018-07-01,4,3.01,5.022,0,5.09,9,2.08,1.691029900332226,TRUE
2018-07-30,2018,31,Parainfluenza,3.62,FALSE,7,2018,2018,2018/19,2018-07-01,5,2.7,3.9499999999999997,0,4.01,9,0.9199999999999999,1.3407407407407408,FALSE
2018-08-06,2018,32,Parainfluenza,4.18,FALSE,8,2018,2018,2018/19,2018-07-01,6,2.66,4.4319999999999995,0,4.6,9,1.5199999999999996,1.5714285714285712,FALSE
2018-08-13,2018,33,Parainfluenza,3.53,FALSE,8,2018,2018,2018/19,2018-07-01,7,1.92,3.776,0,3.94,9,1.6099999999999999,1.8385416666666667,FALSE
2018-08-20,2018,34,Parainfluenza,3.23,FALSE,8,2018,2018,2018/19,2018-07-01,8,1.9,3.81,0,3.87,9,1.33,1.7000000000000002,FALSE
2018-08-27,2018,35,Parainfluenza,2.05,FALSE,8,2018,2018,2018/19,2018-07-01,9,1.71,4.353999999999999,0,4.47,9,0.33999999999999986,1.198830409356725,FALSE
2018-09-03,2018,36,Parainfluenza,2.67,FALSE,9,2018,2018,2018/19,2018-07-01,10,1.45,3.7439999999999998,0,3.94,9,1.22,1.8413793103448275,FALSE
2018-09-10,2018,37,Parainfluenza,2.82,FALSE,9,2018,2018,2018/19,2018-07-01,11,1.7,4.4159999999999995,0.06,4.64,9,1.1199999999999999,1.6588235294117646,FALSE
2018-09-17,2018,38,Parainfluenza,1.88,FALSE,9,2018,2018,2018/19,2018-07-01,12,1.52,4.622,0.17,4.89,9,0.3599999999999999,1.2368421052631577,FALSE
2018-09-24,2018,39,Parainfluenza,2.04,FALSE,9,2018,2018,2018/19,2018-07-01,13,1.61,4.852,0,5.04,9,0.42999999999999994,1.2670807453416149,FALSE
2018-10-01,2018,40,Parainfluenza,2.72,FALSE,10,2018,2018,2018/19,2018-07-01,14,1.89,4.884,0,5.32,9,0.8300000000000003,1.4391534391534393,FALSE
2018-10-08,2018,41,Parainfluenza,2.2,FALSE,10,2018,2018,2018/19,2018-07-01,15,2.2,5.402,0,5.79,9,0,1,FALSE
2018-10-15,2018,42,Parainfluenza,2.26,FALSE,10,2018,2018,2018/19,2018-07-01,16,2.28,5.831999999999999,0.1,6.56,9,-0.020000000000000018,0.9912280701754386,FALSE
2018-10-22,2018,43,Parainfluenza,3.03,FALSE,10,2018,2018,2018/19,2018-07-01,17,2.81,5.751999999999999,0,6.96,9,0.21999999999999975,1.0782918149466192,FALSE
2018-10-29,2018,44,Parainfluenza,3.05,FALSE,10,2018,2018,2018/19,2018-07-01,18,2.68,5.52,0,5.78,9,0.36999999999999966,1.138059701492537,FALSE
2018-11-05,2018,45,Parainfluenza,2.77,FALSE,11,2018,2018,2018/19,2018-07-01,19,2.77,5.701999999999999,0.18,6.47,9,0,1,FALSE
2018-11-12,2018,46,Parainfluenza,1.91,FALSE,11,2018,2018,2018/19,2018-07-01,20,1.91,4.902,0.38,4.93,9,0,1,FALSE
2018-11-19,2018,47,Parainfluenza,2.66,FALSE,11,2018,2018,2018/19,2018-07-01,21,2.66,4.484,0.08,4.74,9,0,1,FALSE
2018-11-26,2018,48,Parainfluenza,2.27,FALSE,11,2018,2018,2018/19,2018-07-01,22,2.27,3.488,0.07,3.74,9,0,1,FALSE
2018-12-03,2018,49,Parainfluenza,3.07,FALSE,12,2018,2018,2018/19,2018-07-01,23,2.32,3.4179999999999997,0,3.65,9,0.75,1.3232758620689655,FALSE
2018-12-10,2018,50,Parainfluenza,2.11,FALSE,12,2018,2018,2018/19,2018-07-01,24,2.11,3.1879999999999997,0.15,3.28,9,0,1,FALSE
2018-12-17,2018,51,Parainfluenza,2.49,FALSE,12,2018,2018,2018/19,2018-07-01,25,2.31,2.752,0.2,2.88,9,0.18000000000000016,1.077922077922078,FALSE
2018-12-24,2018,52,Parainfluenza,2.39,FALSE,12,2018,2018,2018/19,2018-07-01,26,2.29,2.9379999999999997,0.09,3.25,9,0.10000000000000009,1.0436681222707425,FALSE
2018-12-31,2018,1,Parainfluenza,2.6,FALSE,12,2018,2018,2018/19,2018-07-01,27,1.72,2.956,0.25,3.04,9,0.8800000000000001,1.5116279069767442,FALSE
2019-01-07,2019,2,Parainfluenza,2.18,FALSE,1,2019,2018,2018/19,2018-07-01,28,1.93,2.668,0.09,2.7,9,0.2500000000000002,1.1295336787564767,FALSE
2019-01-14,2019,3,Parainfluenza,2.02,FALSE,1,2019,2018,2018/19,2018-07-01,29,1.48,2.628,0.07,2.68,9,0.54,1.364864864864865,FALSE
2019-01-21,2019,4,Parainfluenza,2.14,FALSE,1,2019,2018,2018/19,2018-07-01,30,1.14,2.6319999999999997,0,2.9,9,1.0000000000000002,1.8771929824561406,FALSE
2019-01-28,2019,5,Parainfluenza,2.36,FALSE,1,2019,2018,2018/19,2018-07-01,31,1.37,2.478,0.07,2.49,9,0.9899999999999998,1.722627737226277,FALSE
2019-02-04,2019,6,Parainfluenza,2.89,FALSE,2,2019,2018,2018/19,2018-07-01,32,1.39,3.106,0.15,3.25,9,1.5000000000000002,2.0791366906474824,FALSE
2019-02-11,2019,7,Parainfluenza,3.25,FALSE,2,2019,2018,2018/19,2018-07-01,33,1.49,3.6039999999999996,0.08,3.84,9,1.76,2.1812080536912752,FALSE
2019-02-18,2019,8,Parainfluenza,3.65,FALSE,2,2019,2018,2018/19,2018-07-01,34,1.89,3.806,0,3.91,9,1.76,1.9312169312169312,FALSE
2019-02-25,2019,9,Parainfluenza,3.77,FALSE,2,2019,2018,2018/19,2018-07-01,35,1.78,4.55,0.08,5.07,9,1.99,2.1179775280898876,FALSE
2019-03-04,2019,10,Parainfluenza,4.06,FALSE,3,2019,2018,2018/19,2018-07-01,36,2.86,5.079999999999999,0.09,5.76,9,1.1999999999999997,1.4195804195804196,FALSE
2019-03-11,2019,11,Parainfluenza,5.16,FALSE,3,2019,2018,2018/19,2018-07-01,37,3.17,6.741999999999999,0.24,7.55,9,1.9900000000000002,1.6277602523659307,FALSE
2019-03-18,2019,12,Parainfluenza,5.77,FALSE,3,2019,2018,2018/19,2018-07-01,38,3.38,6.346,0.17,6.73,9,2.3899999999999997,1.7071005917159763,FALSE
2019-03-25,2019,13,Parainfluenza,6.74,FALSE,3,2019,2018,2018/19,2018-07-01,39,3.61,6.986,0.89,7.15,9,3.1300000000000003,1.8670360110803326,FALSE
2019-04-01,2019,14,Parainfluenza,6.98,FALSE,4,2019,2018,2018/19,2018-07-01,40,3.49,7.441999999999999,0.09,7.75,9,3.49,2,FALSE
2019-04-08,2019,15,Parainfluenza,7.3,FALSE,4,2019,2018,2018/19,2018-07-01,41,4.44,7.048,0.19,7.3,9,2.8599999999999994,1.644144144144144,TRUE
2019-04-15,2019,16,Parainfluenza,6.77,FALSE,4,2019,2018,2018/19,2018-07-01,42,4.95,6.714,0.25,6.77,9,1.8199999999999994,1.3676767676767676,TRUE
2019-04-22,2019,17,Parainfluenza,8.27,FALSE,4,2019,2018,2018/19,2018-07-01,43,4.46,7.938,0.55,8.27,9,3.8099999999999996,1.8542600896860986,TRUE
2019-04-29,2019,18,Parainfluenza,8.76,FALSE,4,2019,2018,2018/19,2018-07-01,44,4.07,8.228,0.24,8.76,9,4.6899999999999995,2.152334152334152,TRUE
2019-05-06,2019,19,Parainfluenza,8.13,FALSE,5,2019,2018,2018/19,2018-07-01,45,4.41,8.304,0.21,8.42,9,3.7200000000000006,1.8435374149659864,FALSE
2019-05-13,2019,20,Parainfluenza,6.39,FALSE,5,2019,2018,2018/19,2018-07-01,46,5.4,6.79,0.22,7.05,9,0.9899999999999993,1.1833333333333331,FALSE
2019-05-20,2019,21,Parainfluenza,7.73,FALSE,5,2019,2018,2018/19,2018-07-01,47,4.99,9.734,0.41,10.41,9,2.74,1.5490981963927857,FALSE
2019-05-27,2019,22,Parainfluenza,6.4,FALSE,5,2019,2018,2018/19,2018-07-01,48,4.91,11.977999999999996,0.12,14.11,9,1.4900000000000002,1.3034623217922607,FALSE
2019-06-03,2019,23,Parainfluenza,5.04,FALSE,6,2019,2018,2018/19,2018-07-01,49,4.54,8.967999999999998,0.21,10.02,9,0.5,1.1101321585903083,FALSE
2019-06-10,2019,24,Parainfluenza,3.47,FALSE,6,2019,2018,2018/19,2018-07-01,50,3.47,9.072,0.1,10.24,9,0,1,FALSE
2019-06-17,2019,25,Parainfluenza,5.69,FALSE,6,2019,2018,2018/19,2018-07-01,51,3.4,8.545999999999998,0.25,10.45,9,2.2900000000000005,1.673529411764706,FALSE
2019-06-24,2019,26,Parainfluenza,4.65,FALSE,6,2019,2018,2018/19,2018-07-01,52,3.41,8.062,0.14,8.99,9,1.2400000000000002,1.3636363636363638,FALSE
2019-07-01,2019,27,Parainfluenza,4.62,FALSE,7,2019,2019,2019/20,2019-07-01,1,3.45,7.211999999999998,0.39,8.7,9,1.17,1.3391304347826087,FALSE
2019-07-08,2019,28,Parainfluenza,3.41,FALSE,7,2019,2019,2019/20,2019-07-01,2,3.41,5.937999999999999,0.13,6.35,9,0,1,FALSE
2019-07-15,2019,29,Parainfluenza,4.34,FALSE,7,2019,2019,2019/20,2019-07-01,3,3.38,4.392,0.13,4.4,9,0.96,1.2840236686390532,FALSE
2019-07-22,2019,30,Parainfluenza,4.92,FALSE,7,2019,2019,2019/20,2019-07-01,4,3.01,5.022,0,5.09,9,1.9100000000000001,1.6345514950166113,FALSE
2019-07-29,2019,31,Parainfluenza,3.86,FALSE,7,2019,2019,2019/20,2019-07-01,5,2.7,3.9499999999999997,0,4.01,9,1.1599999999999997,1.4296296296296296,FALSE
2019-08-05,2019,32,Parainfluenza,4.15,FALSE,8,2019,2019,2019/20,2019-07-01,6,2.66,4.4319999999999995,0,4.6,9,1.4900000000000002,1.5601503759398496,FALSE
2019-08-12,2019,33,Parainfluenza,3.14,FALSE,8,2019,2019,2019/20,2019-07-01,7,1.92,3.776,0,3.94,9,1.2200000000000002,1.6354166666666667,FALSE
2019-08-19,2019,34,Parainfluenza,3.87,FALSE,8,2019,2019,2019/20,2019-07-01,8,1.9,3.81,0,3.87,9,1.9700000000000002,2.0368421052631582,TRUE
2019-08-26,2019,35,Parainfluenza,4.18,FALSE,8,2019,2019,2019/20,2019-07-01,9,1.71,4.353999999999999,0,4.47,9,2.4699999999999998,2.444444444444444,FALSE
2019-09-02,2019,36,Parainfluenza,3.45,FALSE,9,2019,2019,2019/20,2019-07-01,10,1.45,3.7439999999999998,0,3.94,9,2,2.3793103448275863,FALSE
2019-09-09,2019,37,Parainfluenza,4.64,FALSE,9,2019,2019,2019/20,2019-07-01,11,1.7,4.4159999999999995,0.06,4.64,9,2.9399999999999995,2.7294117647058824,TRUE
2019-09-16,2019,38,Parainfluenza,4.22,FALSE,9,2019,2019,2019/20,2019-07-01,12,1.52,4.622,0.17,4.89,9,2.6999999999999997,2.776315789473684,FALSE
2019-09-23,2019,39,Parainfluenza,4.57,FALSE,9,2019,2019,2019/20,2019-07-01,13,1.61,4.852,0,5.04,9,2.96,2.8385093167701863,FALSE
2019-09-30,2019,40,Parainfluenza,4.23,FALSE,9,2019,2019,2019/20,2019-07-01,14,1.89,4.884,0,5.32,9,2.3400000000000007,2.2380952380952386,FALSE
2019-10-07,2019,41,Parainfluenza,4.82,FALSE,10,2019,2019,2019/20,2019-07-01,15,2.2,5.402,0,5.79,9,2.62,2.190909090909091,FALSE
2019-10-14,2019,42,Parainfluenza,4.74,FALSE,10,2019,2019,2019/20,2019-07-01,16,2.28,5.831999999999999,0.1,6.56,9,2.4600000000000004,2.078947368421053,FALSE
2019-10-21,2019,43,Parainfluenza,3.94,FALSE,10,2019,2019,2019/20,2019-07-01,17,2.81,5.751999999999999,0,6.96,9,1.13,1.402135231316726,FALSE
2019-10-28,2019,44,Parainfluenza,5.13,FALSE,10,2019,2019,2019/20,2019-07-01,18,2.68,5.52,0,5.78,9,2.4499999999999997,1.9141791044776117,FALSE
2019-11-04,2019,45,Parainfluenza,4.55,FALSE,11,2019,2019,2019/20,2019-07-01,19,2.77,5.701999999999999,0.18,6.47,9,1.7799999999999998,1.6425992779783394,FALSE
2019-11-11,2019,46,Parainfluenza,4.86,FALSE,11,2019,2019,2019/20,2019-07-01,20,1.91,4.902,0.38,4.93,9,2.95,2.5445026178010473,FALSE
2019-11-18,2019,47,Parainfluenza,4.1,FALSE,11,2019,2019,2019/20,2019-07-01,21,2.66,4.484,0.08,4.74,9,1.4399999999999995,1.5413533834586464,FALSE
2019-11-25,2019,48,Parainfluenza,3.74,FALSE,11,2019,2019,2019/20,2019-07-01,22,2.27,3.488,0.07,3.74,9,1.4700000000000002,1.6475770925110134,TRUE
2019-12-02,2019,49,Parainfluenza,3.65,FALSE,12,2019,2019,2019/20,2019-07-01,23,2.32,3.4179999999999997,0,3.65,9,1.33,1.5732758620689655,TRUE
2019-12-09,2019,50,Parainfluenza,3.28,FALSE,12,2019,2019,2019/20,2019-07-01,24,2.11,3.1879999999999997,0.15,3.28,9,1.17,1.5545023696682465,TRUE
2019-12-16,2019,51,Parainfluenza,2.31,FALSE,12,2019,2019,2019/20,2019-07-01,25,2.31,2.752,0.2,2.88,9,0,1,FALSE
2019-12-23,2019,52,Parainfluenza,2.47,FALSE,12,2019,2019,2019/20,2019-07-01,26,2.29,2.9379999999999997,0.09,3.25,9,0.18000000000000016,1.0786026200873362,FALSE
2019-12-30,2019,1,Parainfluenza,1.72,FALSE,12,2019,2019,2019/20,2019-07-01,27,1.72,2.956,0.25,3.04,9,0,1,FALSE
2020-01-06,2020,2,Parainfluenza,2.03,FALSE,1,2020,2019,2019/20,2019-07-01,28,1.93,2.668,0.09,2.7,9,0.09999999999999987,1.0518134715025906,FALSE
2020-01-13,2020,3,Parainfluenza,1.95,FALSE,1,2020,2019,2019/20,2019-07-01,29,1.48,2.628,0.07,2.68,9,0.47,1.3175675675675675,FALSE
2020-01-20,2020,4,Parainfluenza,1.85,FALSE,1,2020,2019,2019/20,2019-07-01,30,1.14,2.6319999999999997,0,2.9,9,0.7100000000000002,1.6228070175438598,FALSE
2020-01-27,2020,5,Parainfluenza,1.37,FALSE,1,2020,2019,2019/20,2019-07-01,31,1.37,2.478,0.07,2.49,9,0,1,FALSE
2020-02-03,2020,6,Parainfluenza,1.2,FALSE,2,2020,2019,2019/20,2019-07-01,32,1.39,3.106,0.15,3.25,9,-0.18999999999999995,0.8633093525179857,FALSE
2020-02-10,2020,7,Parainfluenza,1.23,FALSE,2,2020,2019,2019/20,2019-07-01,33,1.49,3.6039999999999996,0.08,3.84,9,-0.26,0.825503355704698,FALSE
2020-02-17,2020,8,Parainfluenza,1.37,FALSE,2,2020,2019,2019/20,2019-07-01,34,1.89,3.806,0,3.91,9,-0.5199999999999998,0.724867724867725,FALSE
2020-02-24,2020,9,Parainfluenza,1.31,FALSE,2,2020,2019,2019/20,2019-07-01,35,1.78,4.55,0.08,5.07,9,-0.47,0.7359550561797753,FALSE
2020-03-02,2020,10,Parainfluenza,1.6,FALSE,3,2020,2019,2019/20,2019-07-01,36,2.86,5.079999999999999,0.09,5.76,9,-1.2599999999999998,0.5594405594405595,FALSE
2020-03-09,2020,11,Parainfluenza,1.87,FALSE,3,2020,2019,2019/20,2019-07-01,37,3.17,6.741999999999999,0.24,7.55,9,-1.2999999999999998,0.5899053627760252,FALSE
2020-03-16,2020,12,Parainfluenza,1.45,FALSE,3,2020,2019,2019/20,2019-07-01,38,3.38,6.346,0.17,6.73,9,-1.93,0.4289940828402367,FALSE
2020-03-23,2020,13,Parainfluenza,0.89,FALSE,3,2020,2019,2019/20,2019-07-01,39,3.61,6.986,0.89,7.15,9,-2.7199999999999998,0.24653739612188366,FALSE
2020-03-30,2020,14,Parainfluenza,0.52,FALSE,3,2020,2019,2019/20,2019-07-01,40,3.49,7.441999999999999,0.09,7.75,9,-2.97,0.1489971346704871,FALSE
2020-04-06,2020,15,Parainfluenza,0.61,FALSE,4,2020,2019,2019/20,2019-07-01,41,4.44,7.048,0.19,7.3,9,-3.8300000000000005,0.13738738738738737,FALSE
2020-04-13,2020,16,Parainfluenza,0.25,FALSE,4,2020,2019,2019/20,2019-07-01,42,4.95,6.714,0.25,6.77,9,-4.7,0.050505050505050504,FALSE
2020-04-20,2020,17,Parainfluenza,0.55,FALSE,4,2020,2019,2019/20,2019-07-01,43,4.46,7.938,0.55,8.27,9,-3.91,0.12331838565022422,FALSE
2020-04-27,2020,18,Parainfluenza,0.24,FALSE,4,2020,2019,2019/20,2019-07-01,44,4.07,8.228,0.24,8.76,9,-3.83,0.05896805896805896,FALSE
2020-05-04,2020,19,Parainfluenza,0.21,FALSE,5,2020,2019,2019/20,2019-07-01,45,4.41,8.304,0.21,8.42,9,-4.2,0.047619047619047616,FALSE
2020-05-11,2020,20,Parainfluenza,0.22,FALSE,5,2020,2019,2019/20,2019-07-01,46,5.4,6.79,0.22,7.05,9,-5.180000000000001,0.04074074074074074,FALSE
2020-05-18,2020,21,Parainfluenza,0.41,FALSE,5,2020,2019,2019/20,2019-07-01,47,4.99,9.734,0.41,10.41,9,-4.58,0.08216432865731461,FALSE
2020-05-25,2020,22,Parainfluenza,0.12,FALSE,5,2020,2019,2019/20,2019-07-01,48,4.91,11.977999999999996,0.12,14.11,9,-4.79,0.024439918533604887,FALSE
2020-06-01,2020,23,Parainfluenza,0.21,FALSE,6,2020,2019,2019/20,2019-07-01,49,4.54,8.967999999999998,0.21,10.02,9,-4.33,0.046255506607929514,FALSE
2020-06-08,2020,24,Parainfluenza,0.1,FALSE,6,2020,2019,2019/20,2019-07-01,50,3.47,9.072,0.1,10.24,9,-3.37,0.02881844380403458,FALSE
2020-06-15,2020,25,Parainfluenza,0.25,FALSE,6,2020,2019,2019/20,2019-07-01,51,3.4,8.545999999999998,0.25,10.45,9,-3.15,0.07352941176470588,FALSE
2020-06-22,2020,26,Parainfluenza,0.14,FALSE,6,2020,2019,2019/20,2019-07-01,52,3.41,8.062,0.14,8.99,9,-3.27,0.04105571847507332,FALSE
2020-06-29,2020,27,Parainfluenza,0,FALSE,6,2020,2019,2019/20,2019-07-01,53,1.575,2.9924999999999997,0,3.15,2,-1.575,0,FALSE
2020-07-06,2020,28,Parainfluenza,0.39,FALSE,7,2020,2020,2020/21,2020-07-01,1,3.45,7.211999999999998,0.39,8.7,9,-3.06,0.11304347826086956,FALSE
2020-07-13,2020,29,Parainfluenza,0.13,FALSE,7,2020,2020,2020/21,2020-07-01,2,3.41,5.937999999999999,0.13,6.35,9,-3.2800000000000002,0.03812316715542522,FALSE
2020-07-20,2020,30,Parainfluenza,0.13,FALSE,7,2020,2020,2020/21,2020-07-01,3,3.38,4.392,0.13,4.4,9,-3.25,0.038461538461538464,FALSE
2020-07-27,2020,31,Parainfluenza,0,FALSE,7,2020,2020,2020/21,2020-07-01,4,3.01,5.022,0,5.09,9,-3.01,0,FALSE
2020-08-03,2020,32,Parainfluenza,0,FALSE,8,2020,2020,2020/21,2020-07-01,5,2.7,3.9499999999999997,0,4.01,9,-2.7,0,FALSE
2020-08-10,2020,33,Parainfluenza,0,FALSE,8,2020,2020,2020/21,2020-07-01,6,2.66,4.4319999999999995,0,4.6,9,-2.66,0,FALSE
2020-08-17,2020,34,Parainfluenza,0,FALSE,8,2020,2020,2020/21,2020-07-01,7,1.92,3.776,0,3.94,9,-1.92,0,FALSE
2020-08-24,2020,35,Parainfluenza,0,FALSE,8,2020,2020,2020/21,2020-07-01,8,1.9,3.81,0,3.87,9,-1.9,0,FALSE
2020-08-31,2020,36,Parainfluenza,0,FALSE,8,2020,2020,2020/21,2020-07-01,9,1.71,4.353999999999999,0,4.47,9,-1.71,0,FALSE
2020-09-07,2020,37,Parainfluenza,0,FALSE,9,2020,2020,2020/21,2020-07-01,10,1.45,3.7439999999999998,0,3.94,9,-1.45,0,FALSE
2020-09-14,2020,38,Parainfluenza,0.06,FALSE,9,2020,2020,2020/21,2020-07-01,11,1.7,4.4159999999999995,0.06,4.64,9,-1.64,0.03529411764705882,FALSE
2020-09-21,2020,39,Parainfluenza,0.17,FALSE,9,2020,2020,2020/21,2020-07-01,12,1.52,4.622,0.17,4.89,9,-1.35,0.1118421052631579,FALSE
2020-09-28,2020,40,Parainfluenza,0,FALSE,9,2020,2020,2020/21,2020-07-01,13,1.61,4.852,0,5.04,9,-1.61,0,FALSE
2020-10-05,2020,41,Parainfluenza,0,FALSE,10,2020,2020,2020/21,2020-07-01,14,1.89,4.884,0,5.32,9,-1.89,0,FALSE
2020-10-12,2020,42,Parainfluenza,0,FALSE,10,2020,2020,2020/21,2020-07-01,15,2.2,5.402,0,5.79,9,-2.2,0,FALSE
2020-10-19,2020,43,Parainfluenza,0.1,FALSE,10,2020,2020,2020/21,2020-07-01,16,2.28,5.831999999999999,0.1,6.56,9,-2.1799999999999997,0.04385964912280702,FALSE
2020-10-26,2020,44,Parainfluenza,0,FALSE,10,2020,2020,2020/21,2020-07-01,17,2.81,5.751999999999999,0,6.96,9,-2.81,0,FALSE
2020-11-02,2020,45,Parainfluenza,0,FALSE,11,2020,2020,2020/21,2020-07-01,18,2.68,5.52,0,5.78,9,-2.68,0,FALSE
2020-11-09,2020,46,Parainfluenza,0.18,FALSE,11,2020,2020,2020/21,2020-07-01,19,2.77,5.701999999999999,0.18,6.47,9,-2.59,0.06498194945848375,FALSE
2020-11-16,2020,47,Parainfluenza,0.38,FALSE,11,2020,2020,2020/21,2020-07-01,20,1.91,4.902,0.38,4.93,9,-1.5299999999999998,0.19895287958115185,FALSE
2020-11-23,2020,48,Parainfluenza,0.08,FALSE,11,2020,2020,2020/21,2020-07-01,21,2.66,4.484,0.08,4.74,9,-2.58,0.03007518796992481,FALSE
2020-11-30,2020,49,Parainfluenza,0.07,FALSE,11,2020,2020,2020/21,2020-07-01,22,2.27,3.488,0.07,3.74,9,-2.2,0.030837004405286347,FALSE
2020-12-07,2020,50,Parainfluenza,0,FALSE,12,2020,2020,2020/21,2020-07-01,23,2.32,3.4179999999999997,0,3.65,9,-2.32,0,FALSE
2020-12-14,2020,51,Parainfluenza,0.15,FALSE,12,2020,2020,2020/21,2020-07-01,24,2.11,3.1879999999999997,0.15,3.28,9,-1.96,0.07109004739336493,FALSE
2020-12-21,2020,52,Parainfluenza,0.2,FALSE,12,2020,2020,2020/21,2020-07-01,25,2.31,2.752,0.2,2.88,9,-2.11,0.08658008658008658,FALSE
2020-12-28,2020,53,Parainfluenza,0.09,FALSE,12,2020,2020,2020/21,2020-07-01,26,2.29,2.9379999999999997,0.09,3.25,9,-2.2,0.03930131004366812,FALSE
2021-01-04,2021,1,Parainfluenza,0.25,FALSE,1,2021,2020,2020/21,2020-07-01,27,1.72,2.956,0.25,3.04,9,-1.47,0.14534883720930233,FALSE
2021-01-11,2021,2,Parainfluenza,0.09,FALSE,1,2021,2020,2020/21,2020-07-01,28,1.93,2.668,0.09,2.7,9,-1.8399999999999999,0.046632124352331605,FALSE
2021-01-18,2021,3,Parainfluenza,0.07,FALSE,1,2021,2020,2020/21,2020-07-01,29,1.48,2.628,0.07,2.68,9,-1.41,0.0472972972972973,FALSE
2021-01-25,2021,4,Parainfluenza,0,FALSE,1,2021,2020,2020/21,2020-07-01,30,1.14,2.6319999999999997,0,2.9,9,-1.14,0,FALSE
2021-02-01,2021,5,Parainfluenza,0.07,FALSE,2,2021,2020,2020/21,2020-07-01,31,1.37,2.478,0.07,2.49,9,-1.3,0.051094890510948905,FALSE
2021-02-08,2021,6,Parainfluenza,0.15,FALSE,2,2021,2020,2020/21,2020-07-01,32,1.39,3.106,0.15,3.25,9,-1.24,0.10791366906474821,FALSE
2021-02-15,2021,7,Parainfluenza,0.08,FALSE,2,2021,2020,2020/21,2020-07-01,33,1.49,3.6039999999999996,0.08,3.84,9,-1.41,0.053691275167785234,FALSE
2021-02-22,2021,8,Parainfluenza,0,FALSE,2,2021,2020,2020/21,2020-07-01,34,1.89,3.806,0,3.91,9,-1.89,0,FALSE
2021-03-01,2021,9,Parainfluenza,0.08,FALSE,3,2021,2020,2020/21,2020-07-01,35,1.78,4.55,0.08,5.07,9,-1.7,0.0449438202247191,FALSE
2021-03-08,2021,10,Parainfluenza,0.09,FALSE,3,2021,2020,2020/21,2020-07-01,36,2.86,5.079999999999999,0.09,5.76,9,-2.77,0.03146853146853147,FALSE
2021-03-15,2021,11,Parainfluenza,0.24,FALSE,3,2021,2020,2020/21,2020-07-01,37,3.17,6.741999999999999,0.24,7.55,9,-2.9299999999999997,0.07570977917981073,FALSE
2021-03-22,2021,12,Parainfluenza,0.17,FALSE,3,2021,2020,2020/21,2020-07-01,38,3.38,6.346,0.17,6.73,9,-3.21,0.05029585798816569,FALSE
2021-03-29,2021,13,Parainfluenza,1.14,FALSE,3,2021,2020,2020/21,2020-07-01,39,3.61,6.986,0.89,7.15,9,-2.4699999999999998,0.3157894736842105,FALSE
2021-04-05,2021,14,Parainfluenza,0.09,FALSE,4,2021,2020,2020/21,2020-07-01,40,3.49,7.441999999999999,0.09,7.75,9,-3.4000000000000004,0.025787965616045842,FALSE
2021-04-12,2021,15,Parainfluenza,0.19,FALSE,4,2021,2020,2020/21,2020-07-01,41,4.44,7.048,0.19,7.3,9,-4.25,0.04279279279279279,FALSE
2021-04-19,2021,16,Parainfluenza,0.92,FALSE,4,2021,2020,2020/21,2020-07-01,42,4.95,6.714,0.25,6.77,9,-4.03,0.18585858585858586,FALSE
2021-04-26,2021,17,Parainfluenza,1.64,FALSE,4,2021,2020,2020/21,2020-07-01,43,4.46,7.938,0.55,8.27,9,-2.8200000000000003,0.36771300448430494,FALSE
2021-05-03,2021,18,Parainfluenza,1.95,FALSE,5,2021,2020,2020/21,2020-07-01,44,4.07,8.228,0.24,8.76,9,-2.12,0.4791154791154791,FALSE
2021-05-10,2021,19,Parainfluenza,3.01,FALSE,5,2021,2020,2020/21,2020-07-01,45,4.41,8.304,0.21,8.42,9,-1.4000000000000004,0.6825396825396824,FALSE
2021-05-17,2021,20,Parainfluenza,6.4,FALSE,5,2021,2020,2020/21,2020-07-01,46,5.4,6.79,0.22,7.05,9,1,1.1851851851851851,FALSE
2021-05-24,2021,21,Parainfluenza,10.41,FALSE,5,2021,2020,2020/21,2020-07-01,47,4.99,9.734,0.41,10.41,9,5.42,2.0861723446893787,TRUE
2021-05-31,2021,22,Parainfluenza,14.11,FALSE,5,2021,2020,2020/21,2020-07-01,48,4.91,11.977999999999996,0.12,14.11,9,9.2,2.8737270875763747,TRUE
2021-06-07,2021,23,Parainfluenza,10.02,FALSE,6,2021,2020,2020/21,2020-07-01,49,4.54,8.967999999999998,0.21,10.02,9,5.4799999999999995,2.20704845814978,TRUE
2021-06-14,2021,24,Parainfluenza,10.24,FALSE,6,2021,2020,2020/21,2020-07-01,50,3.47,9.072,0.1,10.24,9,6.77,2.951008645533141,TRUE
2021-06-21,2021,25,Parainfluenza,10.45,FALSE,6,2021,2020,2020/21,2020-07-01,51,3.4,8.545999999999998,0.25,10.45,9,7.049999999999999,3.0735294117647056,TRUE
2021-06-28,2021,26,Parainfluenza,8.99,FALSE,6,2021,2020,2020/21,2020-07-01,52,3.41,8.062,0.14,8.99,9,5.58,2.6363636363636362,TRUE
2021-07-05,2021,27,Parainfluenza,8.7,FALSE,7,2021,2021,2021/22,2021-07-01,1,3.45,7.211999999999998,0.39,8.7,9,5.249999999999999,2.5217391304347823,TRUE
2021-07-12,2021,28,Parainfluenza,6.35,FALSE,7,2021,2021,2021/22,2021-07-01,2,3.41,5.937999999999999,0.13,6.35,9,2.9399999999999995,1.8621700879765395,TRUE
2021-07-19,2021,29,Parainfluenza,4.4,FALSE,7,2021,2021,2021/22,2021-07-01,3,3.38,4.392,0.13,4.4,9,1.0200000000000005,1.3017751479289943,TRUE
2021-07-26,2021,30,Parainfluenza,3.01,FALSE,7,2021,2021,2021/22,2021-07-01,4,3.01,5.022,0,5.09,9,0,1,FALSE
2021-08-02,2021,31,Parainfluenza,2.03,FALSE,8,2021,2021,2021/22,2021-07-01,5,2.7,3.9499999999999997,0,4.01,9,-0.6700000000000004,0.7518518518518518,FALSE
2021-08-09,2021,32,Parainfluenza,1.75,FALSE,8,2021,2021,2021/22,2021-07-01,6,2.66,4.4319999999999995,0,4.6,9,-0.9100000000000001,0.6578947368421052,FALSE
2021-08-16,2021,33,Parainfluenza,1.41,FALSE,8,2021,2021,2021/22,2021-07-01,7,1.92,3.776,0,3.94,9,-0.51,0.734375,FALSE
2021-08-23,2021,34,Parainfluenza,1.35,FALSE,8,2021,2021,2021/22,2021-07-01,8,1.9,3.81,0,3.87,9,-0.5499999999999998,0.7105263157894738,FALSE
2021-08-30,2021,35,Parainfluenza,1.72,FALSE,8,2021,2021,2021/22,2021-07-01,9,1.71,4.353999999999999,0,4.47,9,0.010000000000000009,1.0058479532163742,FALSE
2021-09-06,2021,36,Parainfluenza,1.05,FALSE,9,2021,2021,2021/22,2021-07-01,10,1.45,3.7439999999999998,0,3.94,9,-0.3999999999999999,0.7241379310344828,FALSE
2021-09-13,2021,37,Parainfluenza,0.91,FALSE,9,2021,2021,2021/22,2021-07-01,11,1.7,4.4159999999999995,0.06,4.64,9,-0.7899999999999999,0.5352941176470588,FALSE
2021-09-20,2021,38,Parainfluenza,1.14,FALSE,9,2021,2021,2021/22,2021-07-01,12,1.52,4.622,0.17,4.89,9,-0.3800000000000001,0.7499999999999999,FALSE
2021-09-27,2021,39,Parainfluenza,1.61,FALSE,9,2021,2021,2021/22,2021-07-01,13,1.61,4.852,0,5.04,9,0,1,FALSE
2021-10-04,2021,40,Parainfluenza,2.65,FALSE,10,2021,2021,2021/22,2021-07-01,14,1.89,4.884,0,5.32,9,0.76,1.402116402116402,FALSE
2021-10-11,2021,41,Parainfluenza,2.22,FALSE,10,2021,2021,2021/22,2021-07-01,15,2.2,5.402,0,5.79,9,0.020000000000000018,1.009090909090909,FALSE
2021-10-18,2021,42,Parainfluenza,2.28,FALSE,10,2021,2021,2021/22,2021-07-01,16,2.28,5.831999999999999,0.1,6.56,9,0,1,FALSE
2021-10-25,2021,43,Parainfluenza,2.81,FALSE,10,2021,2021,2021/22,2021-07-01,17,2.81,5.751999999999999,0,6.96,9,0,1,FALSE
2021-11-01,2021,44,Parainfluenza,2.96,FALSE,11,2021,2021,2021/22,2021-07-01,18,2.68,5.52,0,5.78,9,0.2799999999999998,1.1044776119402984,FALSE
2021-11-08,2021,45,Parainfluenza,1.96,FALSE,11,2021,2021,2021/22,2021-07-01,19,2.77,5.701999999999999,0.18,6.47,9,-0.81,0.7075812274368231,FALSE
2021-11-15,2021,46,Parainfluenza,1.9,FALSE,11,2021,2021,2021/22,2021-07-01,20,1.91,4.902,0.38,4.93,9,-0.010000000000000009,0.9947643979057592,FALSE
2021-11-22,2021,47,Parainfluenza,1.95,FALSE,11,2021,2021,2021/22,2021-07-01,21,2.66,4.484,0.08,4.74,9,-0.7100000000000002,0.7330827067669172,FALSE
2021-11-29,2021,48,Parainfluenza,1.86,FALSE,11,2021,2021,2021/22,2021-07-01,22,2.27,3.488,0.07,3.74,9,-0.4099999999999999,0.8193832599118943,FALSE
2021-12-06,2021,49,Parainfluenza,1.22,FALSE,12,2021,2021,2021/22,2021-07-01,23,2.32,3.4179999999999997,0,3.65,9,-1.0999999999999999,0.5258620689655172,FALSE
2021-12-13,2021,50,Parainfluenza,1.23,FALSE,12,2021,2021,2021/22,2021-07-01,24,2.11,3.1879999999999997,0.15,3.28,9,-0.8799999999999999,0.5829383886255924,FALSE
2021-12-20,2021,51,Parainfluenza,0.93,FALSE,12,2021,2021,2021/22,2021-07-01,25,2.31,2.752,0.2,2.88,9,-1.38,0.4025974025974026,FALSE
2021-12-27,2021,52,Parainfluenza,1.16,FALSE,12,2021,2021,2021/22,2021-07-01,26,2.29,2.9379999999999997,0.09,3.25,9,-1.1300000000000001,0.5065502183406113,FALSE
2022-01-03,2022,1,Parainfluenza,1.53,FALSE,1,2022,2021,2021/22,2021-07-01,27,1.72,2.956,0.25,3.04,9,-0.18999999999999995,0.8895348837209303,FALSE
2022-01-10,2022,2,Parainfluenza,0.79,FALSE,1,2022,2021,2021/22,2021-07-01,28,1.93,2.668,0.09,2.7,9,-1.14,0.40932642487046633,FALSE
2022-01-17,2022,3,Parainfluenza,0.96,FALSE,1,2022,2021,2021/22,2021-07-01,29,1.48,2.628,0.07,2.68,9,-0.52,0.6486486486486487,FALSE
2022-01-24,2022,4,Parainfluenza,1,FALSE,1,2022,2021,2021/22,2021-07-01,30,1.14,2.6319999999999997,0,2.9,9,-0.1399999999999999,0.8771929824561404,FALSE
2022-01-31,2022,5,Parainfluenza,1.01,FALSE,1,2022,2021,2021/22,2021-07-01,31,1.37,2.478,0.07,2.49,9,-0.3600000000000001,0.7372262773722628,FALSE
2022-02-07,2022,6,Parainfluenza,0.96,FALSE,2,2022,2021,2021/22,2021-07-01,32,1.39,3.106,0.15,3.25,9,-0.42999999999999994,0.6906474820143885,FALSE
2022-02-14,2022,7,Parainfluenza,1.08,FALSE,2,2022,2021,2021/22,2021-07-01,33,1.49,3.6039999999999996,0.08,3.84,9,-0.4099999999999999,0.7248322147651007,FALSE
2022-02-21,2022,8,Parainfluenza,1.89,FALSE,2,2022,2021,2021/22,2021-07-01,34,1.89,3.806,0,3.91,9,0,1,FALSE
2022-02-28,2022,9,Parainfluenza,1.72,FALSE,2,2022,2021,2021/22,2021-07-01,35,1.78,4.55,0.08,5.07,9,-0.06000000000000005,0.9662921348314606,FALSE
2022-03-07,2022,10,Parainfluenza,2.86,FALSE,3,2022,2021,2021/22,2021-07-01,36,2.86,5.079999999999999,0.09,5.76,9,0,1,FALSE
2022-03-14,2022,11,Parainfluenza,3.17,FALSE,3,2022,2021,2021/22,2021-07-01,37,3.17,6.741999999999999,0.24,7.55,9,0,1,FALSE
2022-03-21,2022,12,Parainfluenza,3.38,FALSE,3,2022,2021,2021/22,2021-07-01,38,3.38,6.346,0.17,6.73,9,0,1,FALSE
2022-03-28,2022,13,Parainfluenza,3.61,FALSE,3,2022,2021,2021/22,2021-07-01,39,3.61,6.986,0.89,7.15,9,0,1,FALSE
2022-04-04,2022,14,Parainfluenza,3.49,FALSE,4,2022,2021,2021/22,2021-07-01,40,3.49,7.441999999999999,0.09,7.75,9,0,1,FALSE
2022-04-11,2022,15,Parainfluenza,4.44,FALSE,4,2022,2021,2021/22,2021-07-01,41,4.44,7.048,0.19,7.3,9,0,1,FALSE
2022-04-18,2022,16,Parainfluenza,4.95,FALSE,4,2022,2021,2021/22,2021-07-01,42,4.95,6.714,0.25,6.77,9,0,1,FALSE
2022-04-25,2022,17,Parainfluenza,4.46,FALSE,4,2022,2021,2021/22,2021-07-01,43,4.46,7.938,0.55,8.27,9,0,1,FALSE
2022-05-02,2022,18,Parainfluenza,4.07,FALSE,5,2022,2021,2021/22,2021-07-01,44,4.07,8.228,0.24,8.76,9,0,1,FALSE
2022-05-09,2022,19,Parainfluenza,4.58,FALSE,5,2022,2021,2021/22,2021-07-01,45,4.41,8.304,0.21,8.42,9,0.16999999999999993,1.038548752834467,FALSE
2022-05-16,2022,20,Parainfluenza,5.49,FALSE,5,2022,2021,2021/22,2021-07-01,46,5.4,6.79,0.22,7.05,9,0.08999999999999986,1.0166666666666666,FALSE
2022-05-23,2022,21,Parainfluenza,4.93,FALSE,5,2022,2021,2021/22,2021-07-01,47,4.99,9.734,0.41,10.41,9,-0.0600000000000005,0.9879759519038075,FALSE
2022-05-30,2022,22,Parainfluenza,5.06,FALSE,5,2022,2021,2021/22,2021-07-01,48,4.91,11.977999999999996,0.12,14.11,9,0.14999999999999947,1.030549898167006,FALSE
2022-06-06,2022,23,Parainfluenza,4.54,FALSE,6,2022,2021,2021/22,2021-07-01,49,4.54,8.967999999999998,0.21,10.02,9,0,1,FALSE
2022-06-13,2022,24,Parainfluenza,5.29,FALSE,6,2022,2021,2021/22,2021-07-01,50,3.47,9.072,0.1,10.24,9,1.8199999999999998,1.5244956772334293,FALSE
2022-06-20,2022,25,Parainfluenza,4.63,FALSE,6,2022,2021,2021/22,2021-07-01,51,3.4,8.545999999999998,0.25,10.45,9,1.23,1.361764705882353,FALSE
2022-06-27,2022,26,Parainfluenza,3.7,FALSE,6,2022,2021,2021/22,2021-07-01,52,3.41,8.062,0.14,8.99,9,0.29000000000000004,1.0850439882697946,FALSE
2022-07-04,2022,27,Parainfluenza,3.9,FALSE,7,2022,2022,2022/23,2022-07-01,1,3.45,7.211999999999998,0.39,8.7,9,0.44999999999999973,1.1304347826086956,FALSE
2022-07-11,2022,28,Parainfluenza,4.22,FALSE,7,2022,2022,2022/23,2022-07-01,2,3.41,5.937999999999999,0.13,6.35,9,0.8099999999999996,1.2375366568914954,FALSE
2022-07-18,2022,29,Parainfluenza,3.57,FALSE,7,2022,2022,2022/23,2022-07-01,3,3.38,4.392,0.13,4.4,9,0.18999999999999995,1.0562130177514792,FALSE
2022-07-25,2022,30,Parainfluenza,2.86,FALSE,7,2022,2022,2022/23,2022-07-01,4,3.01,5.022,0,5.09,9,-0.1499999999999999,0.9501661129568106,FALSE
2022-08-01,2022,31,Parainfluenza,2.7,FALSE,8,2022,2022,2022/23,2022-07-01,5,2.7,3.9499999999999997,0,4.01,9,0,1,FALSE
2022-08-08,2022,32,Parainfluenza,2.66,FALSE,8,2022,2022,2022/23,2022-07-01,6,2.66,4.4319999999999995,0,4.6,9,0,1,FALSE
2022-08-15,2022,33,Parainfluenza,1.71,FALSE,8,2022,2022,2022/23,2022-07-01,7,1.92,3.776,0,3.94,9,-0.20999999999999996,0.890625,FALSE
2022-08-22,2022,34,Parainfluenza,1.9,FALSE,8,2022,2022,2022/23,2022-07-01,8,1.9,3.81,0,3.87,9,0,1,FALSE
2022-08-29,2022,35,Parainfluenza,1.23,FALSE,8,2022,2022,2022/23,2022-07-01,9,1.71,4.353999999999999,0,4.47,9,-0.48,0.7192982456140351,FALSE
2022-09-05,2022,36,Parainfluenza,1.45,FALSE,9,2022,2022,2022/23,2022-07-01,10,1.45,3.7439999999999998,0,3.94,9,0,1,FALSE
2022-09-12,2022,37,Parainfluenza,1.7,FALSE,9,2022,2022,2022/23,2022-07-01,11,1.7,4.4159999999999995,0.06,4.64,9,0,1,FALSE
2022-09-19,2022,38,Parainfluenza,2.5,FALSE,9,2022,2022,2022/23,2022-07-01,12,1.52,4.622,0.17,4.89,9,0.98,1.644736842105263,FALSE
2022-09-26,2022,39,Parainfluenza,2.35,FALSE,9,2022,2022,2022/23,2022-07-01,13,1.61,4.852,0,5.04,9,0.74,1.4596273291925466,FALSE
2022-10-03,2022,40,Parainfluenza,1.89,FALSE,10,2022,2022,2022/23,2022-07-01,14,1.89,4.884,0,5.32,9,0,1,FALSE
2022-10-10,2022,41,Parainfluenza,2.26,FALSE,10,2022,2022,2022/23,2022-07-01,15,2.2,5.402,0,5.79,9,0.05999999999999961,1.0272727272727271,FALSE
2022-10-17,2022,42,Parainfluenza,2.1,FALSE,10,2022,2022,2022/23,2022-07-01,16,2.28,5.831999999999999,0.1,6.56,9,-0.17999999999999972,0.9210526315789475,FALSE
2022-10-24,2022,43,Parainfluenza,1.95,FALSE,10,2022,2022,2022/23,2022-07-01,17,2.81,5.751999999999999,0,6.96,9,-0.8600000000000001,0.693950177935943,FALSE
2022-10-31,2022,44,Parainfluenza,2.51,FALSE,10,2022,2022,2022/23,2022-07-01,18,2.68,5.52,0,5.78,9,-0.17000000000000037,0.93656716417910435,FALSE
2022-11-07,2022,45,Parainfluenza,2.1,FALSE,11,2022,2022,2022/23,2022-07-01,19,2.77,5.701999999999999,0.18,6.47,9,-0.6699999999999999,0.7581227436823105,FALSE
2022-11-14,2022,46,Parainfluenza,1.56,FALSE,11,2022,2022,2022/23,2022-07-01,20,1.91,4.902,0.38,4.93,9,-0.34999999999999987,0.8167539267015708,FALSE
2022-11-21,2022,47,Parainfluenza,1.91,FALSE,11,2022,2022,2022/23,2022-07-01,21,2.66,4.484,0.08,4.74,9,-0.7500000000000002,0.7180451127819548,FALSE
2022-11-28,2022,48,Parainfluenza,1.67,FALSE,11,2022,2022,2022/23,2022-07-01,22,2.27,3.488,0.07,3.74,9,-0.6000000000000001,0.7356828193832599,FALSE
2022-12-05,2022,49,Parainfluenza,1.53,FALSE,12,2022,2022,2022/23,2022-07-01,23,2.32,3.4179999999999997,0,3.65,9,-0.7899999999999998,0.6594827586206897,FALSE
2022-12-12,2022,50,Parainfluenza,1.75,FALSE,12,2022,2022,2022/23,2022-07-01,24,2.11,3.1879999999999997,0.15,3.28,9,-0.3599999999999999,0.8293838862559242,FALSE
2022-12-19,2022,51,Parainfluenza,1.42,FALSE,12,2022,2022,2022/23,2022-07-01,25,2.31,2.752,0.2,2.88,9,-0.8900000000000001,0.6147186147186147,FALSE
2022-12-26,2022,52,Parainfluenza,1.29,FALSE,12,2022,2022,2022/23,2022-07-01,26,2.29,2.9379999999999997,0.09,3.25,9,-1,0.5633187772925764,FALSE
2023-01-02,2023,1,Parainfluenza,1.13,FALSE,1,2023,2022,2022/23,2022-07-01,27,1.72,2.956,0.25,3.04,9,-0.5900000000000001,0.6569767441860465,FALSE
2023-01-09,2023,2,Parainfluenza,1.25,FALSE,1,2023,2022,2022/23,2022-07-01,28,1.93,2.668,0.09,2.7,9,-0.6799999999999999,0.6476683937823834,FALSE
2023-01-16,2023,3,Parainfluenza,1.27,FALSE,1,2023,2022,2022/23,2022-07-01,29,1.48,2.628,0.07,2.68,9,-0.20999999999999996,0.8581081081081081,FALSE
2023-01-23,2023,4,Parainfluenza,1.14,FALSE,1,2023,2022,2022/23,2022-07-01,30,1.14,2.6319999999999997,0,2.9,9,0,1,FALSE
2023-01-30,2023,5,Parainfluenza,1.37,FALSE,1,2023,2022,2022/23,2022-07-01,31,1.37,2.478,0.07,2.49,9,0,1,FALSE
2023-02-06,2023,6,Parainfluenza,1.54,FALSE,2,2023,2022,2022/23,2022-07-01,32,1.39,3.106,0.15,3.25,9,0.15000000000000013,1.1079136690647482,FALSE
2023-02-13,2023,7,Parainfluenza,1.83,FALSE,2,2023,2022,2022/23,2022-07-01,33,1.49,3.6039999999999996,0.08,3.84,9,0.3400000000000001,1.2281879194630874,FALSE
2023-02-20,2023,8,Parainfluenza,2.88,FALSE,2,2023,2022,2022/23,2022-07-01,34,1.89,3.806,0,3.91,9,0.99,1.5238095238095237,FALSE
2023-02-27,2023,9,Parainfluenza,3.12,FALSE,2,2023,2022,2022/23,2022-07-01,35,1.78,4.55,0.08,5.07,9,1.34,1.752808988764045,FALSE
2023-03-06,2023,10,Parainfluenza,3.99,FALSE,3,2023,2022,2022/23,2022-07-01,36,2.86,5.079999999999999,0.09,5.76,9,1.1300000000000003,1.3951048951048952,FALSE
2023-03-13,2023,11,Parainfluenza,5.53,FALSE,3,2023,2022,2022/23,2022-07-01,37,3.17,6.741999999999999,0.24,7.55,9,2.3600000000000003,1.7444794952681388,FALSE
2023-03-20,2023,12,Parainfluenza,5.41,FALSE,3,2023,2022,2022/23,2022-07-01,38,3.38,6.346,0.17,6.73,9,2.0300000000000002,1.6005917159763314,FALSE
2023-03-27,2023,13,Parainfluenza,6.39,FALSE,3,2023,2022,2022/23,2022-07-01,39,3.61,6.986,0.89,7.15,9,2.78,1.7700831024930748,FALSE
2023-04-03,2023,14,Parainfluenza,5.96,FALSE,4,2023,2022,2022/23,2022-07-01,40,3.49,7.441999999999999,0.09,7.75,9,2.4699999999999998,1.7077363896848137,FALSE
2023-04-10,2023,15,Parainfluenza,6.67,FALSE,4,2023,2022,2022/23,2022-07-01,41,4.44,7.048,0.19,7.3,9,2.2299999999999995,1.5022522522522521,FALSE
2023-04-17,2023,16,Parainfluenza,6.63,FALSE,4,2023,2022,2022/23,2022-07-01,42,4.95,6.714,0.25,6.77,9,1.6799999999999997,1.3393939393939394,FALSE
2023-04-24,2023,17,Parainfluenza,6.01,FALSE,4,2023,2022,2022/23,2022-07-01,43,4.46,7.938,0.55,8.27,9,1.5499999999999998,1.3475336322869955,FALSE
2023-05-01,2023,18,Parainfluenza,4.98,FALSE,5,2023,2022,2022/23,2022-07-01,44,4.07,8.228,0.24,8.76,9,0.9100000000000001,1.2235872235872236,FALSE
2023-05-08,2023,19,Parainfluenza,4.41,FALSE,5,2023,2022,2022/23,2022-07-01,45,4.41,8.304,0.21,8.42,9,0,1,FALSE
2023-05-15,2023,20,Parainfluenza,5.4,FALSE,5,2023,2022,2022/23,2022-07-01,46,5.4,6.79,0.22,7.05,9,0,1,FALSE
2023-05-22,2023,21,Parainfluenza,4.99,FALSE,5,2023,2022,2022/23,2022-07-01,47,4.99,9.734,0.41,10.41,9,0,1,FALSE
2023-05-29,2023,22,Parainfluenza,4.91,FALSE,5,2023,2022,2022/23,2022-07-01,48,4.91,11.977999999999996,0.12,14.11,9,0,1,FALSE
2023-06-05,2023,23,Parainfluenza,4.7,FALSE,6,2023,2022,2022/23,2022-07-01,49,4.54,8.967999999999998,0.21,10.02,9,0.16000000000000014,1.0352422907488987,FALSE
2023-06-12,2023,24,Parainfluenza,3.46,FALSE,6,2023,2022,2022/23,2022-07-01,50,3.47,9.072,0.1,10.24,9,-0.010000000000000231,0.9971181556195965,FALSE
2023-06-19,2023,25,Parainfluenza,3.37,FALSE,6,2023,2022,2022/23,2022-07-01,51,3.4,8.545999999999998,0.25,10.45,9,-0.029999999999999805,0.9911764705882353,FALSE
2023-06-26,2023,26,Parainfluenza,3.41,FALSE,6,2023,2022,2022/23,2022-07-01,52,3.41,8.062,0.14,8.99,9,0,1,FALSE
2023-07-03,2023,27,Parainfluenza,3.45,FALSE,7,2023,2023,2023/24,2023-07-01,1,3.45,7.211999999999998,0.39,8.7,9,0,1,FALSE
2023-07-10,2023,28,Parainfluenza,3.89,FALSE,7,2023,2023,2023/24,2023-07-01,2,3.41,5.937999999999999,0.13,6.35,9,0.48,1.1407624633431086,FALSE
2023-07-17,2023,29,Parainfluenza,4.38,FALSE,7,2023,2023,2023/24,2023-07-01,3,3.38,4.392,0.13,4.4,9,1,1.2958579881656804,FALSE
2023-07-24,2023,30,Parainfluenza,3.89,FALSE,7,2023,2023,2023/24,2023-07-01,4,3.01,5.022,0,5.09,9,0.8800000000000003,1.292358803986711,FALSE
2023-07-31,2023,31,Parainfluenza,3.6,FALSE,7,2023,2023,2023/24,2023-07-01,5,2.7,3.9499999999999997,0,4.01,9,0.8999999999999999,1.3333333333333333,FALSE
2023-08-07,2023,32,Parainfluenza,3.34,FALSE,8,2023,2023,2023/24,2023-07-01,6,2.66,4.4319999999999995,0,4.6,9,0.6799999999999997,1.2556390977443608,FALSE
2023-08-14,2023,33,Parainfluenza,2.05,FALSE,8,2023,2023,2023/24,2023-07-01,7,1.92,3.776,0,3.94,9,0.1299999999999999,1.0677083333333333,FALSE
2023-08-21,2023,34,Parainfluenza,2.08,FALSE,8,2023,2023,2023/24,2023-07-01,8,1.9,3.81,0,3.87,9,0.18000000000000016,1.0947368421052632,FALSE
2023-08-28,2023,35,Parainfluenza,1.4,FALSE,8,2023,2023,2023/24,2023-07-01,9,1.71,4.353999999999999,0,4.47,9,-0.31000000000000005,0.8187134502923976,FALSE
2023-09-04,2023,36,Parainfluenza,1.15,FALSE,9,2023,2023,2023/24,2023-07-01,10,1.45,3.7439999999999998,0,3.94,9,-0.30000000000000004,0.793103448275862,FALSE
2023-09-11,2023,37,Parainfluenza,1.2,FALSE,9,2023,2023,2023/24,2023-07-01,11,1.7,4.4159999999999995,0.06,4.64,9,-0.5,0.7058823529411765,FALSE
2023-09-18,2023,38,Parainfluenza,1.23,FALSE,9,2023,2023,2023/24,2023-07-01,12,1.52,4.622,0.17,4.89,9,-0.29000000000000004,0.8092105263157895,FALSE
2023-09-25,2023,39,Parainfluenza,1.35,FALSE,9,2023,2023,2023/24,2023-07-01,13,1.61,4.852,0,5.04,9,-0.26,0.8385093167701864,FALSE
2023-10-02,2023,40,Parainfluenza,0.88,FALSE,10,2023,2023,2023/24,2023-07-01,14,1.89,4.884,0,5.32,9,-1.0099999999999998,0.46560846560846564,FALSE
2023-10-09,2023,41,Parainfluenza,1.1,FALSE,10,2023,2023,2023/24,2023-07-01,15,2.2,5.402,0,5.79,9,-1.1,0.5,FALSE
2023-10-16,2023,42,Parainfluenza,1.17,FALSE,10,2023,2023,2023/24,2023-07-01,16,2.28,5.831999999999999,0.1,6.56,9,-1.1099999999999999,0.5131578947368421,FALSE
2023-10-23,2023,43,Parainfluenza,1.12,FALSE,10,2023,2023,2023/24,2023-07-01,17,2.81,5.751999999999999,0,6.96,9,-1.69,0.39857651245551606,FALSE
2023-10-30,2023,44,Parainfluenza,1.01,FALSE,10,2023,2023,2023/24,2023-07-01,18,2.68,5.52,0,5.78,9,-1.6700000000000002,0.376865671641791,FALSE
2023-11-06,2023,45,Parainfluenza,1.01,FALSE,11,2023,2023,2023/24,2023-07-01,19,2.77,5.701999999999999,0.18,6.47,9,-1.76,0.36462093862815886,FALSE
2023-11-13,2023,46,Parainfluenza,0.92,FALSE,11,2023,2023,2023/24,2023-07-01,20,1.91,4.902,0.38,4.93,9,-0.9899999999999999,0.48167539267015713,FALSE
2023-11-20,2023,47,Parainfluenza,1.39,FALSE,11,2023,2023,2023/24,2023-07-01,21,2.66,4.484,0.08,4.74,9,-1.2700000000000002,0.5225563909774436,FALSE
2023-11-27,2023,48,Parainfluenza,1.58,FALSE,11,2023,2023,2023/24,2023-07-01,22,2.27,3.488,0.07,3.74,9,-0.69,0.696035242290749,FALSE
2023-12-04,2023,49,Parainfluenza,1.5,FALSE,12,2023,2023,2023/24,2023-07-01,23,2.32,3.4179999999999997,0,3.65,9,-0.8199999999999998,0.646551724137931,FALSE
2023-12-11,2023,50,Parainfluenza,1.56,FALSE,12,2023,2023,2023/24,2023-07-01,24,2.11,3.1879999999999997,0.15,3.28,9,-0.5499999999999998,0.7393364928909953,FALSE
2023-12-18,2023,51,Parainfluenza,1.88,FALSE,12,2023,2023,2023/24,2023-07-01,25,2.31,2.752,0.2,2.88,9,-0.43000000000000016,0.8138528138528138,FALSE
2023-12-25,2023,52,Parainfluenza,2.29,FALSE,12,2023,2023,2023/24,2023-07-01,26,2.29,2.9379999999999997,0.09,3.25,9,0,1,FALSE
2024-01-01,2024,1,Parainfluenza,2.83,FALSE,1,2024,2023,2023/24,2023-07-01,27,1.72,2.956,0.25,3.04,9,1.11,1.6453488372093024,FALSE
2024-01-08,2024,2,Parainfluenza,2.62,FALSE,1,2024,2023,2023/24,2023-07-01,28,1.93,2.668,0.09,2.7,9,0.6900000000000002,1.3575129533678758,FALSE
2024-01-15,2024,3,Parainfluenza,2.68,FALSE,1,2024,2023,2023/24,2023-07-01,29,1.48,2.628,0.07,2.68,9,1.2000000000000002,1.810810810810811,TRUE
2024-01-22,2024,4,Parainfluenza,2.9,FALSE,1,2024,2023,2023/24,2023-07-01,30,1.14,2.6319999999999997,0,2.9,9,1.76,2.5438596491228074,TRUE
2024-01-29,2024,5,Parainfluenza,2.46,FALSE,1,2024,2023,2023/24,2023-07-01,31,1.37,2.478,0.07,2.49,9,1.0899999999999999,1.7956204379562042,FALSE
2024-02-05,2024,6,Parainfluenza,3.25,FALSE,2,2024,2023,2023/24,2023-07-01,32,1.39,3.106,0.15,3.25,9,1.86,2.338129496402878,TRUE
2024-02-12,2024,7,Parainfluenza,3.84,FALSE,2,2024,2023,2023/24,2023-07-01,33,1.49,3.6039999999999996,0.08,3.84,9,2.3499999999999996,2.577181208053691,TRUE
2024-02-19,2024,8,Parainfluenza,3.91,FALSE,2,2024,2023,2023/24,2023-07-01,34,1.89,3.806,0,3.91,9,2.0200000000000005,2.068783068783069,TRUE
2024-02-26,2024,9,Parainfluenza,5.07,FALSE,2,2024,2023,2023/24,2023-07-01,35,1.78,4.55,0.08,5.07,9,3.29,2.848314606741573,TRUE
2024-03-04,2024,10,Parainfluenza,5.76,FALSE,3,2024,2023,2023/24,2023-07-01,36,2.86,5.079999999999999,0.09,5.76,9,2.9,2.013986013986014,TRUE
2024-03-11,2024,11,Parainfluenza,7.55,FALSE,3,2024,2023,2023/24,2023-07-01,37,3.17,6.741999999999999,0.24,7.55,9,4.38,2.3817034700315456,TRUE
2024-03-18,2024,12,Parainfluenza,6.73,FALSE,3,2024,2023,2023/24,2023-07-01,38,3.38,6.346,0.17,6.73,9,3.3500000000000005,1.9911242603550299,TRUE
2024-03-25,2024,13,Parainfluenza,7.15,FALSE,3,2024,2023,2023/24,2023-07-01,39,3.61,6.986,0.89,7.15,9,3.5400000000000005,1.9806094182825487,TRUE
2024-04-01,2024,14,Parainfluenza,7.75,FALSE,4,2024,2023,2023/24,2023-07-01,40,3.49,7.441999999999999,0.09,7.75,9,4.26,2.2206303724928365,TRUE
2024-04-08,2024,15,Parainfluenza,6.33,FALSE,4,2024,2023,2023/24,2023-07-01,41,4.44,7.048,0.19,7.3,9,1.8899999999999997,1.4256756756756757,FALSE
2024-04-15,2024,16,Parainfluenza,6.55,FALSE,4,2024,2023,2023/24,2023-07-01,42,4.95,6.714,0.25,6.77,9,1.5999999999999996,1.323232323232323,FALSE
2024-04-22,2024,17,Parainfluenza,5.12,FALSE,4,2024,2023,2023/24,2023-07-01,43,4.46,7.938,0.55,8.27,9,0.6600000000000001,1.147982062780269,FALSE
2024-04-29,2024,18,Parainfluenza,5.05,FALSE,4,2024,2023,2023/24,2023-07-01,44,4.07,8.228,0.24,8.76,9,0.9799999999999995,1.2407862407862407,FALSE
2024-05-06,2024,19,Parainfluenza,4.48,FALSE,5,2024,2023,2023/24,2023-07-01,45,4.41,8.304,0.21,8.42,9,0.07000000000000028,1.015873015873016,FALSE
2024-05-13,2024,20,Parainfluenza,4.03,FALSE,5,2024,2023,2023/24,2023-07-01,46,5.4,6.79,0.22,7.05,9,-1.37,0.7462962962962963,FALSE
2024-05-20,2024,21,Parainfluenza,3.3,FALSE,5,2024,2023,2023/24,2023-07-01,47,4.99,9.734,0.41,10.41,9,-1.6900000000000004,0.661322645290581,FALSE
2024-05-27,2024,22,Parainfluenza,3.58,FALSE,5,2024,2023,2023/24,2023-07-01,48,4.91,11.977999999999996,0.12,14.11,9,-1.33,0.7291242362525459,FALSE
2024-06-03,2024,23,Parainfluenza,3.3,FALSE,6,2024,2023,2023/24,2023-07-01,49,4.54,8.967999999999998,0.21,10.02,9,-1.2400000000000002,0.7268722466960352,FALSE
2024-06-10,2024,24,Parainfluenza,2.17,FALSE,6,2024,2023,2023/24,2023-07-01,50,3.47,9.072,0.1,10.24,9,-1.3000000000000003,0.6253602305475504,FALSE
2024-06-17,2024,25,Parainfluenza,2.85,FALSE,6,2024,2023,2023/24,2023-07-01,51,3.4,8.545999999999998,0.25,10.45,9,-0.5499999999999998,0.8382352941176471,FALSE
2024-06-24,2024,26,Parainfluenza,2.43,FALSE,6,2024,2023,2023/24,2023-07-01,52,3.41,8.062,0.14,8.99,9,-0.98,0.7126099706744868,FALSE
2024-07-01,2024,27,Parainfluenza,2.5,FALSE,7,2024,2024,2024/25,2024-07-01,1,3.45,7.211999999999998,0.39,8.7,9,-0.9500000000000002,0.7246376811594203,FALSE
2024-07-08,2024,28,Parainfluenza,2.63,FALSE,7,2024,2024,2024/25,2024-07-01,2,3.41,5.937999999999999,0.13,6.35,9,-0.7800000000000002,0.7712609970674487,FALSE
2024-07-15,2024,29,Parainfluenza,2,FALSE,7,2024,2024,2024/25,2024-07-01,3,3.38,4.392,0.13,4.4,9,-1.38,0.591715976331361,FALSE
2024-07-22,2024,30,Parainfluenza,1.91,FALSE,7,2024,2024,2024/25,2024-07-01,4,3.01,5.022,0,5.09,9,-1.0999999999999999,0.6345514950166113,FALSE
2024-07-29,2024,31,Parainfluenza,2.15,FALSE,7,2024,2024,2024/25,2024-07-01,5,2.7,3.9499999999999997,0,4.01,9,-0.5500000000000003,0.7962962962962962,FALSE
2024-08-05,2024,32,Parainfluenza,1.67,FALSE,8,2024,2024,2024/25,2024-07-01,6,2.66,4.4319999999999995,0,4.6,9,-0.9900000000000002,0.6278195488721804,FALSE
2024-08-12,2024,33,Parainfluenza,1.71,FALSE,8,2024,2024,2024/25,2024-07-01,7,1.92,3.776,0,3.94,9,-0.20999999999999996,0.890625,FALSE
2024-08-19,2024,34,Parainfluenza,1.59,FALSE,8,2024,2024,2024/25,2024-07-01,8,1.9,3.81,0,3.87,9,-0.30999999999999983,0.8368421052631579,FALSE
2024-08-26,2024,35,Parainfluenza,1.31,FALSE,8,2024,2024,2024/25,2024-07-01,9,1.71,4.353999999999999,0,4.47,9,-0.3999999999999999,0.7660818713450293,FALSE
2024-09-02,2024,36,Parainfluenza,1.3,FALSE,9,2024,2024,2024/25,2024-07-01,10,1.45,3.7439999999999998,0,3.94,9,-0.1499999999999999,0.896551724137931,FALSE
2024-09-09,2024,37,Parainfluenza,0.91,FALSE,9,2024,2024,2024/25,2024-07-01,11,1.7,4.4159999999999995,0.06,4.64,9,-0.7899999999999999,0.5352941176470588,FALSE
2024-09-16,2024,38,Parainfluenza,0.93,FALSE,9,2024,2024,2024/25,2024-07-01,12,1.52,4.622,0.17,4.89,9,-0.59,0.611842105263158,FALSE
2024-09-23,2024,39,Parainfluenza,1.22,FALSE,9,2024,2024,2024/25,2024-07-01,13,1.61,4.852,0,5.04,9,-0.3900000000000001,0.7577639751552795,FALSE
2024-09-30,2024,40,Parainfluenza,1.37,FALSE,9,2024,2024,2024/25,2024-07-01,14,1.89,4.884,0,5.32,9,-0.5199999999999998,0.724867724867725,FALSE
2024-10-07,2024,41,Parainfluenza,1.78,FALSE,10,2024,2024,2024/25,2024-07-01,15,2.2,5.402,0,5.79,9,-0.42000000000000015,0.8090909090909091,FALSE
2024-10-14,2024,42,Parainfluenza,2.32,FALSE,10,2024,2024,2024/25,2024-07-01,16,2.28,5.831999999999999,0.1,6.56,9,0.040000000000000036,1.0175438596491229,FALSE
2024-10-21,2024,43,Parainfluenza,2.27,FALSE,10,2024,2024,2024/25,2024-07-01,17,2.81,5.751999999999999,0,6.96,9,-0.54,0.8078291814946619,FALSE
2024-10-28,2024,44,Parainfluenza,2.68,FALSE,10,2024,2024,2024/25,2024-07-01,18,2.68,5.52,0,5.78,9,0,1,FALSE
2024-11-04,2024,45,Parainfluenza,2.96,FALSE,11,2024,2024,2024/25,2024-07-01,19,2.77,5.701999999999999,0.18,6.47,9,0.18999999999999995,1.068592057761733,FALSE
2024-11-11,2024,46,Parainfluenza,2.97,FALSE,11,2024,2024,2024/25,2024-07-01,20,1.91,4.902,0.38,4.93,9,1.0600000000000003,1.554973821989529,FALSE
2024-11-18,2024,47,Parainfluenza,2.83,FALSE,11,2024,2024,2024/25,2024-07-01,21,2.66,4.484,0.08,4.74,9,0.16999999999999993,1.0639097744360901,FALSE
2024-11-25,2024,48,Parainfluenza,3,FALSE,11,2024,2024,2024/25,2024-07-01,22,2.27,3.488,0.07,3.74,9,0.73,1.3215859030837005,FALSE
2024-12-02,2024,49,Parainfluenza,2.32,FALSE,12,2024,2024,2024/25,2024-07-01,23,2.32,3.4179999999999997,0,3.65,9,0,1,FALSE
2024-12-09,2024,50,Parainfluenza,2.84,FALSE,12,2024,2024,2024/25,2024-07-01,24,2.11,3.1879999999999997,0.15,3.28,9,0.73,1.3459715639810426,FALSE
2024-12-16,2024,51,Parainfluenza,2.56,FALSE,12,2024,2024,2024/25,2024-07-01,25,2.31,2.752,0.2,2.88,9,0.25,1.1082251082251082,FALSE
2024-12-23,2024,52,Parainfluenza,1.87,FALSE,12,2024,2024,2024/25,2024-07-01,26,2.29,2.9379999999999997,0.09,3.25,9,-0.41999999999999993,0.8165938864628821,FALSE
2024-12-30,2024,1,Parainfluenza,1.56,FALSE,12,2024,2024,2024/25,2024-07-01,27,1.72,2.956,0.25,3.04,9,-0.15999999999999992,0.9069767441860466,FALSE
2025-01-06,2025,2,Parainfluenza,1.93,FALSE,1,2025,2024,2024/25,2024-07-01,28,1.93,2.668,0.09,2.7,9,0,1,FALSE
2025-01-13,2025,3,Parainfluenza,1.37,FALSE,1,2025,2024,2024/25,2024-07-01,29,1.48,2.628,0.07,2.68,9,-0.10999999999999988,0.9256756756756758,FALSE
2025-01-20,2025,4,Parainfluenza,1.13,FALSE,1,2025,2024,2024/25,2024-07-01,30,1.14,2.6319999999999997,0,2.9,9,-0.010000000000000009,0.9912280701754386,FALSE
2025-01-27,2025,5,Parainfluenza,0.87,FALSE,1,2025,2024,2024/25,2024-07-01,31,1.37,2.478,0.07,2.49,9,-0.5000000000000001,0.635036496350365,FALSE
2025-02-03,2025,6,Parainfluenza,1.39,FALSE,2,2025,2024,2024/25,2024-07-01,32,1.39,3.106,0.15,3.25,9,0,1,FALSE
2025-02-10,2025,7,Parainfluenza,1.43,FALSE,2,2025,2024,2024/25,2024-07-01,33,1.49,3.6039999999999996,0.08,3.84,9,-0.06000000000000005,0.959731543624161,FALSE
2025-02-17,2025,8,Parainfluenza,1.46,FALSE,2,2025,2024,2024/25,2024-07-01,34,1.89,3.806,0,3.91,9,-0.42999999999999994,0.7724867724867726,FALSE
2025-02-24,2025,9,Parainfluenza,1.78,FALSE,2,2025,2024,2024/25,2024-07-01,35,1.78,4.55,0.08,5.07,9,0,1,FALSE
2025-03-03,2025,10,Parainfluenza,1.91,FALSE,3,2025,2024,2024/25,2024-07-01,36,2.86,5.079999999999999,0.09,5.76,9,-0.95,0.6678321678321678,FALSE
2025-03-10,2025,11,Parainfluenza,2.06,FALSE,3,2025,2024,2024/25,2024-07-01,37,3.17,6.741999999999999,0.24,7.55,9,-1.1099999999999999,0.6498422712933755,FALSE
2025-03-17,2025,12,Parainfluenza,2.71,FALSE,3,2025,2024,2024/25,2024-07-01,38,3.38,6.346,0.17,6.73,9,-0.6699999999999999,0.8017751479289941,FALSE
2025-03-24,2025,13,Parainfluenza,2.97,FALSE,3,2025,2024,2024/25,2024-07-01,39,3.61,6.986,0.89,7.15,9,-0.6399999999999997,0.8227146814404432,FALSE
2025-03-31,2025,14,Parainfluenza,3.42,FALSE,3,2025,2024,2024/25,2024-07-01,40,3.49,7.441999999999999,0.09,7.75,9,-0.07000000000000028,0.979942693409742,FALSE
2025-04-07,2025,15,Parainfluenza,4.27,FALSE,4,2025,2024,2024/25,2024-07-01,41,4.44,7.048,0.19,7.3,9,-0.17000000000000082,0.9617117117117115,FALSE
2025-04-14,2025,16,Parainfluenza,4.39,FALSE,4,2025,2024,2024/25,2024-07-01,42,4.95,6.714,0.25,6.77,9,-0.5600000000000005,0.8868686868686868,FALSE
2025-04-21,2025,17,Parainfluenza,3.81,FALSE,4,2025,2024,2024/25,2024-07-01,43,4.46,7.938,0.55,8.27,9,-0.6499999999999999,0.8542600896860987,FALSE
2025-04-28,2025,18,Parainfluenza,3.98,FALSE,4,2025,2024,2024/25,2024-07-01,44,4.07,8.228,0.24,8.76,9,-0.0900000000000003,0.9778869778869778,FALSE
2025-05-05,2025,19,Parainfluenza,4.32,FALSE,5,2025,2024,2024/25,2024-07-01,45,4.41,8.304,0.21,8.42,9,-0.08999999999999986,0.979591836734694,FALSE
2025-05-12,2025,20,Parainfluenza,4.03,FALSE,5,2025,2024,2024/25,2024-07-01,46,5.4,6.79,0.22,7.05,9,-1.37,0.7462962962962963,FALSE
2025-05-19,2025,21,Parainfluenza,5.33,FALSE,5,2025,2024,2024/25,2024-07-01,47,4.99,9.734,0.41,10.41,9,0.33999999999999986,1.0681362725450902,FALSE
2025-05-26,2025,22,Parainfluenza,4.57,FALSE,5,2025,2024,2024/25,2024-07-01,48,4.91,11.977999999999996,0.12,14.11,9,-0.33999999999999986,0.9307535641547862,FALSE
2025-06-02,2025,23,Parainfluenza,3.42,FALSE,6,2025,2024,2024/25,2024-07-01,49,4.54,8.967999999999998,0.21,10.02,9,-1.12,0.7533039647577092,FALSE
2025-06-09,2025,24,Parainfluenza,3.84,FALSE,6,2025,2024,2024/25,2024-07-01,50,3.47,9.072,0.1,10.24,9,0.36999999999999966,1.1066282420749278,FALSE
2025-06-16,2025,25,Parainfluenza,3.4,FALSE,6,2025,2024,2024/25,2024-07-01,51,3.4,8.545999999999998,0.25,10.45,9,0,1,FALSE
2025-06-23,2025,26,Parainfluenza,3.07,FALSE,6,2025,2024,2024/25,2024-07-01,52,3.41,8.062,0.14,8.99,9,-0.3400000000000003,0.9002932551319647,FALSE
2025-06-30,2025,27,Parainfluenza,3.15,FALSE,6,2025,2024,2024/25,2024-07-01,53,1.575,2.9924999999999997,0,3.15,2,1.575,2,TRUE
2025-07-07,2025,28,Parainfluenza,2.11,FALSE,7,2025,2025,2025/26,2025-07-01,1,3.45,7.211999999999998,0.39,8.7,9,-1.3400000000000003,0.6115942028985507,FALSE
2025-07-14,2025,29,Parainfluenza,3.06,FALSE,7,2025,2025,2025/26,2025-07-01,2,3.41,5.937999999999999,0.13,6.35,9,-0.3500000000000001,0.8973607038123167,FALSE
2025-07-21,2025,30,Parainfluenza,2.73,FALSE,7,2025,2025,2025/26,2025-07-01,3,3.38,4.392,0.13,4.4,9,-0.6499999999999999,0.8076923076923077,FALSE
2025-07-28,2025,31,Parainfluenza,2.86,FALSE,7,2025,2025,2025/26,2025-07-01,4,3.01,5.022,0,5.09,9,-0.1499999999999999,0.9501661129568106,FALSE
2025-08-04,2025,32,Parainfluenza,2.41,FALSE,8,2025,2025,2025/26,2025-07-01,5,2.7,3.9499999999999997,0,4.01,9,-0.29000000000000004,0.8925925925925926,FALSE
2025-08-11,2025,33,Parainfluenza,2.36,FALSE,8,2025,2025,2025/26,2025-07-01,6,2.66,4.4319999999999995,0,4.6,9,-0.30000000000000027,0.8872180451127819,FALSE
2025-08-18,2025,34,Parainfluenza,1.92,FALSE,8,2025,2025,2025/26,2025-07-01,7,1.92,3.776,0,3.94,9,0,1,FALSE
2025-08-25,2025,35,Parainfluenza,1.26,FALSE,8,2025,2025,2025/26,2025-07-01,8,1.9,3.81,0,3.87,9,-0.6399999999999999,0.6631578947368422,FALSE
2025-09-01,2025,36,Parainfluenza,1.71,FALSE,9,2025,2025,2025/26,2025-07-01,9,1.71,4.353999999999999,0,4.47,9,0,1,FALSE
2025-09-08,2025,37,Parainfluenza,1.65,FALSE,9,2025,2025,2025/26,2025-07-01,10,1.45,3.7439999999999998,0,3.94,9,0.19999999999999996,1.1379310344827587,FALSE
2025-09-15,2025,38,Parainfluenza,1.91,FALSE,9,2025,2025,2025/26,2025-07-01,11,1.7,4.4159999999999995,0.06,4.64,9,0.20999999999999996,1.1235294117647059,FALSE
2025-09-22,2025,39,Parainfluenza,1.52,FALSE,9,2025,2025,2025/26,2025-07-01,12,1.52,4.622,0.17,4.89,9,0,1,FALSE
2025-09-29,2025,40,Parainfluenza,1.4,FALSE,9,2025,2025,2025/26,2025-07-01,13,1.61,4.852,0,5.04,9,-0.2100000000000002,0.8695652173913042,FALSE
2025-10-06,2025,41,Parainfluenza,1.53,FALSE,10,2025,2025,2025/26,2025-07-01,14,1.89,4.884,0,5.32,9,-0.3599999999999999,0.8095238095238095,FALSE
2025-10-13,2025,42,Parainfluenza,1.91,FALSE,10,2025,2025,2025/26,2025-07-01,15,2.2,5.402,0,5.79,9,-0.29000000000000026,0.868181818181818,FALSE
2025-10-20,2025,43,Parainfluenza,2.56,FALSE,10,2025,2025,2025/26,2025-07-01,16,2.28,5.831999999999999,0.1,6.56,9,0.28000000000000025,1.1228070175438598,FALSE
2025-10-27,2025,44,Parainfluenza,2.86,FALSE,10,2025,2025,2025/26,2025-07-01,17,2.81,5.751999999999999,0,6.96,9,0.04999999999999982,1.0177935943060497,FALSE
2025-11-03,2025,45,Parainfluenza,1.96,FALSE,11,2025,2025,2025/26,2025-07-01,18,2.68,5.52,0,5.78,9,-0.7200000000000002,0.7313432835820894,FALSE
2025-11-10,2025,46,Parainfluenza,2.99,FALSE,11,2025,2025,2025/26,2025-07-01,19,2.77,5.701999999999999,0.18,6.47,9,0.2200000000000002,1.0794223826714802,FALSE
2025-11-17,2025,47,Parainfluenza,3.85,FALSE,11,2025,2025,2025/26,2025-07-01,20,1.91,4.902,0.38,4.93,9,1.9400000000000002,2.0157068062827226,FALSE
2025-11-24,2025,48,Parainfluenza,2.67,FALSE,11,2025,2025,2025/26,2025-07-01,21,2.66,4.484,0.08,4.74,9,0.009999999999999787,1.0037593984962405,FALSE
2025-12-01,2025,49,Parainfluenza,3.11,FALSE,12,2025,2025,2025/26,2025-07-01,22,2.27,3.488,0.07,3.74,9,0.8399999999999999,1.3700440528634361,FALSE
2025-12-08,2025,50,Parainfluenza,3.03,FALSE,12,2025,2025,2025/26,2025-07-01,23,2.32,3.4179999999999997,0,3.65,9,0.71,1.3060344827586208,FALSE
2025-12-15,2025,51,Parainfluenza,2.85,FALSE,12,2025,2025,2025/26,2025-07-01,24,2.11,3.1879999999999997,0.15,3.28,9,0.7400000000000002,1.3507109004739337,FALSE
2025-12-22,2025,52,Parainfluenza,2.88,FALSE,12,2025,2025,2025/26,2025-07-01,25,2.31,2.752,0.2,2.88,9,0.5699999999999998,1.2467532467532467,TRUE
2025-12-29,2025,1,Parainfluenza,3.25,FALSE,12,2025,2025,2025/26,2025-07-01,26,2.29,2.9379999999999997,0.09,3.25,9,0.96,1.4192139737991265,TRUE
2026-01-05,2026,2,Parainfluenza,3.04,FALSE,1,2026,2025,2025/26,2025-07-01,27,1.72,2.956,0.25,3.04,9,1.32,1.7674418604651163,TRUE
2026-01-12,2026,3,Parainfluenza,2.7,FALSE,1,2026,2025,2025/26,2025-07-01,28,1.93,2.668,0.09,2.7,9,0.7700000000000002,1.3989637305699483,TRUE
2026-01-19,2026,4,Parainfluenza,2.55,FALSE,1,2026,2025,2025/26,2025-07-01,29,1.48,2.628,0.07,2.68,9,1.0699999999999998,1.7229729729729728,FALSE
2026-01-26,2026,5,Parainfluenza,2.23,FALSE,1,2026,2025,2025/26,2025-07-01,30,1.14,2.6319999999999997,0,2.9,9,1.09,1.956140350877193,FALSE
2026-02-02,2026,6,Parainfluenza,2.49,FALSE,2,2026,2025,2025/26,2025-07-01,31,1.37,2.478,0.07,2.49,9,1.12,1.8175182481751826,TRUE
2026-02-09,2026,7,Parainfluenza,2.39,FALSE,2,2026,2025,2025/26,2025-07-01,32,1.39,3.106,0.15,3.25,9,1.0000000000000002,1.7194244604316549,FALSE
2026-02-16,2026,8,Parainfluenza,2.51,FALSE,2,2026,2025,2025/26,2025-07-01,33,1.49,3.6039999999999996,0.08,3.84,9,1.0199999999999998,1.6845637583892616,FALSE
2026-02-23,2026,9,Parainfluenza,2.71,FALSE,2,2026,2025,2025/26,2025-07-01,34,1.89,3.806,0,3.91,9,0.8200000000000001,1.433862433862434,FALSE
2026-03-02,2026,10,Parainfluenza,2.85,FALSE,3,2026,2025,2025/26,2025-07-01,35,1.78,4.55,0.08,5.07,9,1.07,1.601123595505618,FALSE
2026-03-09,2026,11,Parainfluenza,3.58,FALSE,3,2026,2025,2025/26,2025-07-01,36,2.86,5.079999999999999,0.09,5.76,9,0.7200000000000002,1.2517482517482519,FALSE
2026-03-16,2026,12,Parainfluenza,3.82,FALSE,3,2026,2025,2025/26,2025-07-01,37,3.17,6.741999999999999,0.24,7.55,9,0.6499999999999999,1.2050473186119874,FALSE
2026-03-23,2026,13,Parainfluenza,3.48,FALSE,3,2026,2025,2025/26,2025-07-01,38,3.38,6.346,0.17,6.73,9,0.10000000000000009,1.029585798816568,FALSE
2026-03-30,2026,14,Parainfluenza,3.83,FALSE,3,2026,2025,2025/26,2025-07-01,39,3.61,6.986,0.89,7.15,9,0.2200000000000002,1.0609418282548477,FALSE
2026-04-06,2026,15,Parainfluenza,3.49,FALSE,4,2026,2025,2025/26,2025-07-01,40,3.49,7.441999999999999,0.09,7.75,9,0,1,FALSE
2026-04-13,2026,16,Parainfluenza,4.13,FALSE,4,2026,2025,2025/26,2025-07-01,41,4.44,7.048,0.19,7.3,9,-0.3100000000000005,0.9301801801801801,FALSE
2026-04-20,2026,17,Parainfluenza,4.23,FALSE,4,2026,2025,2025/26,2025-07-01,42,4.95,6.714,0.25,6.77,9,-0.7199999999999998,0.8545454545454546,FALSE
2026-04-27,2026,18,Parainfluenza,3.93,FALSE,4,2026,2025,2025/26,2025-07-01,43,4.46,7.938,0.55,8.27,9,-0.5299999999999998,0.8811659192825112,FALSE
2026-05-04,2026,19,Parainfluenza,3.73,FALSE,5,2026,2025,2025/26,2025-07-01,44,4.07,8.228,0.24,8.76,9,-0.3400000000000003,0.9164619164619164,FALSE
2026-05-11,2026,20,Parainfluenza,3.5,FALSE,5,2026,2025,2025/26,2025-07-01,45,4.41,8.304,0.21,8.42,9,-0.9100000000000001,0.7936507936507936,FALSE
2026-05-18,2026,21,Parainfluenza,3.43,FALSE,5,2026,2025,2025/26,2025-07-01,46,5.4,6.79,0.22,7.05,9,-1.9700000000000002,0.6351851851851852,FALSE
2026-05-25,2026,22,Parainfluenza,3.55,FALSE,5,2026,2025,2025/26,2025-07-01,47,4.99,9.734,0.41,10.41,9,-1.4400000000000004,0.7114228456913827,FALSE
2026-06-01,2026,23,Parainfluenza,4.06,FALSE,6,2026,2025,2025/26,2025-07-01,48,4.91,11.977999999999996,0.12,14.11,9,-0.8500000000000005,0.8268839103869653,FALSE
2026-06-08,2026,24,Parainfluenza,3.24,FALSE,6,2026,2025,2025/26,2025-07-01,49,4.54,8.967999999999998,0.21,10.02,9,-1.2999999999999998,0.7136563876651982,FALSE
2026-06-15,2026,25,Parainfluenza,2.78,FALSE,6,2026,2025,2025/26,2025-07-01,50,3.47,9.072,0.1,10.24,9,-0.6900000000000004,0.8011527377521613,FALSE
2026-06-22,2026,26,Parainfluenza,2.08,FALSE,6,2026,2025,2025/26,2025-07-01,51,3.4,8.545999999999998,0.25,10.45,9,-1.3199999999999998,0.611764705882353,FALSE
2026-06-29,2026,27,Parainfluenza,2.32,FALSE,6,2026,2025,2025/26,2025-07-01,52,3.41,8.062,0.14,8.99,9,-1.0900000000000003,0.6803519061583577,FALSE
2026-07-06,2026,28,Parainfluenza,2.54,FALSE,7,2026,2026,2026/27,2026-07-01,1,3.45,7.211999999999998,0.39,8.7,9,-0.9100000000000001,0.736231884057971,FALSE
2026-07-13,2026,29,Parainfluenza,2.06,FALSE,7,2026,2026,2026/27,2026-07-01,2,3.41,5.937999999999999,0.13,6.35,9,-1.35,0.60410557184750735,FALSE
2026-07-20,2026,30,Parainfluenza,1.7,FALSE,7,2026,2026,2026/27,2026-07-01,3,3.38,4.392,0.13,4.4,9,-1.68,0.5029585798816568,FALSE
2026-07-27,2026,31,Parainfluenza,2.27,FALSE,7,2026,2026,2026/27,2026-07-01,4,3.01,5.022,0,5.09,9,-0.7399999999999998,0.7541528239202658,FALSE
2026-08-03,2026,32,Parainfluenza,3.12,FALSE,8,2026,2026,2026/27,2026-07-01,5,2.7,3.9499999999999997,0,4.01,9,0.41999999999999993,1.1555555555555554,FALSE
2026-08-10,2026,33,Parainfluenza,3.31,FALSE,8,2026,2026,2026/27,2026-07-01,6,2.66,4.4319999999999995,0,4.6,9,0.6499999999999999,1.244360902255639,FALSE
2026-08-17,2026,34,Parainfluenza,2.93,FALSE,8,2026,2026,2026/27,2026-07-01,7,1.92,3.776,0,3.94,9,1.0100000000000002,1.5260416666666667,FALSE
2026-08-24,2026,35,Parainfluenza,1.71,FALSE,8,2026,2026,2026/27,2026-07-01,8,1.9,3.81,0,3.87,9,-0.18999999999999995,0.9,FALSE
2026-08-31,2026,36,Parainfluenza,1.6,FALSE,8,2026,2026,2026/27,2026-07-01,9,1.71,4.353999999999999,0,4.47,9,-0.10999999999999988,0.9356725146198831,FALSE
2026-09-07,2026,37,Parainfluenza,1.6,FALSE,9,2026,2026,2026/27,2026-07-01,10,1.45,3.7439999999999998,0,3.94,9,0.15000000000000013,1.103448275862069,FALSE
2026-09-14,2026,38,Parainfluenza,2.01,FALSE,9,2026,2026,2026/27,2026-07-01,11,1.7,4.4159999999999995,0.06,4.64,9,0.30999999999999983,1.1823529411764704,FALSE
2017-07-03,2017,27,RSV,0.29,FALSE,7,2017,2017,2017/18,2017-07-01,1,0.4,6.139999999999999,0.25,6.88,9,-0.11000000000000004,0.7249999999999999,FALSE
2017-07-10,2017,28,RSV,0.46,FALSE,7,2017,2017,2017/18,2017-07-01,2,0.71,8.117999999999999,0,8.85,9,-0.24999999999999994,0.647887323943662,FALSE
2017-07-17,2017,29,RSV,0.4,FALSE,7,2017,2017,2017/18,2017-07-01,3,0.37,10.157999999999998,0,12.99,9,0.030000000000000027,1.0810810810810811,FALSE
2017-07-24,2017,30,RSV,0.81,FALSE,7,2017,2017,2017/18,2017-07-01,4,0.4,11.235999999999997,0,14.56,9,0.41000000000000003,2.025,FALSE
2017-07-31,2017,31,RSV,1.17,FALSE,7,2017,2017,2017/18,2017-07-01,5,0.89,11.283999999999997,0,15,9,0.2799999999999999,1.3146067415730336,FALSE
2017-08-07,2017,32,RSV,0.35,FALSE,8,2017,2017,2017/18,2017-07-01,6,0.63,10.861999999999997,0,14.11,9,-0.28,0.5555555555555555,FALSE
2017-08-14,2017,33,RSV,0.54,FALSE,8,2017,2017,2017/18,2017-07-01,7,0.86,9.917999999999997,0,13.71,9,-0.31999999999999995,0.627906976744186,FALSE
2017-08-21,2017,34,RSV,1.14,FALSE,8,2017,2017,2017/18,2017-07-01,8,0.79,9.275999999999996,0.1,13.68,9,0.34999999999999987,1.4430379746835442,FALSE
2017-08-28,2017,35,RSV,1.22,FALSE,8,2017,2017,2017/18,2017-07-01,9,1.22,8.909999999999997,0.2,12.87,9,0,1,FALSE
2017-09-04,2017,36,RSV,0.72,FALSE,9,2017,2017,2017/18,2017-07-01,10,1.19,7.287999999999997,0,9.94,9,-0.47,0.6050420168067226,FALSE
2017-09-11,2017,37,RSV,0.88,FALSE,9,2017,2017,2017/18,2017-07-01,11,1.1,6.845999999999998,0.17,9.23,9,-0.22000000000000008,0.7999999999999999,FALSE
2017-09-18,2017,38,RSV,1.17,FALSE,9,2017,2017,2017/18,2017-07-01,12,1.17,6.075999999999998,0,8.02,9,0,1,FALSE
2017-09-25,2017,39,RSV,1.89,FALSE,9,2017,2017,2017/18,2017-07-01,13,1.89,6.901999999999998,0.06,9.25,9,0,1,FALSE
2017-10-02,2017,40,RSV,3.65,FALSE,10,2017,2017,2017/18,2017-07-01,14,3.22,8.199999999999998,0.06,11,9,0.4299999999999997,1.1335403726708073,FALSE
2017-10-09,2017,41,RSV,4.15,FALSE,10,2017,2017,2017/18,2017-07-01,15,4.15,8.065999999999999,0,9.99,9,0,1,FALSE
2017-10-16,2017,42,RSV,6.92,FALSE,10,2017,2017,2017/18,2017-07-01,16,6.61,9.102,0,9.85,9,0.3099999999999996,1.0468986384266263,FALSE
2017-10-23,2017,43,RSV,9.4,FALSE,10,2017,2017,2017/18,2017-07-01,17,9.2,10.594,0.1,11.39,9,0.20000000000000107,1.0217391304347827,FALSE
2017-10-30,2017,44,RSV,11.16,FALSE,10,2017,2017,2017/18,2017-07-01,18,7.92,14.381999999999998,0.05,16.53,9,3.24,1.4090909090909092,FALSE
2017-11-06,2017,45,RSV,14.8,FALSE,11,2017,2017,2017/18,2017-07-01,19,9.38,17.512,0.05,19.32,9,5.42,1.5778251599147122,FALSE
2017-11-13,2017,46,RSV,20.34,FALSE,11,2017,2017,2017/18,2017-07-01,20,11.78,21.695999999999998,0.26,22.6,9,8.56,1.7266553480475382,FALSE
2017-11-20,2017,47,RSV,22.79,FALSE,11,2017,2017,2017/18,2017-07-01,21,13.41,23.948,0.06,24.72,9,9.379999999999999,1.6994780014914241,FALSE
2017-11-27,2017,48,RSV,22.74,FALSE,11,2017,2017,2017/18,2017-07-01,22,13.4,24.305999999999997,0.09,25.35,9,9.339999999999998,1.6970149253731341,FALSE
2017-12-04,2017,49,RSV,20.92,FALSE,12,2017,2017,2017/18,2017-07-01,23,11.67,21.892,0,22.54,9,9.250000000000002,1.7926306769494431,FALSE
2017-12-11,2017,50,RSV,17.86,FALSE,12,2017,2017,2017/18,2017-07-01,24,10.12,18.112000000000002,0.04,18.28,9,7.74,1.7648221343873518,FALSE
2017-12-18,2017,51,RSV,15.28,FALSE,12,2017,2017,2017/18,2017-07-01,25,9.26,15.12,0.13,15.28,9,6.02,1.650107991360691,TRUE
2017-12-25,2017,52,RSV,10.81,FALSE,12,2017,2017,2017/18,2017-07-01,26,7.38,12.86,0,14.02,9,3.4300000000000006,1.464769647696477,FALSE
2018-01-01,2018,1,RSV,7.65,FALSE,1,2018,2017,2017/18,2017-07-01,27,5.95,11.66,0,12.74,9,1.7000000000000002,1.2857142857142858,FALSE
2018-01-08,2018,2,RSV,4.83,FALSE,1,2018,2017,2017/18,2017-07-01,28,4.84,9.089999999999998,0,10.65,9,-0.009999999999999787,0.9979338842975207,FALSE
2018-01-15,2018,3,RSV,4.01,FALSE,1,2018,2017,2017/18,2017-07-01,29,4.01,6.981999999999999,0,7.41,9,0,1,FALSE
2018-01-22,2018,4,RSV,2.76,FALSE,1,2018,2017,2017/18,2017-07-01,30,3.19,6.108,0.02,6.94,9,-0.43000000000000016,0.8652037617554859,FALSE
2018-01-29,2018,5,RSV,2.33,FALSE,1,2018,2017,2017/18,2017-07-01,31,2.5,5.164,0,5.52,9,-0.16999999999999993,0.932,FALSE
2018-02-05,2018,6,RSV,1.81,FALSE,2,2018,2017,2017/18,2017-07-01,32,2.36,3.452,0.02,3.62,9,-0.5499999999999998,0.766949152542373,FALSE
2018-02-12,2018,7,RSV,1.78,FALSE,2,2018,2017,2017/18,2017-07-01,33,1.92,2.676,0,2.68,9,-0.1399999999999999,0.9270833333333334,FALSE
2018-02-19,2018,8,RSV,1.96,FALSE,2,2018,2017,2017/18,2017-07-01,34,1.91,2.4379999999999997,0,2.71,9,0.050000000000000044,1.0261780104712042,FALSE
2018-02-26,2018,9,RSV,1.23,FALSE,2,2018,2017,2017/18,2017-07-01,35,1.23,1.8939999999999997,0.04,2.07,9,0,1,FALSE
2018-03-05,2018,10,RSV,1.51,FALSE,3,2018,2017,2017/18,2017-07-01,36,1.42,1.702,0.02,1.71,9,0.09000000000000008,1.063380281690141,FALSE
2018-03-12,2018,11,RSV,1.54,FALSE,3,2018,2017,2017/18,2017-07-01,37,1.01,1.464,0.04,1.54,9,0.53,1.5247524752475248,TRUE
2018-03-19,2018,12,RSV,1.63,FALSE,3,2018,2017,2017/18,2017-07-01,38,0.96,1.5019999999999998,0.05,1.63,9,0.6699999999999999,1.6979166666666665,TRUE
2018-03-26,2018,13,RSV,1.86,FALSE,3,2018,2017,2017/18,2017-07-01,39,0.66,1.5559999999999998,0.02,1.86,9,1.2000000000000002,2.8181818181818183,TRUE
2018-04-02,2018,14,RSV,1.81,FALSE,4,2018,2017,2017/18,2017-07-01,40,0.62,1.816,0.05,1.82,9,1.19,2.9193548387096775,FALSE
2018-04-09,2018,15,RSV,1.64,FALSE,4,2018,2017,2017/18,2017-07-01,41,0.77,1.904,0.07,2.08,9,0.8699999999999999,2.1298701298701297,FALSE
2018-04-16,2018,16,RSV,1.48,FALSE,4,2018,2017,2017/18,2017-07-01,42,0.68,1.7199999999999998,0.04,1.88,9,0.7999999999999999,2.176470588235294,FALSE
2018-04-23,2018,17,RSV,1.45,FALSE,4,2018,2017,2017/18,2017-07-01,43,0.35,1.434,0.16,1.45,9,1.1,4.142857142857143,TRUE
2018-04-30,2018,18,RSV,1.04,FALSE,4,2018,2017,2017/18,2017-07-01,44,0.44,1.6819999999999995,0.09,2.11,9,0.6000000000000001,2.3636363636363638,FALSE
2018-05-07,2018,19,RSV,0.91,FALSE,5,2018,2017,2017/18,2017-07-01,45,0.43,2.487999999999999,0.21,3.34,9,0.48000000000000004,2.116279069767442,FALSE
2018-05-14,2018,20,RSV,0.85,FALSE,5,2018,2017,2017/18,2017-07-01,46,0.51,2.1639999999999993,0,3.04,9,0.33999999999999997,1.6666666666666665,FALSE
2018-05-21,2018,21,RSV,0.8,FALSE,5,2018,2017,2017/18,2017-07-01,47,0.36,2.887999999999999,0.24,4.16,9,0.44000000000000006,2.2222222222222223,FALSE
2018-05-28,2018,22,RSV,1.24,FALSE,5,2018,2017,2017/18,2017-07-01,48,0.37,3.5399999999999987,0,4.64,9,0.87,3.3513513513513513,FALSE
2018-06-04,2018,23,RSV,1.32,FALSE,6,2018,2017,2017/18,2017-07-01,49,0.41,2.9699999999999993,0.16,4.07,9,0.9100000000000001,3.2195121951219514,FALSE
2018-06-11,2018,24,RSV,1.01,FALSE,6,2018,2017,2017/18,2017-07-01,50,0.46,2.9539999999999993,0.07,3.83,9,0.55,2.1956521739130435,FALSE
2018-06-18,2018,25,RSV,0.51,FALSE,6,2018,2017,2017/18,2017-07-01,51,0.32,3.967999999999999,0.12,4.8,9,0.19,1.59375,FALSE
2018-06-25,2018,26,RSV,1.51,FALSE,6,2018,2017,2017/18,2017-07-01,52,0.26,4.459999999999999,0.13,5.02,9,1.25,5.8076923076923075,FALSE
2018-07-02,2018,27,RSV,0.94,FALSE,7,2018,2018,2018/19,2018-07-01,1,0.4,6.139999999999999,0.25,6.88,9,0.5399999999999999,2.3499999999999996,FALSE
2018-07-09,2018,28,RSV,0.88,FALSE,7,2018,2018,2018/19,2018-07-01,2,0.71,8.117999999999999,0,8.85,9,0.17000000000000004,1.23943661971831,FALSE
2018-07-16,2018,29,RSV,0.62,FALSE,7,2018,2018,2018/19,2018-07-01,3,0.37,10.157999999999998,0,12.99,9,0.25,1.6756756756756757,FALSE
2018-07-23,2018,30,RSV,0.92,FALSE,7,2018,2018,2018/19,2018-07-01,4,0.4,11.235999999999997,0,14.56,9,0.52,2.3,FALSE
2018-07-30,2018,31,RSV,0.89,FALSE,7,2018,2018,2018/19,2018-07-01,5,0.89,11.283999999999997,0,15,9,0,1,FALSE
2018-08-06,2018,32,RSV,1.28,FALSE,8,2018,2018,2018/19,2018-07-01,6,0.63,10.861999999999997,0,14.11,9,0.65,2.0317460317460316,FALSE
2018-08-13,2018,33,RSV,0.86,FALSE,8,2018,2018,2018/19,2018-07-01,7,0.86,9.917999999999997,0,13.71,9,0,1,FALSE
2018-08-20,2018,34,RSV,1.58,FALSE,8,2018,2018,2018/19,2018-07-01,8,0.79,9.275999999999996,0.1,13.68,9,0.79,2,FALSE
2018-08-27,2018,35,RSV,2.67,FALSE,8,2018,2018,2018/19,2018-07-01,9,1.22,8.909999999999997,0.2,12.87,9,1.45,2.1885245901639343,FALSE
2018-09-03,2018,36,RSV,1.62,FALSE,9,2018,2018,2018/19,2018-07-01,10,1.19,7.287999999999997,0,9.94,9,0.43000000000000016,1.361344537815126,FALSE
2018-09-10,2018,37,RSV,1.48,FALSE,9,2018,2018,2018/19,2018-07-01,11,1.1,6.845999999999998,0.17,9.23,9,0.3799999999999999,1.3454545454545452,FALSE
2018-09-17,2018,38,RSV,2.06,FALSE,9,2018,2018,2018/19,2018-07-01,12,1.17,6.075999999999998,0,8.02,9,0.8900000000000001,1.7606837606837609,FALSE
2018-09-24,2018,39,RSV,3.38,FALSE,9,2018,2018,2018/19,2018-07-01,13,1.89,6.901999999999998,0.06,9.25,9,1.49,1.7883597883597884,FALSE
2018-10-01,2018,40,RSV,3.49,FALSE,10,2018,2018,2018/19,2018-07-01,14,3.22,8.199999999999998,0.06,11,9,0.27,1.0838509316770186,FALSE
2018-10-08,2018,41,RSV,5,FALSE,10,2018,2018,2018/19,2018-07-01,15,4.15,8.065999999999999,0,9.99,9,0.8499999999999996,1.2048192771084336,FALSE
2018-10-15,2018,42,RSV,7.98,FALSE,10,2018,2018,2018/19,2018-07-01,16,6.61,9.102,0,9.85,9,1.37,1.2072617246596067,FALSE
2018-10-22,2018,43,RSV,11.39,FALSE,10,2018,2018,2018/19,2018-07-01,17,9.2,10.594,0.1,11.39,9,2.1900000000000013,1.2380434782608698,TRUE
2018-10-29,2018,44,RSV,16.53,FALSE,10,2018,2018,2018/19,2018-07-01,18,7.92,14.381999999999998,0.05,16.53,9,8.610000000000001,2.0871212121212124,TRUE
2018-11-05,2018,45,RSV,19.32,FALSE,11,2018,2018,2018/19,2018-07-01,19,9.38,17.512,0.05,19.32,9,9.94,2.059701492537313,TRUE
2018-11-12,2018,46,RSV,22.6,FALSE,11,2018,2018,2018/19,2018-07-01,20,11.78,21.695999999999998,0.26,22.6,9,10.820000000000002,1.9185059422750426,TRUE
2018-11-19,2018,47,RSV,24.72,FALSE,11,2018,2018,2018/19,2018-07-01,21,13.41,23.948,0.06,24.72,9,11.309999999999999,1.843400447427293,TRUE
2018-11-26,2018,48,RSV,25.35,FALSE,11,2018,2018,2018/19,2018-07-01,22,13.4,24.305999999999997,0.09,25.35,9,11.950000000000001,1.8917910447761195,TRUE
2018-12-03,2018,49,RSV,22.54,FALSE,12,2018,2018,2018/19,2018-07-01,23,11.67,21.892,0,22.54,9,10.87,1.9314481576692373,TRUE
2018-12-10,2018,50,RSV,18.28,FALSE,12,2018,2018,2018/19,2018-07-01,24,10.12,18.112000000000002,0.04,18.28,9,8.160000000000002,1.806324110671937,TRUE
2018-12-17,2018,51,RSV,13.02,FALSE,12,2018,2018,2018/19,2018-07-01,25,9.26,15.12,0.13,15.28,9,3.76,1.406047516198704,FALSE
2018-12-24,2018,52,RSV,11.12,FALSE,12,2018,2018,2018/19,2018-07-01,26,7.38,12.86,0,14.02,9,3.7399999999999993,1.5067750677506775,FALSE
2018-12-31,2018,1,RSV,10.04,FALSE,12,2018,2018,2018/19,2018-07-01,27,5.95,11.66,0,12.74,9,4.089999999999999,1.687394957983193,FALSE
2019-01-07,2019,2,RSV,6.75,FALSE,1,2019,2018,2018/19,2018-07-01,28,4.84,9.089999999999998,0,10.65,9,1.9100000000000001,1.3946280991735538,FALSE
2019-01-14,2019,3,RSV,6.34,FALSE,1,2019,2018,2018/19,2018-07-01,29,4.01,6.981999999999999,0,7.41,9,2.33,1.5810473815461348,FALSE
2019-01-21,2019,4,RSV,4.52,FALSE,1,2019,2018,2018/19,2018-07-01,30,3.19,6.108,0.02,6.94,9,1.3299999999999996,1.4169278996865202,FALSE
2019-01-28,2019,5,RSV,3.73,FALSE,1,2019,2018,2018/19,2018-07-01,31,2.5,5.164,0,5.52,9,1.23,1.492,FALSE
2019-02-04,2019,6,RSV,2.84,FALSE,2,2019,2018,2018/19,2018-07-01,32,2.36,3.452,0.02,3.62,9,0.48,1.2033898305084745,FALSE
2019-02-11,2019,7,RSV,2.67,FALSE,2,2019,2018,2018/19,2018-07-01,33,1.92,2.676,0,2.68,9,0.75,1.390625,FALSE
2019-02-18,2019,8,RSV,1.95,FALSE,2,2019,2018,2018/19,2018-07-01,34,1.91,2.4379999999999997,0,2.71,9,0.040000000000000036,1.0209424083769634,FALSE
2019-02-25,2019,9,RSV,2.07,FALSE,2,2019,2018,2018/19,2018-07-01,35,1.23,1.8939999999999997,0.04,2.07,9,0.8399999999999999,1.6829268292682926,TRUE
2019-03-04,2019,10,RSV,1.71,FALSE,3,2019,2018,2018/19,2018-07-01,36,1.42,1.702,0.02,1.71,9,0.29000000000000004,1.204225352112676,TRUE
2019-03-11,2019,11,RSV,1.35,FALSE,3,2019,2018,2018/19,2018-07-01,37,1.01,1.464,0.04,1.54,9,0.3400000000000001,1.3366336633663367,FALSE
2019-03-18,2019,12,RSV,1.01,FALSE,3,2019,2018,2018/19,2018-07-01,38,0.96,1.5019999999999998,0.05,1.63,9,0.050000000000000044,1.0520833333333335,FALSE
2019-03-25,2019,13,RSV,0.96,FALSE,3,2019,2018,2018/19,2018-07-01,39,0.66,1.5559999999999998,0.02,1.86,9,0.29999999999999993,1.4545454545454544,FALSE
2019-04-01,2019,14,RSV,0.54,FALSE,4,2019,2018,2018/19,2018-07-01,40,0.62,1.816,0.05,1.82,9,-0.07999999999999996,0.870967741935484,FALSE
2019-04-08,2019,15,RSV,0.94,FALSE,4,2019,2018,2018/19,2018-07-01,41,0.77,1.904,0.07,2.08,9,0.16999999999999993,1.2207792207792207,FALSE
2019-04-15,2019,16,RSV,0.87,FALSE,4,2019,2018,2018/19,2018-07-01,42,0.68,1.7199999999999998,0.04,1.88,9,0.18999999999999995,1.2794117647058822,FALSE
2019-04-22,2019,17,RSV,0.32,FALSE,4,2019,2018,2018/19,2018-07-01,43,0.35,1.434,0.16,1.45,9,-0.02999999999999997,0.9142857142857144,FALSE
2019-04-29,2019,18,RSV,0.79,FALSE,4,2019,2018,2018/19,2018-07-01,44,0.44,1.6819999999999995,0.09,2.11,9,0.35000000000000003,1.7954545454545456,FALSE
2019-05-06,2019,19,RSV,0.52,FALSE,5,2019,2018,2018/19,2018-07-01,45,0.43,2.487999999999999,0.21,3.34,9,0.09000000000000002,1.2093023255813955,FALSE
2019-05-13,2019,20,RSV,0.59,FALSE,5,2019,2018,2018/19,2018-07-01,46,0.51,2.1639999999999993,0,3.04,9,0.07999999999999996,1.156862745098039,FALSE
2019-05-20,2019,21,RSV,0.5,FALSE,5,2019,2018,2018/19,2018-07-01,47,0.36,2.887999999999999,0.24,4.16,9,0.14,1.3888888888888888,FALSE
2019-05-27,2019,22,RSV,0.12,FALSE,5,2019,2018,2018/19,2018-07-01,48,0.37,3.5399999999999987,0,4.64,9,-0.25,0.32432432432432434,FALSE
2019-06-03,2019,23,RSV,0.2,FALSE,6,2019,2018,2018/19,2018-07-01,49,0.41,2.9699999999999993,0.16,4.07,9,-0.20999999999999996,0.48780487804878053,FALSE
2019-06-10,2019,24,RSV,0.07,FALSE,6,2019,2018,2018/19,2018-07-01,50,0.46,2.9539999999999993,0.07,3.83,9,-0.39,0.15217391304347827,FALSE
2019-06-17,2019,25,RSV,0.51,FALSE,6,2019,2018,2018/19,2018-07-01,51,0.32,3.967999999999999,0.12,4.8,9,0.19,1.59375,FALSE
2019-06-24,2019,26,RSV,0.26,FALSE,6,2019,2018,2018/19,2018-07-01,52,0.26,4.459999999999999,0.13,5.02,9,0,1,FALSE
2019-07-01,2019,27,RSV,0.25,FALSE,7,2019,2019,2019/20,2019-07-01,1,0.4,6.139999999999999,0.25,6.88,9,-0.15000000000000002,0.625,FALSE
2019-07-08,2019,28,RSV,0.32,FALSE,7,2019,2019,2019/20,2019-07-01,2,0.71,8.117999999999999,0,8.85,9,-0.38999999999999996,0.4507042253521127,FALSE
2019-07-15,2019,29,RSV,0.26,FALSE,7,2019,2019,2019/20,2019-07-01,3,0.37,10.157999999999998,0,12.99,9,-0.10999999999999999,0.7027027027027027,FALSE
2019-07-22,2019,30,RSV,0.22,FALSE,7,2019,2019,2019/20,2019-07-01,4,0.4,11.235999999999997,0,14.56,9,-0.18000000000000002,0.5499999999999999,FALSE
2019-07-29,2019,31,RSV,0.45,FALSE,7,2019,2019,2019/20,2019-07-01,5,0.89,11.283999999999997,0,15,9,-0.44,0.5056179775280899,FALSE
2019-08-05,2019,32,RSV,0.63,FALSE,8,2019,2019,2019/20,2019-07-01,6,0.63,10.861999999999997,0,14.11,9,0,1,FALSE
2019-08-12,2019,33,RSV,0.65,FALSE,8,2019,2019,2019/20,2019-07-01,7,0.86,9.917999999999997,0,13.71,9,-0.20999999999999996,0.7558139534883721,FALSE
2019-08-19,2019,34,RSV,0.29,FALSE,8,2019,2019,2019/20,2019-07-01,8,0.79,9.275999999999996,0.1,13.68,9,-0.5,0.36708860759493667,FALSE
2019-08-26,2019,35,RSV,1.51,FALSE,8,2019,2019,2019/20,2019-07-01,9,1.22,8.909999999999997,0.2,12.87,9,0.29000000000000004,1.2377049180327868,FALSE
2019-09-02,2019,36,RSV,1.19,FALSE,9,2019,2019,2019/20,2019-07-01,10,1.19,7.287999999999997,0,9.94,9,0,1,FALSE
2019-09-09,2019,37,RSV,1.1,FALSE,9,2019,2019,2019/20,2019-07-01,11,1.1,6.845999999999998,0.17,9.23,9,0,1,FALSE
2019-09-16,2019,38,RSV,0.9,FALSE,9,2019,2019,2019/20,2019-07-01,12,1.17,6.075999999999998,0,8.02,9,-0.2699999999999999,0.7692307692307693,FALSE
2019-09-23,2019,39,RSV,1.17,FALSE,9,2019,2019,2019/20,2019-07-01,13,1.89,6.901999999999998,0.06,9.25,9,-0.72,0.6190476190476191,FALSE
2019-09-30,2019,40,RSV,1.45,FALSE,9,2019,2019,2019/20,2019-07-01,14,3.22,8.199999999999998,0.06,11,9,-1.7700000000000002,0.45031055900621114,FALSE
2019-10-07,2019,41,RSV,1.81,FALSE,10,2019,2019,2019/20,2019-07-01,15,4.15,8.065999999999999,0,9.99,9,-2.3400000000000003,0.436144578313253,FALSE
2019-10-14,2019,42,RSV,3.33,FALSE,10,2019,2019,2019/20,2019-07-01,16,6.61,9.102,0,9.85,9,-3.2800000000000002,0.5037821482602118,FALSE
2019-10-21,2019,43,RSV,5.01,FALSE,10,2019,2019,2019/20,2019-07-01,17,9.2,10.594,0.1,11.39,9,-4.1899999999999995,0.5445652173913044,FALSE
2019-10-28,2019,44,RSV,6.35,FALSE,10,2019,2019,2019/20,2019-07-01,18,7.92,14.381999999999998,0.05,16.53,9,-1.5700000000000003,0.8017676767676767,FALSE
2019-11-04,2019,45,RSV,8.96,FALSE,11,2019,2019,2019/20,2019-07-01,19,9.38,17.512,0.05,19.32,9,-0.41999999999999993,0.9552238805970149,FALSE
2019-11-11,2019,46,RSV,10.95,FALSE,11,2019,2019,2019/20,2019-07-01,20,11.78,21.695999999999998,0.26,22.6,9,-0.8300000000000001,0.9295415959252971,FALSE
2019-11-18,2019,47,RSV,13.31,FALSE,11,2019,2019,2019/20,2019-07-01,21,13.41,23.948,0.06,24.72,9,-0.09999999999999964,0.9925428784489188,FALSE
2019-11-25,2019,48,RSV,16.32,FALSE,11,2019,2019,2019/20,2019-07-01,22,13.4,24.305999999999997,0.09,25.35,9,2.92,1.217910447761194,FALSE
2019-12-02,2019,49,RSV,16.47,FALSE,12,2019,2019,2019/20,2019-07-01,23,11.67,21.892,0,22.54,9,4.799999999999999,1.4113110539845757,FALSE
2019-12-09,2019,50,RSV,15.94,FALSE,12,2019,2019,2019/20,2019-07-01,24,10.12,18.112000000000002,0.04,18.28,9,5.82,1.575098814229249,FALSE
2019-12-16,2019,51,RSV,14.88,FALSE,12,2019,2019,2019/20,2019-07-01,25,9.26,15.12,0.13,15.28,9,5.620000000000001,1.6069114470842334,FALSE
2019-12-23,2019,52,RSV,14.02,FALSE,12,2019,2019,2019/20,2019-07-01,26,7.38,12.86,0,14.02,9,6.64,1.899728997289973,TRUE
2019-12-30,2019,1,RSV,12.74,FALSE,12,2019,2019,2019/20,2019-07-01,27,5.95,11.66,0,12.74,9,6.79,2.1411764705882352,TRUE
2020-01-06,2020,2,RSV,10.65,FALSE,1,2020,2019,2019/20,2019-07-01,28,4.84,9.089999999999998,0,10.65,9,5.8100000000000005,2.200413223140496,TRUE
2020-01-13,2020,3,RSV,7.41,FALSE,1,2020,2019,2019/20,2019-07-01,29,4.01,6.981999999999999,0,7.41,9,3.4000000000000004,1.8478802992518704,TRUE
2020-01-20,2020,4,RSV,6.94,FALSE,1,2020,2019,2019/20,2019-07-01,30,3.19,6.108,0.02,6.94,9,3.7500000000000004,2.175548589341693,TRUE
2020-01-27,2020,5,RSV,5.52,FALSE,1,2020,2019,2019/20,2019-07-01,31,2.5,5.164,0,5.52,9,3.0199999999999996,2.2079999999999997,TRUE
2020-02-03,2020,6,RSV,3.2,FALSE,2,2020,2019,2019/20,2019-07-01,32,2.36,3.452,0.02,3.62,9,0.8400000000000003,1.3559322033898307,FALSE
2020-02-10,2020,7,RSV,2.51,FALSE,2,2020,2019,2019/20,2019-07-01,33,1.92,2.676,0,2.68,9,0.5899999999999999,1.3072916666666665,FALSE
2020-02-17,2020,8,RSV,2.71,FALSE,2,2020,2019,2019/20,2019-07-01,34,1.91,2.4379999999999997,0,2.71,9,0.8,1.418848167539267,TRUE
2020-02-24,2020,9,RSV,1.22,FALSE,2,2020,2019,2019/20,2019-07-01,35,1.23,1.8939999999999997,0.04,2.07,9,-0.010000000000000009,0.991869918699187,FALSE
2020-03-02,2020,10,RSV,1.42,FALSE,3,2020,2019,2019/20,2019-07-01,36,1.42,1.702,0.02,1.71,9,0,1,FALSE
2020-03-09,2020,11,RSV,1.01,FALSE,3,2020,2019,2019/20,2019-07-01,37,1.01,1.464,0.04,1.54,9,0,1,FALSE
2020-03-16,2020,12,RSV,0.96,FALSE,3,2020,2019,2019/20,2019-07-01,38,0.96,1.5019999999999998,0.05,1.63,9,0,1,FALSE
2020-03-23,2020,13,RSV,0.4,FALSE,3,2020,2019,2019/20,2019-07-01,39,0.66,1.5559999999999998,0.02,1.86,9,-0.26,0.6060606060606061,FALSE
2020-03-30,2020,14,RSV,0.22,FALSE,3,2020,2019,2019/20,2019-07-01,40,0.62,1.816,0.05,1.82,9,-0.4,0.3548387096774194,FALSE
2020-04-06,2020,15,RSV,0.14,FALSE,4,2020,2019,2019/20,2019-07-01,41,0.77,1.904,0.07,2.08,9,-0.63,0.18181818181818182,FALSE
2020-04-13,2020,16,RSV,0.89,FALSE,4,2020,2019,2019/20,2019-07-01,42,0.68,1.7199999999999998,0.04,1.88,9,0.20999999999999996,1.3088235294117647,FALSE
2020-04-20,2020,17,RSV,0.75,FALSE,4,2020,2019,2019/20,2019-07-01,43,0.35,1.434,0.16,1.45,9,0.4,2.142857142857143,FALSE
2020-04-27,2020,18,RSV,0.44,FALSE,4,2020,2019,2019/20,2019-07-01,44,0.44,1.6819999999999995,0.09,2.11,9,0,1,FALSE
2020-05-04,2020,19,RSV,0.21,FALSE,5,2020,2019,2019/20,2019-07-01,45,0.43,2.487999999999999,0.21,3.34,9,-0.22,0.4883720930232558,FALSE
2020-05-11,2020,20,RSV,0,FALSE,5,2020,2019,2019/20,2019-07-01,46,0.51,2.1639999999999993,0,3.04,9,-0.51,0,FALSE
2020-05-18,2020,21,RSV,0.31,FALSE,5,2020,2019,2019/20,2019-07-01,47,0.36,2.887999999999999,0.24,4.16,9,-0.04999999999999999,0.8611111111111112,FALSE
2020-05-25,2020,22,RSV,0,FALSE,5,2020,2019,2019/20,2019-07-01,48,0.37,3.5399999999999987,0,4.64,9,-0.37,0,FALSE
2020-06-01,2020,23,RSV,0.2,FALSE,6,2020,2019,2019/20,2019-07-01,49,0.41,2.9699999999999993,0.16,4.07,9,-0.20999999999999996,0.48780487804878053,FALSE
2020-06-08,2020,24,RSV,0.3,FALSE,6,2020,2019,2019/20,2019-07-01,50,0.46,2.9539999999999993,0.07,3.83,9,-0.16000000000000003,0.6521739130434782,FALSE
2020-06-15,2020,25,RSV,0.12,FALSE,6,2020,2019,2019/20,2019-07-01,51,0.32,3.967999999999999,0.12,4.8,9,-0.2,0.375,FALSE
2020-06-22,2020,26,RSV,0.13,FALSE,6,2020,2019,2019/20,2019-07-01,52,0.26,4.459999999999999,0.13,5.02,9,-0.13,0.5,FALSE
2020-06-29,2020,27,RSV,0,FALSE,6,2020,2019,2019/20,2019-07-01,53,0.095,0.1805,0,0.19,2,-0.095,0,FALSE
2020-07-06,2020,28,RSV,0.25,FALSE,7,2020,2020,2020/21,2020-07-01,1,0.4,6.139999999999999,0.25,6.88,9,-0.15000000000000002,0.625,FALSE
2020-07-13,2020,29,RSV,0,FALSE,7,2020,2020,2020/21,2020-07-01,2,0.71,8.117999999999999,0,8.85,9,-0.71,0,FALSE
2020-07-20,2020,30,RSV,0,FALSE,7,2020,2020,2020/21,2020-07-01,3,0.37,10.157999999999998,0,12.99,9,-0.37,0,FALSE
2020-07-27,2020,31,RSV,0,FALSE,7,2020,2020,2020/21,2020-07-01,4,0.4,11.235999999999997,0,14.56,9,-0.4,0,FALSE
2020-08-03,2020,32,RSV,0,FALSE,8,2020,2020,2020/21,2020-07-01,5,0.89,11.283999999999997,0,15,9,-0.89,0,FALSE
2020-08-10,2020,33,RSV,0,FALSE,8,2020,2020,2020/21,2020-07-01,6,0.63,10.861999999999997,0,14.11,9,-0.63,0,FALSE
2020-08-17,2020,34,RSV,0,FALSE,8,2020,2020,2020/21,2020-07-01,7,0.86,9.917999999999997,0,13.71,9,-0.86,0,FALSE
2020-08-24,2020,35,RSV,0.1,FALSE,8,2020,2020,2020/21,2020-07-01,8,0.79,9.275999999999996,0.1,13.68,9,-0.6900000000000001,0.12658227848101267,FALSE
2020-08-31,2020,36,RSV,0.2,FALSE,8,2020,2020,2020/21,2020-07-01,9,1.22,8.909999999999997,0.2,12.87,9,-1.02,0.1639344262295082,FALSE
2020-09-07,2020,37,RSV,0,FALSE,9,2020,2020,2020/21,2020-07-01,10,1.19,7.287999999999997,0,9.94,9,-1.19,0,FALSE
2020-09-14,2020,38,RSV,0.17,FALSE,9,2020,2020,2020/21,2020-07-01,11,1.1,6.845999999999998,0.17,9.23,9,-0.93,0.15454545454545454,FALSE
2020-09-21,2020,39,RSV,0,FALSE,9,2020,2020,2020/21,2020-07-01,12,1.17,6.075999999999998,0,8.02,9,-1.17,0,FALSE
2020-09-28,2020,40,RSV,0.06,FALSE,9,2020,2020,2020/21,2020-07-01,13,1.89,6.901999999999998,0.06,9.25,9,-1.8299999999999998,0.031746031746031744,FALSE
2020-10-05,2020,41,RSV,0.06,FALSE,10,2020,2020,2020/21,2020-07-01,14,3.22,8.199999999999998,0.06,11,9,-3.16,0.018633540372670804,FALSE
2020-10-12,2020,42,RSV,0,FALSE,10,2020,2020,2020/21,2020-07-01,15,4.15,8.065999999999999,0,9.99,9,-4.15,0,FALSE
2020-10-19,2020,43,RSV,0,FALSE,10,2020,2020,2020/21,2020-07-01,16,6.61,9.102,0,9.85,9,-6.61,0,FALSE
2020-10-26,2020,44,RSV,0.1,FALSE,10,2020,2020,2020/21,2020-07-01,17,9.2,10.594,0.1,11.39,9,-9.1,0.010869565217391306,FALSE
2020-11-02,2020,45,RSV,0.05,FALSE,11,2020,2020,2020/21,2020-07-01,18,7.92,14.381999999999998,0.05,16.53,9,-7.87,0.006313131313131314,FALSE
2020-11-09,2020,46,RSV,0.05,FALSE,11,2020,2020,2020/21,2020-07-01,19,9.38,17.512,0.05,19.32,9,-9.33,0.005330490405117271,FALSE
2020-11-16,2020,47,RSV,0.26,FALSE,11,2020,2020,2020/21,2020-07-01,20,11.78,21.695999999999998,0.26,22.6,9,-11.52,0.02207130730050934,FALSE
2020-11-23,2020,48,RSV,0.06,FALSE,11,2020,2020,2020/21,2020-07-01,21,13.41,23.948,0.06,24.72,9,-13.35,0.0044742729306487695,FALSE
2020-11-30,2020,49,RSV,0.09,FALSE,11,2020,2020,2020/21,2020-07-01,22,13.4,24.305999999999997,0.09,25.35,9,-13.31,0.006716417910447761,FALSE
2020-12-07,2020,50,RSV,0,FALSE,12,2020,2020,2020/21,2020-07-01,23,11.67,21.892,0,22.54,9,-11.67,0,FALSE
2020-12-14,2020,51,RSV,0.04,FALSE,12,2020,2020,2020/21,2020-07-01,24,10.12,18.112000000000002,0.04,18.28,9,-10.08,0.003952569169960475,FALSE
2020-12-21,2020,52,RSV,0.13,FALSE,12,2020,2020,2020/21,2020-07-01,25,9.26,15.12,0.13,15.28,9,-9.129999999999999,0.014038876889848813,FALSE
2020-12-28,2020,53,RSV,0,FALSE,12,2020,2020,2020/21,2020-07-01,26,7.38,12.86,0,14.02,9,-7.38,0,FALSE
2021-01-04,2021,1,RSV,0,FALSE,1,2021,2020,2020/21,2020-07-01,27,5.95,11.66,0,12.74,9,-5.95,0,FALSE
2021-01-11,2021,2,RSV,0,FALSE,1,2021,2020,2020/21,2020-07-01,28,4.84,9.089999999999998,0,10.65,9,-4.84,0,FALSE
2021-01-18,2021,3,RSV,0,FALSE,1,2021,2020,2020/21,2020-07-01,29,4.01,6.981999999999999,0,7.41,9,-4.01,0,FALSE
2021-01-25,2021,4,RSV,0.02,FALSE,1,2021,2020,2020/21,2020-07-01,30,3.19,6.108,0.02,6.94,9,-3.17,0.006269592476489029,FALSE
2021-02-01,2021,5,RSV,0,FALSE,2,2021,2020,2020/21,2020-07-01,31,2.5,5.164,0,5.52,9,-2.5,0,FALSE
2021-02-08,2021,6,RSV,0.02,FALSE,2,2021,2020,2020/21,2020-07-01,32,2.36,3.452,0.02,3.62,9,-2.34,0.00847457627118644,FALSE
2021-02-15,2021,7,RSV,0,FALSE,2,2021,2020,2020/21,2020-07-01,33,1.92,2.676,0,2.68,9,-1.92,0,FALSE
2021-02-22,2021,8,RSV,0,FALSE,2,2021,2020,2020/21,2020-07-01,34,1.91,2.4379999999999997,0,2.71,9,-1.91,0,FALSE
2021-03-01,2021,9,RSV,0.04,FALSE,3,2021,2020,2020/21,2020-07-01,35,1.23,1.8939999999999997,0.04,2.07,9,-1.19,0.032520325203252036,FALSE
2021-03-08,2021,10,RSV,0.02,FALSE,3,2021,2020,2020/21,2020-07-01,36,1.42,1.702,0.02,1.71,9,-1.4,0.014084507042253521,FALSE
2021-03-15,2021,11,RSV,0.04,FALSE,3,2021,2020,2020/21,2020-07-01,37,1.01,1.464,0.04,1.54,9,-0.97,0.039603960396039604,FALSE
2021-03-22,2021,12,RSV,0.05,FALSE,3,2021,2020,2020/21,2020-07-01,38,0.96,1.5019999999999998,0.05,1.63,9,-0.9099999999999999,0.052083333333333336,FALSE
2021-03-29,2021,13,RSV,0.02,FALSE,3,2021,2020,2020/21,2020-07-01,39,0.66,1.5559999999999998,0.02,1.86,9,-0.64,0.030303030303030304,FALSE
2021-04-05,2021,14,RSV,0.05,FALSE,4,2021,2020,2020/21,2020-07-01,40,0.62,1.816,0.05,1.82,9,-0.57,0.08064516129032259,FALSE
2021-04-12,2021,15,RSV,0.07,FALSE,4,2021,2020,2020/21,2020-07-01,41,0.77,1.904,0.07,2.08,9,-0.7,0.09090909090909091,FALSE
2021-04-19,2021,16,RSV,0.04,FALSE,4,2021,2020,2020/21,2020-07-01,42,0.68,1.7199999999999998,0.04,1.88,9,-0.64,0.058823529411764705,FALSE
2021-04-26,2021,17,RSV,0.16,FALSE,4,2021,2020,2020/21,2020-07-01,43,0.35,1.434,0.16,1.45,9,-0.18999999999999997,0.4571428571428572,FALSE
2021-05-03,2021,18,RSV,0.09,FALSE,5,2021,2020,2020/21,2020-07-01,44,0.44,1.6819999999999995,0.09,2.11,9,-0.35,0.20454545454545453,FALSE
2021-05-10,2021,19,RSV,0.43,FALSE,5,2021,2020,2020/21,2020-07-01,45,0.43,2.487999999999999,0.21,3.34,9,0,1,FALSE
2021-05-17,2021,20,RSV,0.51,FALSE,5,2021,2020,2020/21,2020-07-01,46,0.51,2.1639999999999993,0,3.04,9,0,1,FALSE
2021-05-24,2021,21,RSV,0.98,FALSE,5,2021,2020,2020/21,2020-07-01,47,0.36,2.887999999999999,0.24,4.16,9,0.62,2.7222222222222223,FALSE
2021-05-31,2021,22,RSV,1.89,FALSE,5,2021,2020,2020/21,2020-07-01,48,0.37,3.5399999999999987,0,4.64,9,1.52,5.108108108108108,FALSE
2021-06-07,2021,23,RSV,1.29,FALSE,6,2021,2020,2020/21,2020-07-01,49,0.41,2.9699999999999993,0.16,4.07,9,0.8800000000000001,3.1463414634146343,FALSE
2021-06-14,2021,24,RSV,1.64,FALSE,6,2021,2020,2020/21,2020-07-01,50,0.46,2.9539999999999993,0.07,3.83,9,1.18,3.5652173913043477,FALSE
2021-06-21,2021,25,RSV,2.72,FALSE,6,2021,2020,2020/21,2020-07-01,51,0.32,3.967999999999999,0.12,4.8,9,2.4000000000000004,8.5,FALSE
2021-06-28,2021,26,RSV,3.62,FALSE,6,2021,2020,2020/21,2020-07-01,52,0.26,4.459999999999999,0.13,5.02,9,3.3600000000000003,13.923076923076923,FALSE
2021-07-05,2021,27,RSV,6.88,FALSE,7,2021,2021,2021/22,2021-07-01,1,0.4,6.139999999999999,0.25,6.88,9,6.4799999999999995,17.2,TRUE
2021-07-12,2021,28,RSV,8.85,FALSE,7,2021,2021,2021/22,2021-07-01,2,0.71,8.117999999999999,0,8.85,9,8.14,12.464788732394366,TRUE
2021-07-19,2021,29,RSV,12.99,FALSE,7,2021,2021,2021/22,2021-07-01,3,0.37,10.157999999999998,0,12.99,9,12.620000000000001,35.10810810810811,TRUE
2021-07-26,2021,30,RSV,14.56,FALSE,7,2021,2021,2021/22,2021-07-01,4,0.4,11.235999999999997,0,14.56,9,14.16,36.4,TRUE
2021-08-02,2021,31,RSV,15,FALSE,8,2021,2021,2021/22,2021-07-01,5,0.89,11.283999999999997,0,15,9,14.11,16.853932584269664,TRUE
2021-08-09,2021,32,RSV,14.11,FALSE,8,2021,2021,2021/22,2021-07-01,6,0.63,10.861999999999997,0,14.11,9,13.479999999999999,22.396825396825395,TRUE
2021-08-16,2021,33,RSV,13.71,FALSE,8,2021,2021,2021/22,2021-07-01,7,0.86,9.917999999999997,0,13.71,9,12.850000000000001,15.94186046511628,TRUE
2021-08-23,2021,34,RSV,13.68,FALSE,8,2021,2021,2021/22,2021-07-01,8,0.79,9.275999999999996,0.1,13.68,9,12.89,17.31645569620253,TRUE
2021-08-30,2021,35,RSV,12.87,FALSE,8,2021,2021,2021/22,2021-07-01,9,1.22,8.909999999999997,0.2,12.87,9,11.649999999999999,10.549180327868852,TRUE
2021-09-06,2021,36,RSV,9.94,FALSE,9,2021,2021,2021/22,2021-07-01,10,1.19,7.287999999999997,0,9.94,9,8.75,8.352941176470589,TRUE
2021-09-13,2021,37,RSV,9.23,FALSE,9,2021,2021,2021/22,2021-07-01,11,1.1,6.845999999999998,0.17,9.23,9,8.13,8.39090909090909,TRUE
2021-09-20,2021,38,RSV,8.02,FALSE,9,2021,2021,2021/22,2021-07-01,12,1.17,6.075999999999998,0,8.02,9,6.85,6.854700854700854,TRUE
2021-09-27,2021,39,RSV,9.25,FALSE,9,2021,2021,2021/22,2021-07-01,13,1.89,6.901999999999998,0.06,9.25,9,7.36,4.894179894179895,TRUE
2021-10-04,2021,40,RSV,11,FALSE,10,2021,2021,2021/22,2021-07-01,14,3.22,8.199999999999998,0.06,11,9,7.779999999999999,3.4161490683229814,TRUE
2021-10-11,2021,41,RSV,9.99,FALSE,10,2021,2021,2021/22,2021-07-01,15,4.15,8.065999999999999,0,9.99,9,5.84,2.4072289156626505,TRUE
2021-10-18,2021,42,RSV,9.85,FALSE,10,2021,2021,2021/22,2021-07-01,16,6.61,9.102,0,9.85,9,3.2399999999999993,1.4901664145234492,TRUE
2021-10-25,2021,43,RSV,9.2,FALSE,10,2021,2021,2021/22,2021-07-01,17,9.2,10.594,0.1,11.39,9,0,1,FALSE
2021-11-01,2021,44,RSV,7.92,FALSE,11,2021,2021,2021/22,2021-07-01,18,7.92,14.381999999999998,0.05,16.53,9,0,1,FALSE
2021-11-08,2021,45,RSV,4.84,FALSE,11,2021,2021,2021/22,2021-07-01,19,9.38,17.512,0.05,19.32,9,-4.540000000000001,0.5159914712153517,FALSE
2021-11-15,2021,46,RSV,4.04,FALSE,11,2021,2021,2021/22,2021-07-01,20,11.78,21.695999999999998,0.26,22.6,9,-7.739999999999999,0.34295415959252973,FALSE
2021-11-22,2021,47,RSV,4.25,FALSE,11,2021,2021,2021/22,2021-07-01,21,13.41,23.948,0.06,24.72,9,-9.16,0.3169276659209545,FALSE
2021-11-29,2021,48,RSV,4.65,FALSE,11,2021,2021,2021/22,2021-07-01,22,13.4,24.305999999999997,0.09,25.35,9,-8.75,0.34701492537313433,FALSE
2021-12-06,2021,49,RSV,3.27,FALSE,12,2021,2021,2021/22,2021-07-01,23,11.67,21.892,0,22.54,9,-8.4,0.2802056555269923,FALSE
2021-12-13,2021,50,RSV,3.56,FALSE,12,2021,2021,2021/22,2021-07-01,24,10.12,18.112000000000002,0.04,18.28,9,-6.559999999999999,0.35177865612648224,FALSE
2021-12-20,2021,51,RSV,3.1,FALSE,12,2021,2021,2021/22,2021-07-01,25,9.26,15.12,0.13,15.28,9,-6.16,0.3347732181425486,FALSE
2021-12-27,2021,52,RSV,2.44,FALSE,12,2021,2021,2021/22,2021-07-01,26,7.38,12.86,0,14.02,9,-4.9399999999999995,0.33062330623306235,FALSE
2022-01-03,2022,1,RSV,2.5,FALSE,1,2022,2021,2021/22,2021-07-01,27,5.95,11.66,0,12.74,9,-3.45,0.42016806722689076,FALSE
2022-01-10,2022,2,RSV,1.86,FALSE,1,2022,2021,2021/22,2021-07-01,28,4.84,9.089999999999998,0,10.65,9,-2.9799999999999995,0.3842975206611571,FALSE
2022-01-17,2022,3,RSV,1.52,FALSE,1,2022,2021,2021/22,2021-07-01,29,4.01,6.981999999999999,0,7.41,9,-2.4899999999999998,0.37905236907730677,FALSE
2022-01-24,2022,4,RSV,1.85,FALSE,1,2022,2021,2021/22,2021-07-01,30,3.19,6.108,0.02,6.94,9,-1.3399999999999999,0.5799373040752351,FALSE
2022-01-31,2022,5,RSV,0.78,FALSE,1,2022,2021,2021/22,2021-07-01,31,2.5,5.164,0,5.52,9,-1.72,0.312,FALSE
2022-02-07,2022,6,RSV,1.76,FALSE,2,2022,2021,2021/22,2021-07-01,32,2.36,3.452,0.02,3.62,9,-0.5999999999999999,0.7457627118644068,FALSE
2022-02-14,2022,7,RSV,1.03,FALSE,2,2022,2021,2021/22,2021-07-01,33,1.92,2.676,0,2.68,9,-0.8899999999999999,0.5364583333333334,FALSE
2022-02-21,2022,8,RSV,0.68,FALSE,2,2022,2021,2021/22,2021-07-01,34,1.91,2.4379999999999997,0,2.71,9,-1.23,0.356020942408377,FALSE
2022-02-28,2022,9,RSV,1.22,FALSE,2,2022,2021,2021/22,2021-07-01,35,1.23,1.8939999999999997,0.04,2.07,9,-0.010000000000000009,0.991869918699187,FALSE
2022-03-07,2022,10,RSV,1.69,FALSE,3,2022,2021,2021/22,2021-07-01,36,1.42,1.702,0.02,1.71,9,0.27,1.1901408450704225,FALSE
2022-03-14,2022,11,RSV,0.93,FALSE,3,2022,2021,2021/22,2021-07-01,37,1.01,1.464,0.04,1.54,9,-0.07999999999999996,0.9207920792079208,FALSE
2022-03-21,2022,12,RSV,0.79,FALSE,3,2022,2021,2021/22,2021-07-01,38,0.96,1.5019999999999998,0.05,1.63,9,-0.16999999999999993,0.8229166666666667,FALSE
2022-03-28,2022,13,RSV,0.66,FALSE,3,2022,2021,2021/22,2021-07-01,39,0.66,1.5559999999999998,0.02,1.86,9,0,1,FALSE
2022-04-04,2022,14,RSV,1.82,FALSE,4,2022,2021,2021/22,2021-07-01,40,0.62,1.816,0.05,1.82,9,1.2000000000000002,2.935483870967742,TRUE
2022-04-11,2022,15,RSV,2.08,FALSE,4,2022,2021,2021/22,2021-07-01,41,0.77,1.904,0.07,2.08,9,1.31,2.7012987012987013,TRUE
2022-04-18,2022,16,RSV,1.88,FALSE,4,2022,2021,2021/22,2021-07-01,42,0.68,1.7199999999999998,0.04,1.88,9,1.1999999999999997,2.7647058823529407,TRUE
2022-04-25,2022,17,RSV,1.41,FALSE,4,2022,2021,2021/22,2021-07-01,43,0.35,1.434,0.16,1.45,9,1.06,4.0285714285714285,FALSE
2022-05-02,2022,18,RSV,2.11,FALSE,5,2022,2021,2021/22,2021-07-01,44,0.44,1.6819999999999995,0.09,2.11,9,1.67,4.795454545454545,TRUE
2022-05-09,2022,19,RSV,3.34,FALSE,5,2022,2021,2021/22,2021-07-01,45,0.43,2.487999999999999,0.21,3.34,9,2.9099999999999997,7.767441860465116,TRUE
2022-05-16,2022,20,RSV,3.04,FALSE,5,2022,2021,2021/22,2021-07-01,46,0.51,2.1639999999999993,0,3.04,9,2.5300000000000002,5.96078431372549,TRUE
2022-05-23,2022,21,RSV,4.16,FALSE,5,2022,2021,2021/22,2021-07-01,47,0.36,2.887999999999999,0.24,4.16,9,3.8000000000000003,11.555555555555557,TRUE
2022-05-30,2022,22,RSV,4.64,FALSE,5,2022,2021,2021/22,2021-07-01,48,0.37,3.5399999999999987,0,4.64,9,4.27,12.54054054054054,TRUE
2022-06-06,2022,23,RSV,4.07,FALSE,6,2022,2021,2021/22,2021-07-01,49,0.41,2.9699999999999993,0.16,4.07,9,3.66,9.926829268292684,TRUE
2022-06-13,2022,24,RSV,3.83,FALSE,6,2022,2021,2021/22,2021-07-01,50,0.46,2.9539999999999993,0.07,3.83,9,3.37,8.326086956521738,TRUE
2022-06-20,2022,25,RSV,4.8,FALSE,6,2022,2021,2021/22,2021-07-01,51,0.32,3.967999999999999,0.12,4.8,9,4.4799999999999995,15,TRUE
2022-06-27,2022,26,RSV,5.02,FALSE,6,2022,2021,2021/22,2021-07-01,52,0.26,4.459999999999999,0.13,5.02,9,4.76,19.307692307692307,TRUE
2022-07-04,2022,27,RSV,5.03,FALSE,7,2022,2022,2022/23,2022-07-01,1,0.4,6.139999999999999,0.25,6.88,9,4.63,12.575,FALSE
2022-07-11,2022,28,RSV,7.02,FALSE,7,2022,2022,2022/23,2022-07-01,2,0.71,8.117999999999999,0,8.85,9,6.31,9.887323943661972,FALSE
2022-07-18,2022,29,RSV,5.91,FALSE,7,2022,2022,2022/23,2022-07-01,3,0.37,10.157999999999998,0,12.99,9,5.54,15.972972972972974,FALSE
2022-07-25,2022,30,RSV,6.25,FALSE,7,2022,2022,2022/23,2022-07-01,4,0.4,11.235999999999997,0,14.56,9,5.85,15.625,FALSE
2022-08-01,2022,31,RSV,5.71,FALSE,8,2022,2022,2022/23,2022-07-01,5,0.89,11.283999999999997,0,15,9,4.82,6.415730337078651,FALSE
2022-08-08,2022,32,RSV,5.99,FALSE,8,2022,2022,2022/23,2022-07-01,6,0.63,10.861999999999997,0,14.11,9,5.36,9.507936507936508,FALSE
2022-08-15,2022,33,RSV,4.23,FALSE,8,2022,2022,2022/23,2022-07-01,7,0.86,9.917999999999997,0,13.71,9,3.3700000000000006,4.918604651162791,FALSE
2022-08-22,2022,34,RSV,2.67,FALSE,8,2022,2022,2022/23,2022-07-01,8,0.79,9.275999999999996,0.1,13.68,9,1.88,3.3797468354430378,FALSE
2022-08-29,2022,35,RSV,2.97,FALSE,8,2022,2022,2022/23,2022-07-01,9,1.22,8.909999999999997,0.2,12.87,9,1.7500000000000002,2.434426229508197,FALSE
2022-09-05,2022,36,RSV,3.31,FALSE,9,2022,2022,2022/23,2022-07-01,10,1.19,7.287999999999997,0,9.94,9,2.12,2.781512605042017,FALSE
2022-09-12,2022,37,RSV,3.27,FALSE,9,2022,2022,2022/23,2022-07-01,11,1.1,6.845999999999998,0.17,9.23,9,2.17,2.9727272727272727,FALSE
2022-09-19,2022,38,RSV,3.16,FALSE,9,2022,2022,2022/23,2022-07-01,12,1.17,6.075999999999998,0,8.02,9,1.9900000000000002,2.700854700854701,FALSE
2022-09-26,2022,39,RSV,3.35,FALSE,9,2022,2022,2022/23,2022-07-01,13,1.89,6.901999999999998,0.06,9.25,9,1.4600000000000002,1.7724867724867726,FALSE
2022-10-03,2022,40,RSV,3.22,FALSE,10,2022,2022,2022/23,2022-07-01,14,3.22,8.199999999999998,0.06,11,9,0,1,FALSE
2022-10-10,2022,41,RSV,5.18,FALSE,10,2022,2022,2022/23,2022-07-01,15,4.15,8.065999999999999,0,9.99,9,1.0299999999999994,1.2481927710843372,FALSE
2022-10-17,2022,42,RSV,6.61,FALSE,10,2022,2022,2022/23,2022-07-01,16,6.61,9.102,0,9.85,9,0,1,FALSE
2022-10-24,2022,43,RSV,9.4,FALSE,10,2022,2022,2022/23,2022-07-01,17,9.2,10.594,0.1,11.39,9,0.20000000000000107,1.0217391304347827,FALSE
2022-10-31,2022,44,RSV,9.19,FALSE,10,2022,2022,2022/23,2022-07-01,18,7.92,14.381999999999998,0.05,16.53,9,1.2699999999999996,1.1603535353535352,FALSE
2022-11-07,2022,45,RSV,10.37,FALSE,11,2022,2022,2022/23,2022-07-01,19,9.38,17.512,0.05,19.32,9,0.9899999999999984,1.1055437100213217,FALSE
2022-11-14,2022,46,RSV,12.92,FALSE,11,2022,2022,2022/23,2022-07-01,20,11.78,21.695999999999998,0.26,22.6,9,1.1400000000000006,1.0967741935483872,FALSE
2022-11-21,2022,47,RSV,13.68,FALSE,11,2022,2022,2022/23,2022-07-01,21,13.41,23.948,0.06,24.72,9,0.2699999999999996,1.0201342281879193,FALSE
2022-11-28,2022,48,RSV,11.05,FALSE,11,2022,2022,2022/23,2022-07-01,22,13.4,24.305999999999997,0.09,25.35,9,-2.3499999999999996,0.8246268656716418,FALSE
2022-12-05,2022,49,RSV,10.02,FALSE,12,2022,2022,2022/23,2022-07-01,23,11.67,21.892,0,22.54,9,-1.6500000000000004,0.858611825192802,FALSE
2022-12-12,2022,50,RSV,7.91,FALSE,12,2022,2022,2022/23,2022-07-01,24,10.12,18.112000000000002,0.04,18.28,9,-2.209999999999999,0.7816205533596838,FALSE
2022-12-19,2022,51,RSV,7.91,FALSE,12,2022,2022,2022/23,2022-07-01,25,9.26,15.12,0.13,15.28,9,-1.3499999999999996,0.8542116630669547,FALSE
2022-12-26,2022,52,RSV,7.11,FALSE,12,2022,2022,2022/23,2022-07-01,26,7.38,12.86,0,14.02,9,-0.2699999999999996,0.9634146341463415,FALSE
2023-01-02,2023,1,RSV,5.93,FALSE,1,2023,2022,2022/23,2022-07-01,27,5.95,11.66,0,12.74,9,-0.020000000000000462,0.9966386554621848,FALSE
2023-01-09,2023,2,RSV,5.05,FALSE,1,2023,2022,2022/23,2022-07-01,28,4.84,9.089999999999998,0,10.65,9,0.20999999999999996,1.0433884297520661,FALSE
2023-01-16,2023,3,RSV,4.01,FALSE,1,2023,2022,2022/23,2022-07-01,29,4.01,6.981999999999999,0,7.41,9,0,1,FALSE
2023-01-23,2023,4,RSV,3.19,FALSE,1,2023,2022,2022/23,2022-07-01,30,3.19,6.108,0.02,6.94,9,0,1,FALSE
2023-01-30,2023,5,RSV,2.72,FALSE,1,2023,2022,2022/23,2022-07-01,31,2.5,5.164,0,5.52,9,0.2200000000000002,1.088,FALSE
2023-02-06,2023,6,RSV,2.46,FALSE,2,2023,2022,2022/23,2022-07-01,32,2.36,3.452,0.02,3.62,9,0.10000000000000009,1.0423728813559323,FALSE
2023-02-13,2023,7,RSV,1.92,FALSE,2,2023,2022,2022/23,2022-07-01,33,1.92,2.676,0,2.68,9,0,1,FALSE
2023-02-20,2023,8,RSV,1.91,FALSE,2,2023,2022,2022/23,2022-07-01,34,1.91,2.4379999999999997,0,2.71,9,0,1,FALSE
2023-02-27,2023,9,RSV,1.28,FALSE,2,2023,2022,2022/23,2022-07-01,35,1.23,1.8939999999999997,0.04,2.07,9,0.050000000000000044,1.0406504065040652,FALSE
2023-03-06,2023,10,RSV,1.51,FALSE,3,2023,2022,2022/23,2022-07-01,36,1.42,1.702,0.02,1.71,9,0.09000000000000008,1.063380281690141,FALSE
2023-03-13,2023,11,RSV,1.01,FALSE,3,2023,2022,2022/23,2022-07-01,37,1.01,1.464,0.04,1.54,9,0,1,FALSE
2023-03-20,2023,12,RSV,0.77,FALSE,3,2023,2022,2022/23,2022-07-01,38,0.96,1.5019999999999998,0.05,1.63,9,-0.18999999999999995,0.8020833333333334,FALSE
2023-03-27,2023,13,RSV,0.52,FALSE,3,2023,2022,2022/23,2022-07-01,39,0.66,1.5559999999999998,0.02,1.86,9,-0.14,0.7878787878787878,FALSE
2023-04-03,2023,14,RSV,0.74,FALSE,4,2023,2022,2022/23,2022-07-01,40,0.62,1.816,0.05,1.82,9,0.12,1.1935483870967742,FALSE
2023-04-10,2023,15,RSV,0.77,FALSE,4,2023,2022,2022/23,2022-07-01,41,0.77,1.904,0.07,2.08,9,0,1,FALSE
2023-04-17,2023,16,RSV,0.61,FALSE,4,2023,2022,2022/23,2022-07-01,42,0.68,1.7199999999999998,0.04,1.88,9,-0.07000000000000006,0.8970588235294117,FALSE
2023-04-24,2023,17,RSV,0.35,FALSE,4,2023,2022,2022/23,2022-07-01,43,0.35,1.434,0.16,1.45,9,0,1,FALSE
2023-05-01,2023,18,RSV,0.64,FALSE,5,2023,2022,2022/23,2022-07-01,44,0.44,1.6819999999999995,0.09,2.11,9,0.2,1.4545454545454546,FALSE
2023-05-08,2023,19,RSV,1.21,FALSE,5,2023,2022,2022/23,2022-07-01,45,0.43,2.487999999999999,0.21,3.34,9,0.78,2.813953488372093,FALSE
2023-05-15,2023,20,RSV,0.59,FALSE,5,2023,2022,2022/23,2022-07-01,46,0.51,2.1639999999999993,0,3.04,9,0.07999999999999996,1.156862745098039,FALSE
2023-05-22,2023,21,RSV,0.36,FALSE,5,2023,2022,2022/23,2022-07-01,47,0.36,2.887999999999999,0.24,4.16,9,0,1,FALSE
2023-05-29,2023,22,RSV,0.59,FALSE,5,2023,2022,2022/23,2022-07-01,48,0.37,3.5399999999999987,0,4.64,9,0.21999999999999997,1.5945945945945945,FALSE
2023-06-05,2023,23,RSV,0.38,FALSE,6,2023,2022,2022/23,2022-07-01,49,0.41,2.9699999999999993,0.16,4.07,9,-0.02999999999999997,0.926829268292683,FALSE
2023-06-12,2023,24,RSV,0.46,FALSE,6,2023,2022,2022/23,2022-07-01,50,0.46,2.9539999999999993,0.07,3.83,9,0,1,FALSE
2023-06-19,2023,25,RSV,0.32,FALSE,6,2023,2022,2022/23,2022-07-01,51,0.32,3.967999999999999,0.12,4.8,9,0,1,FALSE
2023-06-26,2023,26,RSV,0.27,FALSE,6,2023,2022,2022/23,2022-07-01,52,0.26,4.459999999999999,0.13,5.02,9,0.010000000000000009,1.0384615384615385,FALSE
2023-07-03,2023,27,RSV,0.4,FALSE,7,2023,2023,2023/24,2023-07-01,1,0.4,6.139999999999999,0.25,6.88,9,0,1,FALSE
2023-07-10,2023,28,RSV,0.71,FALSE,7,2023,2023,2023/24,2023-07-01,2,0.71,8.117999999999999,0,8.85,9,0,1,FALSE
2023-07-17,2023,29,RSV,0.27,FALSE,7,2023,2023,2023/24,2023-07-01,3,0.37,10.157999999999998,0,12.99,9,-0.09999999999999998,0.7297297297297298,FALSE
2023-07-24,2023,30,RSV,0.4,FALSE,7,2023,2023,2023/24,2023-07-01,4,0.4,11.235999999999997,0,14.56,9,0,1,FALSE
2023-07-31,2023,31,RSV,0.93,FALSE,7,2023,2023,2023/24,2023-07-01,5,0.89,11.283999999999997,0,15,9,0.040000000000000036,1.0449438202247192,FALSE
2023-08-07,2023,32,RSV,2.28,FALSE,8,2023,2023,2023/24,2023-07-01,6,0.63,10.861999999999997,0,14.11,9,1.65,3.6190476190476186,FALSE
2023-08-14,2023,33,RSV,0.97,FALSE,8,2023,2023,2023/24,2023-07-01,7,0.86,9.917999999999997,0,13.71,9,0.10999999999999999,1.127906976744186,FALSE
2023-08-21,2023,34,RSV,0.79,FALSE,8,2023,2023,2023/24,2023-07-01,8,0.79,9.275999999999996,0.1,13.68,9,0,1,FALSE
2023-08-28,2023,35,RSV,1.13,FALSE,8,2023,2023,2023/24,2023-07-01,9,1.22,8.909999999999997,0.2,12.87,9,-0.09000000000000008,0.9262295081967212,FALSE
2023-09-04,2023,36,RSV,1.54,FALSE,9,2023,2023,2023/24,2023-07-01,10,1.19,7.287999999999997,0,9.94,9,0.3500000000000001,1.2941176470588236,FALSE
2023-09-11,2023,37,RSV,2.57,FALSE,9,2023,2023,2023/24,2023-07-01,11,1.1,6.845999999999998,0.17,9.23,9,1.4699999999999998,2.336363636363636,FALSE
2023-09-18,2023,38,RSV,1.59,FALSE,9,2023,2023,2023/24,2023-07-01,12,1.17,6.075999999999998,0,8.02,9,0.42000000000000015,1.358974358974359,FALSE
2023-09-25,2023,39,RSV,2.16,FALSE,9,2023,2023,2023/24,2023-07-01,13,1.89,6.901999999999998,0.06,9.25,9,0.27000000000000024,1.142857142857143,FALSE
2023-10-02,2023,40,RSV,4,FALSE,10,2023,2023,2023/24,2023-07-01,14,3.22,8.199999999999998,0.06,11,9,0.7799999999999998,1.2422360248447204,FALSE
2023-10-09,2023,41,RSV,4.72,FALSE,10,2023,2023,2023/24,2023-07-01,15,4.15,8.065999999999999,0,9.99,9,0.5699999999999994,1.1373493975903612,FALSE
2023-10-16,2023,42,RSV,6.65,FALSE,10,2023,2023,2023/24,2023-07-01,16,6.61,9.102,0,9.85,9,0.040000000000000036,1.006051437216339,FALSE
2023-10-23,2023,43,RSV,9.35,FALSE,10,2023,2023,2023/24,2023-07-01,17,9.2,10.594,0.1,11.39,9,0.15000000000000036,1.016304347826087,FALSE
2023-10-30,2023,44,RSV,11.08,FALSE,10,2023,2023,2023/24,2023-07-01,18,7.92,14.381999999999998,0.05,16.53,9,3.16,1.398989898989899,FALSE
2023-11-06,2023,45,RSV,11.87,FALSE,11,2023,2023,2023/24,2023-07-01,19,9.38,17.512,0.05,19.32,9,2.4899999999999984,1.26545842217484,FALSE
2023-11-13,2023,46,RSV,13.89,FALSE,11,2023,2023,2023/24,2023-07-01,20,11.78,21.695999999999998,0.26,22.6,9,2.110000000000001,1.1791171477079798,FALSE
2023-11-20,2023,47,RSV,14.1,FALSE,11,2023,2023,2023/24,2023-07-01,21,13.41,23.948,0.06,24.72,9,0.6899999999999995,1.0514541387024607,FALSE
2023-11-27,2023,48,RSV,13.4,FALSE,11,2023,2023,2023/24,2023-07-01,22,13.4,24.305999999999997,0.09,25.35,9,0,1,FALSE
2023-12-04,2023,49,RSV,11.67,FALSE,12,2023,2023,2023/24,2023-07-01,23,11.67,21.892,0,22.54,9,0,1,FALSE
2023-12-11,2023,50,RSV,9.61,FALSE,12,2023,2023,2023/24,2023-07-01,24,10.12,18.112000000000002,0.04,18.28,9,-0.5099999999999998,0.949604743083004,FALSE
2023-12-18,2023,51,RSV,8.39,FALSE,12,2023,2023,2023/24,2023-07-01,25,9.26,15.12,0.13,15.28,9,-0.8699999999999992,0.9060475161987042,FALSE
2023-12-25,2023,52,RSV,6.51,FALSE,12,2023,2023,2023/24,2023-07-01,26,7.38,12.86,0,14.02,9,-0.8700000000000001,0.8821138211382114,FALSE
2024-01-01,2024,1,RSV,4.84,FALSE,1,2024,2023,2023/24,2023-07-01,27,5.95,11.66,0,12.74,9,-1.1100000000000003,0.8134453781512605,FALSE
2024-01-08,2024,2,RSV,3.98,FALSE,1,2024,2023,2023/24,2023-07-01,28,4.84,9.089999999999998,0,10.65,9,-0.8599999999999999,0.8223140495867769,FALSE
2024-01-15,2024,3,RSV,2.74,FALSE,1,2024,2023,2023/24,2023-07-01,29,4.01,6.981999999999999,0,7.41,9,-1.2699999999999996,0.6832917705735662,FALSE
2024-01-22,2024,4,RSV,2.02,FALSE,1,2024,2023,2023/24,2023-07-01,30,3.19,6.108,0.02,6.94,9,-1.17,0.6332288401253918,FALSE
2024-01-29,2024,5,RSV,1.51,FALSE,1,2024,2023,2023/24,2023-07-01,31,2.5,5.164,0,5.52,9,-0.99,0.604,FALSE
2024-02-05,2024,6,RSV,1.27,FALSE,2,2024,2023,2023/24,2023-07-01,32,2.36,3.452,0.02,3.62,9,-1.0899999999999999,0.538135593220339,FALSE
2024-02-12,2024,7,RSV,1.08,FALSE,2,2024,2023,2023/24,2023-07-01,33,1.92,2.676,0,2.68,9,-0.8399999999999999,0.5625000000000001,FALSE
2024-02-19,2024,8,RSV,1,FALSE,2,2024,2023,2023/24,2023-07-01,34,1.91,2.4379999999999997,0,2.71,9,-0.9099999999999999,0.5235602094240838,FALSE
2024-02-26,2024,9,RSV,0.67,FALSE,2,2024,2023,2023/24,2023-07-01,35,1.23,1.8939999999999997,0.04,2.07,9,-0.5599999999999999,0.5447154471544716,FALSE
2024-03-04,2024,10,RSV,0.86,FALSE,3,2024,2023,2023/24,2023-07-01,36,1.42,1.702,0.02,1.71,9,-0.5599999999999999,0.6056338028169014,FALSE
2024-03-11,2024,11,RSV,0.89,FALSE,3,2024,2023,2023/24,2023-07-01,37,1.01,1.464,0.04,1.54,9,-0.12,0.8811881188118812,FALSE
2024-03-18,2024,12,RSV,0.82,FALSE,3,2024,2023,2023/24,2023-07-01,38,0.96,1.5019999999999998,0.05,1.63,9,-0.14,0.8541666666666666,FALSE
2024-03-25,2024,13,RSV,0.46,FALSE,3,2024,2023,2023/24,2023-07-01,39,0.66,1.5559999999999998,0.02,1.86,9,-0.2,0.696969696969697,FALSE
2024-04-01,2024,14,RSV,0.57,FALSE,4,2024,2023,2023/24,2023-07-01,40,0.62,1.816,0.05,1.82,9,-0.050000000000000044,0.9193548387096774,FALSE
2024-04-08,2024,15,RSV,0.48,FALSE,4,2024,2023,2023/24,2023-07-01,41,0.77,1.904,0.07,2.08,9,-0.29000000000000004,0.6233766233766234,FALSE
2024-04-15,2024,16,RSV,0.44,FALSE,4,2024,2023,2023/24,2023-07-01,42,0.68,1.7199999999999998,0.04,1.88,9,-0.24000000000000005,0.6470588235294117,FALSE
2024-04-22,2024,17,RSV,0.32,FALSE,4,2024,2023,2023/24,2023-07-01,43,0.35,1.434,0.16,1.45,9,-0.02999999999999997,0.9142857142857144,FALSE
2024-04-29,2024,18,RSV,0.44,FALSE,4,2024,2023,2023/24,2023-07-01,44,0.44,1.6819999999999995,0.09,2.11,9,0,1,FALSE
2024-05-06,2024,19,RSV,0.42,FALSE,5,2024,2023,2023/24,2023-07-01,45,0.43,2.487999999999999,0.21,3.34,9,-0.010000000000000009,0.9767441860465116,FALSE
2024-05-13,2024,20,RSV,0.29,FALSE,5,2024,2023,2023/24,2023-07-01,46,0.51,2.1639999999999993,0,3.04,9,-0.22000000000000003,0.5686274509803921,FALSE
2024-05-20,2024,21,RSV,0.26,FALSE,5,2024,2023,2023/24,2023-07-01,47,0.36,2.887999999999999,0.24,4.16,9,-0.09999999999999998,0.7222222222222223,FALSE
2024-05-27,2024,22,RSV,0.35,FALSE,5,2024,2023,2023/24,2023-07-01,48,0.37,3.5399999999999987,0,4.64,9,-0.020000000000000018,0.9459459459459459,FALSE
2024-06-03,2024,23,RSV,0.45,FALSE,6,2024,2023,2023/24,2023-07-01,49,0.41,2.9699999999999993,0.16,4.07,9,0.040000000000000036,1.0975609756097562,FALSE
2024-06-10,2024,24,RSV,1.09,FALSE,6,2024,2023,2023/24,2023-07-01,50,0.46,2.9539999999999993,0.07,3.83,9,0.6300000000000001,2.369565217391304,FALSE
2024-06-17,2024,25,RSV,0.21,FALSE,6,2024,2023,2023/24,2023-07-01,51,0.32,3.967999999999999,0.12,4.8,9,-0.11000000000000001,0.65625,FALSE
2024-06-24,2024,26,RSV,0.26,FALSE,6,2024,2023,2023/24,2023-07-01,52,0.26,4.459999999999999,0.13,5.02,9,0,1,FALSE
2024-07-01,2024,27,RSV,0.27,FALSE,7,2024,2024,2024/25,2024-07-01,1,0.4,6.139999999999999,0.25,6.88,9,-0.13,0.675,FALSE
2024-07-08,2024,28,RSV,1.01,FALSE,7,2024,2024,2024/25,2024-07-01,2,0.71,8.117999999999999,0,8.85,9,0.30000000000000004,1.4225352112676057,FALSE
2024-07-15,2024,29,RSV,0.37,FALSE,7,2024,2024,2024/25,2024-07-01,3,0.37,10.157999999999998,0,12.99,9,0,1,FALSE
2024-07-22,2024,30,RSV,0.3,FALSE,7,2024,2024,2024/25,2024-07-01,4,0.4,11.235999999999997,0,14.56,9,-0.10000000000000003,0.7499999999999999,FALSE
2024-07-29,2024,31,RSV,0.34,FALSE,7,2024,2024,2024/25,2024-07-01,5,0.89,11.283999999999997,0,15,9,-0.55,0.3820224719101124,FALSE
2024-08-05,2024,32,RSV,0.54,FALSE,8,2024,2024,2024/25,2024-07-01,6,0.63,10.861999999999997,0,14.11,9,-0.08999999999999997,0.8571428571428572,FALSE
2024-08-12,2024,33,RSV,1.27,FALSE,8,2024,2024,2024/25,2024-07-01,7,0.86,9.917999999999997,0,13.71,9,0.41000000000000003,1.4767441860465116,FALSE
2024-08-19,2024,34,RSV,0.48,FALSE,8,2024,2024,2024/25,2024-07-01,8,0.79,9.275999999999996,0.1,13.68,9,-0.31000000000000005,0.6075949367088607,FALSE
2024-08-26,2024,35,RSV,0.62,FALSE,8,2024,2024,2024/25,2024-07-01,9,1.22,8.909999999999997,0.2,12.87,9,-0.6,0.5081967213114754,FALSE
2024-09-02,2024,36,RSV,0.34,FALSE,9,2024,2024,2024/25,2024-07-01,10,1.19,7.287999999999997,0,9.94,9,-0.8499999999999999,0.28571428571428575,FALSE
2024-09-09,2024,37,RSV,0.95,FALSE,9,2024,2024,2024/25,2024-07-01,11,1.1,6.845999999999998,0.17,9.23,9,-0.15000000000000013,0.8636363636363635,FALSE
2024-09-16,2024,38,RSV,0.77,FALSE,9,2024,2024,2024/25,2024-07-01,12,1.17,6.075999999999998,0,8.02,9,-0.3999999999999999,0.6581196581196582,FALSE
2024-09-23,2024,39,RSV,0.65,FALSE,9,2024,2024,2024/25,2024-07-01,13,1.89,6.901999999999998,0.06,9.25,9,-1.2399999999999998,0.34391534391534395,FALSE
2024-09-30,2024,40,RSV,1.35,FALSE,9,2024,2024,2024/25,2024-07-01,14,3.22,8.199999999999998,0.06,11,9,-1.87,0.4192546583850932,FALSE
2024-10-07,2024,41,RSV,2.09,FALSE,10,2024,2024,2024/25,2024-07-01,15,4.15,8.065999999999999,0,9.99,9,-2.0600000000000005,0.5036144578313252,FALSE
2024-10-14,2024,42,RSV,3.22,FALSE,10,2024,2024,2024/25,2024-07-01,16,6.61,9.102,0,9.85,9,-3.39,0.48714069591527986,FALSE
2024-10-21,2024,43,RSV,5,FALSE,10,2024,2024,2024/25,2024-07-01,17,9.2,10.594,0.1,11.39,9,-4.199999999999999,0.5434782608695653,FALSE
2024-10-28,2024,44,RSV,6.62,FALSE,10,2024,2024,2024/25,2024-07-01,18,7.92,14.381999999999998,0.05,16.53,9,-1.2999999999999998,0.8358585858585859,FALSE
2024-11-04,2024,45,RSV,9.38,FALSE,11,2024,2024,2024/25,2024-07-01,19,9.38,17.512,0.05,19.32,9,0,1,FALSE
2024-11-11,2024,46,RSV,11.78,FALSE,11,2024,2024,2024/25,2024-07-01,20,11.78,21.695999999999998,0.26,22.6,9,0,1,FALSE
2024-11-18,2024,47,RSV,13.41,FALSE,11,2024,2024,2024/25,2024-07-01,21,13.41,23.948,0.06,24.72,9,0,1,FALSE
2024-11-25,2024,48,RSV,15.26,FALSE,11,2024,2024,2024/25,2024-07-01,22,13.4,24.305999999999997,0.09,25.35,9,1.8599999999999994,1.1388059701492537,FALSE
2024-12-02,2024,49,RSV,12.91,FALSE,12,2024,2024,2024/25,2024-07-01,23,11.67,21.892,0,22.54,9,1.2400000000000002,1.1062553556126822,FALSE
2024-12-09,2024,50,RSV,11.54,FALSE,12,2024,2024,2024/25,2024-07-01,24,10.12,18.112000000000002,0.04,18.28,9,1.42,1.140316205533597,FALSE
2024-12-16,2024,51,RSV,9.26,FALSE,12,2024,2024,2024/25,2024-07-01,25,9.26,15.12,0.13,15.28,9,0,1,FALSE
2024-12-23,2024,52,RSV,7.38,FALSE,12,2024,2024,2024/25,2024-07-01,26,7.38,12.86,0,14.02,9,0,1,FALSE
2024-12-30,2024,1,RSV,5.95,FALSE,12,2024,2024,2024/25,2024-07-01,27,5.95,11.66,0,12.74,9,0,1,FALSE
2025-01-06,2025,2,RSV,4.84,FALSE,1,2025,2024,2024/25,2024-07-01,28,4.84,9.089999999999998,0,10.65,9,0,1,FALSE
2025-01-13,2025,3,RSV,4.37,FALSE,1,2025,2024,2024/25,2024-07-01,29,4.01,6.981999999999999,0,7.41,9,0.3600000000000003,1.089775561097257,FALSE
2025-01-20,2025,4,RSV,3.91,FALSE,1,2025,2024,2024/25,2024-07-01,30,3.19,6.108,0.02,6.94,9,0.7200000000000002,1.225705329153605,FALSE
2025-01-27,2025,5,RSV,2.5,FALSE,1,2025,2024,2024/25,2024-07-01,31,2.5,5.164,0,5.52,9,0,1,FALSE
2025-02-03,2025,6,RSV,2.36,FALSE,2,2025,2024,2024/25,2024-07-01,32,2.36,3.452,0.02,3.62,9,0,1,FALSE
2025-02-10,2025,7,RSV,2.35,FALSE,2,2025,2024,2024/25,2024-07-01,33,1.92,2.676,0,2.68,9,0.43000000000000016,1.2239583333333335,FALSE
2025-02-17,2025,8,RSV,1.82,FALSE,2,2025,2024,2024/25,2024-07-01,34,1.91,2.4379999999999997,0,2.71,9,-0.08999999999999986,0.9528795811518326,FALSE
2025-02-24,2025,9,RSV,1.63,FALSE,2,2025,2024,2024/25,2024-07-01,35,1.23,1.8939999999999997,0.04,2.07,9,0.3999999999999999,1.3252032520325203,FALSE
2025-03-03,2025,10,RSV,0.83,FALSE,3,2025,2024,2024/25,2024-07-01,36,1.42,1.702,0.02,1.71,9,-0.59,0.5845070422535211,FALSE
2025-03-10,2025,11,RSV,1.08,FALSE,3,2025,2024,2024/25,2024-07-01,37,1.01,1.464,0.04,1.54,9,0.07000000000000006,1.0693069306930694,FALSE
2025-03-17,2025,12,RSV,1.31,FALSE,3,2025,2024,2024/25,2024-07-01,38,0.96,1.5019999999999998,0.05,1.63,9,0.3500000000000001,1.3645833333333335,FALSE
2025-03-24,2025,13,RSV,0.9,FALSE,3,2025,2024,2024/25,2024-07-01,39,0.66,1.5559999999999998,0.02,1.86,9,0.24,1.3636363636363635,FALSE
2025-03-31,2025,14,RSV,1.19,FALSE,3,2025,2024,2024/25,2024-07-01,40,0.62,1.816,0.05,1.82,9,0.57,1.9193548387096773,FALSE
2025-04-07,2025,15,RSV,0.64,FALSE,4,2025,2024,2024/25,2024-07-01,41,0.77,1.904,0.07,2.08,9,-0.13,0.8311688311688311,FALSE
2025-04-14,2025,16,RSV,0.68,FALSE,4,2025,2024,2024/25,2024-07-01,42,0.68,1.7199999999999998,0.04,1.88,9,0,1,FALSE
2025-04-21,2025,17,RSV,0.31,FALSE,4,2025,2024,2024/25,2024-07-01,43,0.35,1.434,0.16,1.45,9,-0.03999999999999998,0.8857142857142858,FALSE
2025-04-28,2025,18,RSV,0.44,FALSE,4,2025,2024,2024/25,2024-07-01,44,0.44,1.6819999999999995,0.09,2.11,9,0,1,FALSE
2025-05-05,2025,19,RSV,0.26,FALSE,5,2025,2024,2024/25,2024-07-01,45,0.43,2.487999999999999,0.21,3.34,9,-0.16999999999999998,0.6046511627906977,FALSE
2025-05-12,2025,20,RSV,0.19,FALSE,5,2025,2024,2024/25,2024-07-01,46,0.51,2.1639999999999993,0,3.04,9,-0.32,0.37254901960784315,FALSE
2025-05-19,2025,21,RSV,0.27,FALSE,5,2025,2024,2024/25,2024-07-01,47,0.36,2.887999999999999,0.24,4.16,9,-0.08999999999999997,0.7500000000000001,FALSE
2025-05-26,2025,22,RSV,0.32,FALSE,5,2025,2024,2024/25,2024-07-01,48,0.37,3.5399999999999987,0,4.64,9,-0.04999999999999999,0.8648648648648649,FALSE
2025-06-02,2025,23,RSV,0.16,FALSE,6,2025,2024,2024/25,2024-07-01,49,0.41,2.9699999999999993,0.16,4.07,9,-0.24999999999999997,0.3902439024390244,FALSE
2025-06-09,2025,24,RSV,0.26,FALSE,6,2025,2024,2024/25,2024-07-01,50,0.46,2.9539999999999993,0.07,3.83,9,-0.2,0.5652173913043478,FALSE
2025-06-16,2025,25,RSV,0.17,FALSE,6,2025,2024,2024/25,2024-07-01,51,0.32,3.967999999999999,0.12,4.8,9,-0.15,0.53125,FALSE
2025-06-23,2025,26,RSV,0.18,FALSE,6,2025,2024,2024/25,2024-07-01,52,0.26,4.459999999999999,0.13,5.02,9,-0.08000000000000002,0.6923076923076923,FALSE
2025-06-30,2025,27,RSV,0.19,FALSE,6,2025,2024,2024/25,2024-07-01,53,0.095,0.1805,0,0.19,2,0.095,2,TRUE
2025-07-07,2025,28,RSV,0.56,FALSE,7,2025,2025,2025/26,2025-07-01,1,0.4,6.139999999999999,0.25,6.88,9,0.16000000000000003,1.4000000000000001,FALSE
2025-07-14,2025,29,RSV,0.11,FALSE,7,2025,2025,2025/26,2025-07-01,2,0.71,8.117999999999999,0,8.85,9,-0.6,0.15492957746478875,FALSE
2025-07-21,2025,30,RSV,0.3,FALSE,7,2025,2025,2025/26,2025-07-01,3,0.37,10.157999999999998,0,12.99,9,-0.07,0.8108108108108107,FALSE
2025-07-28,2025,31,RSV,0.19,FALSE,7,2025,2025,2025/26,2025-07-01,4,0.4,11.235999999999997,0,14.56,9,-0.21000000000000002,0.475,FALSE
2025-08-04,2025,32,RSV,0.19,FALSE,8,2025,2025,2025/26,2025-07-01,5,0.89,11.283999999999997,0,15,9,-0.7,0.21348314606741572,FALSE
2025-08-11,2025,33,RSV,0.45,FALSE,8,2025,2025,2025/26,2025-07-01,6,0.63,10.861999999999997,0,14.11,9,-0.18,0.7142857142857143,FALSE
2025-08-18,2025,34,RSV,0.31,FALSE,8,2025,2025,2025/26,2025-07-01,7,0.86,9.917999999999997,0,13.71,9,-0.55,0.3604651162790698,FALSE
2025-08-25,2025,35,RSV,0.23,FALSE,8,2025,2025,2025/26,2025-07-01,8,0.79,9.275999999999996,0.1,13.68,9,-0.56,0.2911392405063291,FALSE
2025-09-01,2025,36,RSV,0.33,FALSE,9,2025,2025,2025/26,2025-07-01,9,1.22,8.909999999999997,0.2,12.87,9,-0.8899999999999999,0.27049180327868855,FALSE
2025-09-08,2025,37,RSV,0.57,FALSE,9,2025,2025,2025/26,2025-07-01,10,1.19,7.287999999999997,0,9.94,9,-0.62,0.4789915966386554,FALSE
2025-09-15,2025,38,RSV,0.38,FALSE,9,2025,2025,2025/26,2025-07-01,11,1.1,6.845999999999998,0.17,9.23,9,-0.7200000000000001,0.3454545454545454,FALSE
2025-09-22,2025,39,RSV,0.43,FALSE,9,2025,2025,2025/26,2025-07-01,12,1.17,6.075999999999998,0,8.02,9,-0.74,0.36752136752136755,FALSE
2025-09-29,2025,40,RSV,0.6,FALSE,9,2025,2025,2025/26,2025-07-01,13,1.89,6.901999999999998,0.06,9.25,9,-1.29,0.31746031746031744,FALSE
2025-10-06,2025,41,RSV,1.05,FALSE,10,2025,2025,2025/26,2025-07-01,14,3.22,8.199999999999998,0.06,11,9,-2.17,0.32608695652173914,FALSE
2025-10-13,2025,42,RSV,1.34,FALSE,10,2025,2025,2025/26,2025-07-01,15,4.15,8.065999999999999,0,9.99,9,-2.8100000000000005,0.3228915662650602,FALSE
2025-10-20,2025,43,RSV,2.47,FALSE,10,2025,2025,2025/26,2025-07-01,16,6.61,9.102,0,9.85,9,-4.140000000000001,0.37367624810892586,FALSE
2025-10-27,2025,44,RSV,2.8,FALSE,10,2025,2025,2025/26,2025-07-01,17,9.2,10.594,0.1,11.39,9,-6.3999999999999995,0.30434782608695654,FALSE
2025-11-03,2025,45,RSV,4.1,FALSE,11,2025,2025,2025/26,2025-07-01,18,7.92,14.381999999999998,0.05,16.53,9,-3.8200000000000003,0.5176767676767676,FALSE
2025-11-10,2025,46,RSV,6.7,FALSE,11,2025,2025,2025/26,2025-07-01,19,9.38,17.512,0.05,19.32,9,-2.6800000000000006,0.7142857142857142,FALSE
2025-11-17,2025,47,RSV,8.67,FALSE,11,2025,2025,2025/26,2025-07-01,20,11.78,21.695999999999998,0.26,22.6,9,-3.1099999999999994,0.7359932088285229,FALSE
2025-11-24,2025,48,RSV,9.94,FALSE,11,2025,2025,2025/26,2025-07-01,21,13.41,23.948,0.06,24.72,9,-3.4700000000000006,0.7412378821774794,FALSE
2025-12-01,2025,49,RSV,10.86,FALSE,12,2025,2025,2025/26,2025-07-01,22,13.4,24.305999999999997,0.09,25.35,9,-2.540000000000001,0.8104477611940298,FALSE
2025-12-08,2025,50,RSV,10.01,FALSE,12,2025,2025,2025/26,2025-07-01,23,11.67,21.892,0,22.54,9,-1.6600000000000001,0.8577549271636675,FALSE
2025-12-15,2025,51,RSV,10.12,FALSE,12,2025,2025,2025/26,2025-07-01,24,10.12,18.112000000000002,0.04,18.28,9,0,1,FALSE
2025-12-22,2025,52,RSV,10.09,FALSE,12,2025,2025,2025/26,2025-07-01,25,9.26,15.12,0.13,15.28,9,0.8300000000000001,1.0896328293736501,FALSE
2025-12-29,2025,1,RSV,8.62,FALSE,12,2025,2025,2025/26,2025-07-01,26,7.38,12.86,0,14.02,9,1.2399999999999993,1.168021680216802,FALSE
2026-01-05,2026,2,RSV,7.22,FALSE,1,2026,2025,2025/26,2025-07-01,27,5.95,11.66,0,12.74,9,1.2699999999999996,1.2134453781512604,FALSE
2026-01-12,2026,3,RSV,6.6,FALSE,1,2026,2025,2025/26,2025-07-01,28,4.84,9.089999999999998,0,10.65,9,1.7599999999999998,1.3636363636363635,FALSE
2026-01-19,2026,4,RSV,5.99,FALSE,1,2026,2025,2025/26,2025-07-01,29,4.01,6.981999999999999,0,7.41,9,1.9800000000000004,1.4937655860349128,FALSE
2026-01-26,2026,5,RSV,4.86,FALSE,1,2026,2025,2025/26,2025-07-01,30,3.19,6.108,0.02,6.94,9,1.6700000000000004,1.523510971786834,FALSE
2026-02-02,2026,6,RSV,4.63,FALSE,2,2026,2025,2025/26,2025-07-01,31,2.5,5.164,0,5.52,9,2.13,1.8519999999999999,FALSE
2026-02-09,2026,7,RSV,3.62,FALSE,2,2026,2025,2025/26,2025-07-01,32,2.36,3.452,0.02,3.62,9,1.2600000000000002,1.533898305084746,TRUE
2026-02-16,2026,8,RSV,2.68,FALSE,2,2026,2025,2025/26,2025-07-01,33,1.92,2.676,0,2.68,9,0.7600000000000002,1.3958333333333335,TRUE
2026-02-23,2026,9,RSV,2.03,FALSE,2,2026,2025,2025/26,2025-07-01,34,1.91,2.4379999999999997,0,2.71,9,0.11999999999999988,1.06282722513089,FALSE
2026-03-02,2026,10,RSV,1.39,FALSE,3,2026,2025,2025/26,2025-07-01,35,1.23,1.8939999999999997,0.04,2.07,9,0.15999999999999992,1.1300813008130082,FALSE
2026-03-09,2026,11,RSV,1.08,FALSE,3,2026,2025,2025/26,2025-07-01,36,1.42,1.702,0.02,1.71,9,-0.33999999999999986,0.7605633802816902,FALSE
2026-03-16,2026,12,RSV,1.15,FALSE,3,2026,2025,2025/26,2025-07-01,37,1.01,1.464,0.04,1.54,9,0.1399999999999999,1.1386138613861385,FALSE
2026-03-23,2026,13,RSV,1.02,FALSE,3,2026,2025,2025/26,2025-07-01,38,0.96,1.5019999999999998,0.05,1.63,9,0.06000000000000005,1.0625,FALSE
2026-03-30,2026,14,RSV,1.1,FALSE,3,2026,2025,2025/26,2025-07-01,39,0.66,1.5559999999999998,0.02,1.86,9,0.44000000000000006,1.6666666666666667,FALSE
2026-04-06,2026,15,RSV,0.62,FALSE,4,2026,2025,2025/26,2025-07-01,40,0.62,1.816,0.05,1.82,9,0,1,FALSE
2026-04-13,2026,16,RSV,0.83,FALSE,4,2026,2025,2025/26,2025-07-01,41,0.77,1.904,0.07,2.08,9,0.05999999999999994,1.077922077922078,FALSE
2026-04-20,2026,17,RSV,0.4,FALSE,4,2026,2025,2025/26,2025-07-01,42,0.68,1.7199999999999998,0.04,1.88,9,-0.28,0.5882352941176471,FALSE
2026-04-27,2026,18,RSV,0.42,FALSE,4,2026,2025,2025/26,2025-07-01,43,0.35,1.434,0.16,1.45,9,0.07,1.2,FALSE
2026-05-04,2026,19,RSV,0.26,FALSE,5,2026,2025,2025/26,2025-07-01,44,0.44,1.6819999999999995,0.09,2.11,9,-0.18,0.5909090909090909,FALSE
2026-05-11,2026,20,RSV,0.31,FALSE,5,2026,2025,2025/26,2025-07-01,45,0.43,2.487999999999999,0.21,3.34,9,-0.12,0.7209302325581396,FALSE
2026-05-18,2026,21,RSV,0.34,FALSE,5,2026,2025,2025/26,2025-07-01,46,0.51,2.1639999999999993,0,3.04,9,-0.16999999999999998,0.6666666666666667,FALSE
2026-05-25,2026,22,RSV,0.24,FALSE,5,2026,2025,2025/26,2025-07-01,47,0.36,2.887999999999999,0.24,4.16,9,-0.12,0.6666666666666666,FALSE
2026-06-01,2026,23,RSV,0.37,FALSE,6,2026,2025,2025/26,2025-07-01,48,0.37,3.5399999999999987,0,4.64,9,0,1,FALSE
2026-06-08,2026,24,RSV,0.41,FALSE,6,2026,2025,2025/26,2025-07-01,49,0.41,2.9699999999999993,0.16,4.07,9,0,1,FALSE
2026-06-15,2026,25,RSV,0.16,FALSE,6,2026,2025,2025/26,2025-07-01,50,0.46,2.9539999999999993,0.07,3.83,9,-0.30000000000000004,0.34782608695652173,FALSE
2026-06-22,2026,26,RSV,0.24,FALSE,6,2026,2025,2025/26,2025-07-01,51,0.32,3.967999999999999,0.12,4.8,9,-0.08000000000000002,0.75,FALSE
2026-06-29,2026,27,RSV,0.15,FALSE,6,2026,2025,2025/26,2025-07-01,52,0.26,4.459999999999999,0.13,5.02,9,-0.11000000000000001,0.5769230769230769,FALSE
2026-07-06,2026,28,RSV,0.32,FALSE,7,2026,2026,2026/27,2026-07-01,1,0.4,6.139999999999999,0.25,6.88,9,-0.08000000000000002,0.7999999999999999,FALSE
2026-07-13,2026,29,RSV,0.43,FALSE,7,2026,2026,2026/27,2026-07-01,2,0.71,8.117999999999999,0,8.85,9,-0.27999999999999997,0.6056338028169014,FALSE
2026-07-20,2026,30,RSV,0.26,FALSE,7,2026,2026,2026/27,2026-07-01,3,0.37,10.157999999999998,0,12.99,9,-0.10999999999999999,0.7027027027027027,FALSE
2026-07-27,2026,31,RSV,0.21,FALSE,7,2026,2026,2026/27,2026-07-01,4,0.4,11.235999999999997,0,14.56,9,-0.19000000000000003,0.5249999999999999,FALSE
2026-08-03,2026,32,RSV,0.23,FALSE,8,2026,2026,2026/27,2026-07-01,5,0.89,11.283999999999997,0,15,9,-0.66,0.25842696629213485,FALSE
2026-08-10,2026,33,RSV,0.13,FALSE,8,2026,2026,2026/27,2026-07-01,6,0.63,10.861999999999997,0,14.11,9,-0.5,0.20634920634920637,FALSE
2026-08-17,2026,34,RSV,0.2,FALSE,8,2026,2026,2026/27,2026-07-01,7,0.86,9.917999999999997,0,13.71,9,-0.6599999999999999,0.23255813953488375,FALSE
2026-08-24,2026,35,RSV,0.11,FALSE,8,2026,2026,2026/27,2026-07-01,8,0.79,9.275999999999996,0.1,13.68,9,-0.68,0.13924050632911392,FALSE
2026-08-31,2026,36,RSV,0.11,FALSE,8,2026,2026,2026/27,2026-07-01,9,1.22,8.909999999999997,0.2,12.87,9,-1.1099999999999999,0.09016393442622951,FALSE
2026-09-07,2026,37,RSV,0.61,FALSE,9,2026,2026,2026/27,2026-07-01,10,1.19,7.287999999999997,0,9.94,9,-0.58,0.5126050420168068,FALSE
2026-09-14,2026,38,RSV,0.37,FALSE,9,2026,2026,2026/27,2026-07-01,11,1.1,6.845999999999998,0.17,9.23,9,-0.7300000000000001,0.3363636363636363,FALSE
2017-07-03,2017,27,Rhinovirus,16.9,FALSE,7,2017,2017,2017/18,2017-07-01,1,12.33,16.954,1.86,16.99,9,4.5699999999999985,1.370640713706407,FALSE
2017-07-10,2017,28,Rhinovirus,17.04,FALSE,7,2017,2017,2017/18,2017-07-01,2,11.91,16.512,2.22,17.04,9,5.129999999999999,1.4307304785894206,TRUE
2017-07-17,2017,29,Rhinovirus,16.9,FALSE,7,2017,2017,2017/18,2017-07-01,3,11.22,16.412,3.03,16.9,9,5.679999999999998,1.5062388591800355,TRUE
2017-07-24,2017,30,Rhinovirus,16.1,FALSE,7,2017,2017,2017/18,2017-07-01,4,10.06,16.400000000000002,4.35,16.42,9,6.040000000000001,1.6003976143141154,FALSE
2017-07-31,2017,31,Rhinovirus,15.41,FALSE,7,2017,2017,2017/18,2017-07-01,5,9.04,14.91,6.62,15.41,9,6.370000000000001,1.7046460176991152,TRUE
2017-08-07,2017,32,Rhinovirus,16.12,FALSE,8,2017,2017,2017/18,2017-07-01,6,8.31,14.9,6.57,16.12,9,7.8100000000000005,1.9398315282791818,TRUE
2017-08-14,2017,33,Rhinovirus,12.46,FALSE,8,2017,2017,2017/18,2017-07-01,7,9.31,12.372,6.13,12.46,9,3.1500000000000004,1.3383458646616542,TRUE
2017-08-21,2017,34,Rhinovirus,14.77,FALSE,8,2017,2017,2017/18,2017-07-01,8,8.4,14.201999999999998,5.64,14.77,9,6.369999999999999,1.7583333333333333,TRUE
2017-08-28,2017,35,Rhinovirus,15.97,FALSE,8,2017,2017,2017/18,2017-07-01,9,8.73,14.778,6.16,15.97,9,7.24,1.829324169530355,TRUE
2017-09-04,2017,36,Rhinovirus,16.18,FALSE,9,2017,2017,2017/18,2017-07-01,10,11.93,16.276,7.07,16.34,9,4.25,1.3562447611064543,FALSE
2017-09-11,2017,37,Rhinovirus,22.64,FALSE,9,2017,2017,2017/18,2017-07-01,11,17.94,23.348,10.57,23.82,9,4.699999999999999,1.261984392419175,FALSE
2017-09-18,2017,38,Rhinovirus,24.38,FALSE,9,2017,2017,2017/18,2017-07-01,12,22.97,24.445999999999998,15.62,24.49,9,1.4100000000000001,1.0613844144536353,FALSE
2017-09-25,2017,39,Rhinovirus,26.67,FALSE,9,2017,2017,2017/18,2017-07-01,13,22.49,26.39,17.26,26.67,9,4.180000000000003,1.1858603823921745,TRUE
2017-10-02,2017,40,Rhinovirus,26.81,FALSE,10,2017,2017,2017/18,2017-07-01,14,21.53,25.962000000000003,16.52,26.81,9,5.279999999999998,1.2452392011147235,TRUE
2017-10-09,2017,41,Rhinovirus,26.65,FALSE,10,2017,2017,2017/18,2017-07-01,15,20.45,25.449999999999996,16.08,26.65,9,6.199999999999999,1.3031784841075795,TRUE
2017-10-16,2017,42,Rhinovirus,22.66,FALSE,10,2017,2017,2017/18,2017-07-01,16,18.67,22.762,15.85,22.83,9,3.9899999999999984,1.2137118371719335,FALSE
2017-10-23,2017,43,Rhinovirus,22.59,FALSE,10,2017,2017,2017/18,2017-07-01,17,17.25,21.774,13.16,22.59,9,5.34,1.3095652173913044,TRUE
2017-10-30,2017,44,Rhinovirus,20.18,FALSE,10,2017,2017,2017/18,2017-07-01,18,15.5,19.668,11.04,20.18,9,4.68,1.3019354838709678,TRUE
2017-11-06,2017,45,Rhinovirus,17.96,FALSE,11,2017,2017,2017/18,2017-07-01,19,15.69,18.11,11.8,18.21,9,2.2700000000000014,1.1446781389420013,FALSE
2017-11-13,2017,46,Rhinovirus,17.6,FALSE,11,2017,2017,2017/18,2017-07-01,20,15.53,17.392,11.43,17.6,9,2.070000000000002,1.1332904056664521,TRUE
2017-11-20,2017,47,Rhinovirus,18.21,FALSE,11,2017,2017,2017/18,2017-07-01,21,13.8,17.222,12.12,18.21,9,4.41,1.3195652173913044,TRUE
2017-11-27,2017,48,Rhinovirus,14.8,FALSE,11,2017,2017,2017/18,2017-07-01,22,13.42,15.777999999999999,10.41,16.43,9,1.3800000000000008,1.1028315946348735,FALSE
2017-12-04,2017,49,Rhinovirus,12.49,FALSE,12,2017,2017,2017/18,2017-07-01,23,12.08,13.867999999999999,10.32,14.38,9,0.41000000000000014,1.0339403973509933,FALSE
2017-12-11,2017,50,Rhinovirus,10.76,FALSE,12,2017,2017,2017/18,2017-07-01,24,10.88,14.377999999999998,8.71,14.87,9,-0.120000000000001,0.988970588235294,FALSE
2017-12-18,2017,51,Rhinovirus,9.57,FALSE,12,2017,2017,2017/18,2017-07-01,25,10.17,14.259999999999998,7.11,14.58,9,-0.5999999999999996,0.9410029498525074,FALSE
2017-12-25,2017,52,Rhinovirus,6.9,FALSE,12,2017,2017,2017/18,2017-07-01,26,10.08,12.462,6.73,12.61,9,-3.1799999999999997,0.6845238095238095,FALSE
2018-01-01,2018,1,Rhinovirus,6.46,FALSE,1,2018,2017,2017/18,2017-07-01,27,8.58,13.001999999999999,6.38,13.67,9,-2.12,0.752913752913753,FALSE
2018-01-08,2018,2,Rhinovirus,5.7,FALSE,1,2018,2017,2017/18,2017-07-01,28,7.6,10.604,5.22,11.42,9,-1.8999999999999995,0.7500000000000001,FALSE
2018-01-15,2018,3,Rhinovirus,5.51,FALSE,1,2018,2017,2017/18,2017-07-01,29,8.12,12.607999999999999,4.18,13.52,9,-2.6099999999999994,0.6785714285714286,FALSE
2018-01-22,2018,4,Rhinovirus,7.59,FALSE,1,2018,2017,2017/18,2017-07-01,30,9.27,14.677999999999999,2.1,15.53,9,-1.6799999999999997,0.8187702265372169,FALSE
2018-01-29,2018,5,Rhinovirus,8.21,FALSE,1,2018,2017,2017/18,2017-07-01,31,9.45,15.773999999999997,3.04,17.59,9,-1.2399999999999984,0.868783068783069,FALSE
2018-02-05,2018,6,Rhinovirus,8.57,FALSE,2,2018,2017,2017/18,2017-07-01,32,10.41,15.439999999999998,3.73,16.38,9,-1.8399999999999999,0.8232468780019212,FALSE
2018-02-12,2018,7,Rhinovirus,8.09,FALSE,2,2018,2017,2017/18,2017-07-01,33,10.3,14.627999999999998,3.72,16.32,9,-2.210000000000001,0.7854368932038834,FALSE
2018-02-19,2018,8,Rhinovirus,7.88,FALSE,2,2018,2017,2017/18,2017-07-01,34,10.55,13.802,2.55,15.01,9,-2.670000000000001,0.7469194312796208,FALSE
2018-02-26,2018,9,Rhinovirus,9.07,FALSE,2,2018,2017,2017/18,2017-07-01,35,9.26,13.622,3.49,14.13,9,-0.1899999999999995,0.9794816414686826,FALSE
2018-03-05,2018,10,Rhinovirus,8.04,FALSE,3,2018,2017,2017/18,2017-07-01,36,10.4,14.134,3.9,15.81,9,-2.360000000000001,0.773076923076923,FALSE
2018-03-12,2018,11,Rhinovirus,8.74,FALSE,3,2018,2017,2017/18,2017-07-01,37,11.32,14.802,6.65,15.55,9,-2.58,0.7720848056537103,FALSE
2018-03-19,2018,12,Rhinovirus,10.13,FALSE,3,2018,2017,2017/18,2017-07-01,38,11.11,14.856,9.03,15.16,9,-0.97999999999999865,0.9117911791179119,FALSE
2018-03-26,2018,13,Rhinovirus,10.92,FALSE,3,2018,2017,2017/18,2017-07-01,39,12.59,15.008,6.88,15.5,9,-1.67,0.8673550436854647,FALSE
2018-04-02,2018,14,Rhinovirus,11.73,FALSE,4,2018,2017,2017/18,2017-07-01,40,11.73,15.411999999999999,4.47,15.54,9,0,1,FALSE
2018-04-09,2018,15,Rhinovirus,10.98,FALSE,4,2018,2017,2017/18,2017-07-01,41,10.98,13.7,3.25,14,9,0,1,FALSE
2018-04-16,2018,16,Rhinovirus,11.6,FALSE,4,2018,2017,2017/18,2017-07-01,42,10.62,11.678,2.59,11.73,9,0.9800000000000004,1.0922787193973635,FALSE
2018-04-23,2018,17,Rhinovirus,12.78,FALSE,4,2018,2017,2017/18,2017-07-01,43,9.61,12.404,2.73,12.78,9,3.17,1.3298647242455774,TRUE
2018-04-30,2018,18,Rhinovirus,15.39,FALSE,4,2018,2017,2017/18,2017-07-01,44,11.7,15.09,2.84,15.39,9,3.6900000000000013,1.3153846153846156,TRUE
2018-05-07,2018,19,Rhinovirus,17.25,FALSE,5,2018,2017,2017/18,2017-07-01,45,12.75,15.905999999999999,3.18,17.25,9,4.5,1.3529411764705883,TRUE
2018-05-14,2018,20,Rhinovirus,15.57,FALSE,5,2018,2017,2017/18,2017-07-01,46,13.7,16.2,2.4,16.52,9,1.870000000000001,1.1364963503649637,FALSE
2018-05-21,2018,21,Rhinovirus,17.4,FALSE,5,2018,2017,2017/18,2017-07-01,47,11.96,16.595999999999997,1.91,17.4,9,5.439999999999998,1.454849498327759,TRUE
2018-05-28,2018,22,Rhinovirus,13.38,FALSE,5,2018,2017,2017/18,2017-07-01,48,11.62,15.844,2.85,16.04,9,1.7600000000000016,1.151462994836489,FALSE
2018-06-04,2018,23,Rhinovirus,14.21,FALSE,6,2018,2017,2017/18,2017-07-01,49,11.08,14.443999999999999,2.21,14.6,9,3.130000000000001,1.282490974729242,FALSE
2018-06-11,2018,24,Rhinovirus,14.02,FALSE,6,2018,2017,2017/18,2017-07-01,50,10.49,14.956,1.75,15.58,9,3.5299999999999994,1.3365109628217349,FALSE
2018-06-18,2018,25,Rhinovirus,16.9,FALSE,6,2018,2017,2017/18,2017-07-01,51,10.8,18.453999999999997,2.88,19.49,9,6.099999999999998,1.5648148148148147,FALSE
2018-06-25,2018,26,Rhinovirus,18.5,FALSE,6,2018,2017,2017/18,2017-07-01,52,11.17,18.62,1.7,18.7,9,7.33,1.6562220232766338,FALSE
2018-07-02,2018,27,Rhinovirus,16.99,FALSE,7,2018,2018,2018/19,2018-07-01,1,12.33,16.954,1.86,16.99,9,4.659999999999998,1.3779399837793997,TRUE
2018-07-09,2018,28,Rhinovirus,14.24,FALSE,7,2018,2018,2018/19,2018-07-01,2,11.91,16.512,2.22,17.04,9,2.33,1.195633921074727,FALSE
2018-07-16,2018,29,Rhinovirus,15.28,FALSE,7,2018,2018,2018/19,2018-07-01,3,11.22,16.412,3.03,16.9,9,4.059999999999999,1.3618538324420677,FALSE
2018-07-23,2018,30,Rhinovirus,13.45,FALSE,7,2018,2018,2018/19,2018-07-01,4,10.06,16.400000000000002,4.35,16.42,9,3.389999999999999,1.3369781312127236,FALSE
2018-07-30,2018,31,Rhinovirus,14.04,FALSE,7,2018,2018,2018/19,2018-07-01,5,9.04,14.91,6.62,15.41,9,5,1.5530973451327434,FALSE
2018-08-06,2018,32,Rhinovirus,12.18,FALSE,8,2018,2018,2018/19,2018-07-01,6,8.31,14.9,6.57,16.12,9,3.869999999999999,1.4657039711191335,FALSE
2018-08-13,2018,33,Rhinovirus,10.25,FALSE,8,2018,2018,2018/19,2018-07-01,7,9.31,12.372,6.13,12.46,9,0.9399999999999995,1.100966702470462,FALSE
2018-08-20,2018,34,Rhinovirus,12.97,FALSE,8,2018,2018,2018/19,2018-07-01,8,8.4,14.201999999999998,5.64,14.77,9,4.57,1.5440476190476191,FALSE
2018-08-27,2018,35,Rhinovirus,12.99,FALSE,8,2018,2018,2018/19,2018-07-01,9,8.73,14.778,6.16,15.97,9,4.26,1.4879725085910653,FALSE
2018-09-03,2018,36,Rhinovirus,14.72,FALSE,9,2018,2018,2018/19,2018-07-01,10,11.93,16.276,7.07,16.34,9,2.790000000000001,1.233864207879296,FALSE
2018-09-10,2018,37,Rhinovirus,18.63,FALSE,9,2018,2018,2018/19,2018-07-01,11,17.94,23.348,10.57,23.82,9,0.6899999999999977,1.0384615384615383,FALSE
2018-09-17,2018,38,Rhinovirus,21.52,FALSE,9,2018,2018,2018/19,2018-07-01,12,22.97,24.445999999999998,15.62,24.49,9,-1.4499999999999993,0.9368741837178929,FALSE
2018-09-24,2018,39,Rhinovirus,21.33,FALSE,9,2018,2018,2018/19,2018-07-01,13,22.49,26.39,17.26,26.67,9,-1.1600000000000001,0.948421520675856,FALSE
2018-10-01,2018,40,Rhinovirus,18.57,FALSE,10,2018,2018,2018/19,2018-07-01,14,21.53,25.962000000000003,16.52,26.81,9,-2.960000000000001,0.8625174175568974,FALSE
2018-10-08,2018,41,Rhinovirus,18.87,FALSE,10,2018,2018,2018/19,2018-07-01,15,20.45,25.449999999999996,16.08,26.65,9,-1.5799999999999983,0.9227383863080686,FALSE
2018-10-15,2018,42,Rhinovirus,18.67,FALSE,10,2018,2018,2018/19,2018-07-01,16,18.67,22.762,15.85,22.83,9,0,1,FALSE
2018-10-22,2018,43,Rhinovirus,17.87,FALSE,10,2018,2018,2018/19,2018-07-01,17,17.25,21.774,13.16,22.59,9,0.620000000000001,1.0359420289855072,FALSE
2018-10-29,2018,44,Rhinovirus,16.54,FALSE,10,2018,2018,2018/19,2018-07-01,18,15.5,19.668,11.04,20.18,9,1.0399999999999991,1.0670967741935484,FALSE
2018-11-05,2018,45,Rhinovirus,13.44,FALSE,11,2018,2018,2018/19,2018-07-01,19,15.69,18.11,11.8,18.21,9,-2.25,0.8565965583173996,FALSE
2018-11-12,2018,46,Rhinovirus,12.09,FALSE,11,2018,2018,2018/19,2018-07-01,20,15.53,17.392,11.43,17.6,9,-3.4399999999999995,0.7784932388924662,FALSE
2018-11-19,2018,47,Rhinovirus,13.36,FALSE,11,2018,2018,2018/19,2018-07-01,21,13.8,17.222,12.12,18.21,9,-0.4400000000000013,0.9681159420289854,FALSE
2018-11-26,2018,48,Rhinovirus,12.96,FALSE,11,2018,2018,2018/19,2018-07-01,22,13.42,15.777999999999999,10.41,16.43,9,-0.4599999999999991,0.9657228017883757,FALSE
2018-12-03,2018,49,Rhinovirus,12.08,FALSE,12,2018,2018,2018/19,2018-07-01,23,12.08,13.867999999999999,10.32,14.38,9,0,1,FALSE
2018-12-10,2018,50,Rhinovirus,13.64,FALSE,12,2018,2018,2018/19,2018-07-01,24,10.88,14.377999999999998,8.71,14.87,9,2.76,1.2536764705882353,FALSE
2018-12-17,2018,51,Rhinovirus,13.78,FALSE,12,2018,2018,2018/19,2018-07-01,25,10.17,14.259999999999998,7.11,14.58,9,3.6099999999999994,1.3549655850540805,FALSE
2018-12-24,2018,52,Rhinovirus,11.41,FALSE,12,2018,2018,2018/19,2018-07-01,26,10.08,12.462,6.73,12.61,9,1.33,1.1319444444444444,FALSE
2018-12-31,2018,1,Rhinovirus,12,FALSE,12,2018,2018,2018/19,2018-07-01,27,8.58,13.001999999999999,6.38,13.67,9,3.42,1.3986013986013985,FALSE
2019-01-07,2019,2,Rhinovirus,9.32,FALSE,1,2019,2018,2018/19,2018-07-01,28,7.6,10.604,5.22,11.42,9,1.7200000000000006,1.2263157894736842,FALSE
2019-01-14,2019,3,Rhinovirus,8.52,FALSE,1,2019,2018,2018/19,2018-07-01,29,8.12,12.607999999999999,4.18,13.52,9,0.40000000000000036,1.0492610837438423,FALSE
2019-01-21,2019,4,Rhinovirus,9.27,FALSE,1,2019,2018,2018/19,2018-07-01,30,9.27,14.677999999999999,2.1,15.53,9,0,1,FALSE
2019-01-28,2019,5,Rhinovirus,9.45,FALSE,1,2019,2018,2018/19,2018-07-01,31,9.45,15.773999999999997,3.04,17.59,9,0,1,FALSE
2019-02-04,2019,6,Rhinovirus,9.8,FALSE,2,2019,2018,2018/19,2018-07-01,32,10.41,15.439999999999998,3.73,16.38,9,-0.6099999999999994,0.9414024975984631,FALSE
2019-02-11,2019,7,Rhinovirus,8.24,FALSE,2,2019,2018,2018/19,2018-07-01,33,10.3,14.627999999999998,3.72,16.32,9,-2.0600000000000005,0.7999999999999999,FALSE
2019-02-18,2019,8,Rhinovirus,10.55,FALSE,2,2019,2018,2018/19,2018-07-01,34,10.55,13.802,2.55,15.01,9,0,1,FALSE
2019-02-25,2019,9,Rhinovirus,10.2,FALSE,2,2019,2018,2018/19,2018-07-01,35,9.26,13.622,3.49,14.13,9,0.9399999999999995,1.101511879049676,FALSE
2019-03-04,2019,10,Rhinovirus,10.4,FALSE,3,2019,2018,2018/19,2018-07-01,36,10.4,14.134,3.9,15.81,9,0,1,FALSE
2019-03-11,2019,11,Rhinovirus,12.09,FALSE,3,2019,2018,2018/19,2018-07-01,37,11.32,14.802,6.65,15.55,9,0.7699999999999996,1.0680212014134276,FALSE
2019-03-18,2019,12,Rhinovirus,14.4,FALSE,3,2019,2018,2018/19,2018-07-01,38,11.11,14.856,9.03,15.16,9,3.290000000000001,1.2961296129612963,FALSE
2019-03-25,2019,13,Rhinovirus,14.27,FALSE,3,2019,2018,2018/19,2018-07-01,39,12.59,15.008,6.88,15.5,9,1.6799999999999997,1.1334392374900715,FALSE
2019-04-01,2019,14,Rhinovirus,15.22,FALSE,4,2019,2018,2018/19,2018-07-01,40,11.73,15.411999999999999,4.47,15.54,9,3.49,1.2975277067348678,FALSE
2019-04-08,2019,15,Rhinovirus,11.87,FALSE,4,2019,2018,2018/19,2018-07-01,41,10.98,13.7,3.25,14,9,0.8899999999999988,1.0810564663023678,FALSE
2019-04-15,2019,16,Rhinovirus,11.21,FALSE,4,2019,2018,2018/19,2018-07-01,42,10.62,11.678,2.59,11.73,9,0.5900000000000016,1.0555555555555558,FALSE
2019-04-22,2019,17,Rhinovirus,11.19,FALSE,4,2019,2018,2018/19,2018-07-01,43,9.61,12.404,2.73,12.78,9,1.58,1.1644120707596255,FALSE
2019-04-29,2019,18,Rhinovirus,11.7,FALSE,4,2019,2018,2018/19,2018-07-01,44,11.7,15.09,2.84,15.39,9,0,1,FALSE
2019-05-06,2019,19,Rhinovirus,12.75,FALSE,5,2019,2018,2018/19,2018-07-01,45,12.75,15.905999999999999,3.18,17.25,9,0,1,FALSE
2019-05-13,2019,20,Rhinovirus,16.52,FALSE,5,2019,2018,2018/19,2018-07-01,46,13.7,16.2,2.4,16.52,9,2.8200000000000003,1.2058394160583943,TRUE
2019-05-20,2019,21,Rhinovirus,15.39,FALSE,5,2019,2018,2018/19,2018-07-01,47,11.96,16.595999999999997,1.91,17.4,9,3.4299999999999997,1.2867892976588629,FALSE
2019-05-27,2019,22,Rhinovirus,16.04,FALSE,5,2019,2018,2018/19,2018-07-01,48,11.62,15.844,2.85,16.04,9,4.42,1.3803786574870913,TRUE
2019-06-03,2019,23,Rhinovirus,14.6,FALSE,6,2019,2018,2018/19,2018-07-01,49,11.08,14.443999999999999,2.21,14.6,9,3.5199999999999996,1.3176895306859204,TRUE
2019-06-10,2019,24,Rhinovirus,15.58,FALSE,6,2019,2018,2018/19,2018-07-01,50,10.49,14.956,1.75,15.58,9,5.09,1.4852240228789324,TRUE
2019-06-17,2019,25,Rhinovirus,19.49,FALSE,6,2019,2018,2018/19,2018-07-01,51,10.8,18.453999999999997,2.88,19.49,9,8.689999999999998,1.8046296296296294,TRUE
2019-06-24,2019,26,Rhinovirus,18.7,FALSE,6,2019,2018,2018/19,2018-07-01,52,11.17,18.62,1.7,18.7,9,7.529999999999999,1.6741271262309758,TRUE
2019-07-01,2019,27,Rhinovirus,14.94,FALSE,7,2019,2019,2019/20,2019-07-01,1,12.33,16.954,1.86,16.99,9,2.6099999999999994,1.2116788321167882,FALSE
2019-07-08,2019,28,Rhinovirus,15.72,FALSE,7,2019,2019,2019/20,2019-07-01,2,11.91,16.512,2.22,17.04,9,3.8100000000000005,1.3198992443324937,FALSE
2019-07-15,2019,29,Rhinovirus,15.68,FALSE,7,2019,2019,2019/20,2019-07-01,3,11.22,16.412,3.03,16.9,9,4.459999999999999,1.3975044563279857,FALSE
2019-07-22,2019,30,Rhinovirus,16.37,FALSE,7,2019,2019,2019/20,2019-07-01,4,10.06,16.400000000000002,4.35,16.42,9,6.3100000000000005,1.6272365805168987,FALSE
2019-07-29,2019,31,Rhinovirus,11.67,FALSE,7,2019,2019,2019/20,2019-07-01,5,9.04,14.91,6.62,15.41,9,2.630000000000001,1.2909292035398232,FALSE
2019-08-05,2019,32,Rhinovirus,10.41,FALSE,8,2019,2019,2019/20,2019-07-01,6,8.31,14.9,6.57,16.12,9,2.0999999999999996,1.2527075812274369,FALSE
2019-08-12,2019,33,Rhinovirus,9.71,FALSE,8,2019,2019,2019/20,2019-07-01,7,9.31,12.372,6.13,12.46,9,0.40000000000000036,1.0429645542427497,FALSE
2019-08-19,2019,34,Rhinovirus,13.35,FALSE,8,2019,2019,2019/20,2019-07-01,8,8.4,14.201999999999998,5.64,14.77,9,4.949999999999999,1.5892857142857142,FALSE
2019-08-26,2019,35,Rhinovirus,11.68,FALSE,8,2019,2019,2019/20,2019-07-01,9,8.73,14.778,6.16,15.97,9,2.9499999999999993,1.3379152348224512,FALSE
2019-09-02,2019,36,Rhinovirus,11.93,FALSE,9,2019,2019,2019/20,2019-07-01,10,11.93,16.276,7.07,16.34,9,0,1,FALSE
2019-09-09,2019,37,Rhinovirus,17.94,FALSE,9,2019,2019,2019/20,2019-07-01,11,17.94,23.348,10.57,23.82,9,0,1,FALSE
2019-09-16,2019,38,Rhinovirus,23.14,FALSE,9,2019,2019,2019/20,2019-07-01,12,22.97,24.445999999999998,15.62,24.49,9,0.1700000000000017,1.0074009577710057,FALSE
2019-09-23,2019,39,Rhinovirus,25.97,FALSE,9,2019,2019,2019/20,2019-07-01,13,22.49,26.39,17.26,26.67,9,3.4800000000000004,1.1547354379724322,FALSE
2019-09-30,2019,40,Rhinovirus,23.72,FALSE,9,2019,2019,2019/20,2019-07-01,14,21.53,25.962000000000003,16.52,26.81,9,2.1899999999999977,1.1017185322805387,FALSE
2019-10-07,2019,41,Rhinovirus,22.83,FALSE,10,2019,2019,2019/20,2019-07-01,15,20.45,25.449999999999996,16.08,26.65,9,2.379999999999999,1.1163814180929095,FALSE
2019-10-14,2019,42,Rhinovirus,22.83,FALSE,10,2019,2019,2019/20,2019-07-01,16,18.67,22.762,15.85,22.83,9,4.159999999999997,1.2228173540439204,TRUE
2019-10-21,2019,43,Rhinovirus,20.55,FALSE,10,2019,2019,2019/20,2019-07-01,17,17.25,21.774,13.16,22.59,9,3.3000000000000007,1.191304347826087,FALSE
2019-10-28,2019,44,Rhinovirus,18.9,FALSE,10,2019,2019,2019/20,2019-07-01,18,15.5,19.668,11.04,20.18,9,3.3999999999999986,1.2193548387096773,FALSE
2019-11-04,2019,45,Rhinovirus,14.99,FALSE,11,2019,2019,2019/20,2019-07-01,19,15.69,18.11,11.8,18.21,9,-0.6999999999999993,0.9553855959209688,FALSE
2019-11-11,2019,46,Rhinovirus,15.81,FALSE,11,2019,2019,2019/20,2019-07-01,20,15.53,17.392,11.43,17.6,9,0.28000000000000114,1.0180296200901482,FALSE
2019-11-18,2019,47,Rhinovirus,13.78,FALSE,11,2019,2019,2019/20,2019-07-01,21,13.8,17.222,12.12,18.21,9,-0.02000000000000135,0.998550724637681,FALSE
2019-11-25,2019,48,Rhinovirus,10.41,FALSE,11,2019,2019,2019/20,2019-07-01,22,13.42,15.777999999999999,10.41,16.43,9,-3.01,0.7757078986587184,FALSE
2019-12-02,2019,49,Rhinovirus,10.4,FALSE,12,2019,2019,2019/20,2019-07-01,23,12.08,13.867999999999999,10.32,14.38,9,-1.6799999999999997,0.8609271523178809,FALSE
2019-12-09,2019,50,Rhinovirus,8.71,FALSE,12,2019,2019,2019/20,2019-07-01,24,10.88,14.377999999999998,8.71,14.87,9,-2.17,0.8005514705882353,FALSE
2019-12-16,2019,51,Rhinovirus,7.11,FALSE,12,2019,2019,2019/20,2019-07-01,25,10.17,14.259999999999998,7.11,14.58,9,-3.0599999999999996,0.6991150442477877,FALSE
2019-12-23,2019,52,Rhinovirus,8.6,FALSE,12,2019,2019,2019/20,2019-07-01,26,10.08,12.462,6.73,12.61,9,-1.4800000000000004,0.8531746031746031,FALSE
2019-12-30,2019,1,Rhinovirus,8.58,FALSE,12,2019,2019,2019/20,2019-07-01,27,8.58,13.001999999999999,6.38,13.67,9,0,1,FALSE
2020-01-06,2020,2,Rhinovirus,7.6,FALSE,1,2020,2019,2019/20,2019-07-01,28,7.6,10.604,5.22,11.42,9,0,1,FALSE
2020-01-13,2020,3,Rhinovirus,8.12,FALSE,1,2020,2019,2019/20,2019-07-01,29,8.12,12.607999999999999,4.18,13.52,9,0,1,FALSE
2020-01-20,2020,4,Rhinovirus,12.68,FALSE,1,2020,2019,2019/20,2019-07-01,30,9.27,14.677999999999999,2.1,15.53,9,3.41,1.3678532901833873,FALSE
2020-01-27,2020,5,Rhinovirus,12.36,FALSE,1,2020,2019,2019/20,2019-07-01,31,9.45,15.773999999999997,3.04,17.59,9,2.91,1.307936507936508,FALSE
2020-02-03,2020,6,Rhinovirus,12.66,FALSE,2,2020,2019,2019/20,2019-07-01,32,10.41,15.439999999999998,3.73,16.38,9,2.25,1.2161383285302594,FALSE
2020-02-10,2020,7,Rhinovirus,12.09,FALSE,2,2020,2019,2019/20,2019-07-01,33,10.3,14.627999999999998,3.72,16.32,9,1.7899999999999991,1.1737864077669902,FALSE
2020-02-17,2020,8,Rhinovirus,11.99,FALSE,2,2020,2019,2019/20,2019-07-01,34,10.55,13.802,2.55,15.01,9,1.4399999999999995,1.1364928909952605,FALSE
2020-02-24,2020,9,Rhinovirus,9.11,FALSE,2,2020,2019,2019/20,2019-07-01,35,9.26,13.622,3.49,14.13,9,-0.15000000000000036,0.9838012958963283,FALSE
2020-03-02,2020,10,Rhinovirus,10.98,FALSE,3,2020,2019,2019/20,2019-07-01,36,10.4,14.134,3.9,15.81,9,0.5800000000000001,1.0557692307692308,FALSE
2020-03-09,2020,11,Rhinovirus,11.32,FALSE,3,2020,2019,2019/20,2019-07-01,37,11.32,14.802,6.65,15.55,9,0,1,FALSE
2020-03-16,2020,12,Rhinovirus,9.03,FALSE,3,2020,2019,2019/20,2019-07-01,38,11.11,14.856,9.03,15.16,9,-2.08,0.8127812781278128,FALSE
2020-03-23,2020,13,Rhinovirus,6.88,FALSE,3,2020,2019,2019/20,2019-07-01,39,12.59,15.008,6.88,15.5,9,-5.71,0.5464654487688642,FALSE
2020-03-30,2020,14,Rhinovirus,4.47,FALSE,3,2020,2019,2019/20,2019-07-01,40,11.73,15.411999999999999,4.47,15.54,9,-7.260000000000001,0.3810741687979539,FALSE
2020-04-06,2020,15,Rhinovirus,3.25,FALSE,4,2020,2019,2019/20,2019-07-01,41,10.98,13.7,3.25,14,9,-7.73,0.2959927140255009,FALSE
2020-04-13,2020,16,Rhinovirus,2.59,FALSE,4,2020,2019,2019/20,2019-07-01,42,10.62,11.678,2.59,11.73,9,-8.03,0.243879472693032,FALSE
2020-04-20,2020,17,Rhinovirus,2.73,FALSE,4,2020,2019,2019/20,2019-07-01,43,9.61,12.404,2.73,12.78,9,-6.879999999999999,0.28407908428720086,FALSE
2020-04-27,2020,18,Rhinovirus,2.84,FALSE,4,2020,2019,2019/20,2019-07-01,44,11.7,15.09,2.84,15.39,9,-8.86,0.24273504273504273,FALSE
2020-05-04,2020,19,Rhinovirus,3.18,FALSE,5,2020,2019,2019/20,2019-07-01,45,12.75,15.905999999999999,3.18,17.25,9,-9.57,0.24941176470588236,FALSE
2020-05-11,2020,20,Rhinovirus,2.4,FALSE,5,2020,2019,2019/20,2019-07-01,46,13.7,16.2,2.4,16.52,9,-11.299999999999999,0.17518248175182483,FALSE
2020-05-18,2020,21,Rhinovirus,1.91,FALSE,5,2020,2019,2019/20,2019-07-01,47,11.96,16.595999999999997,1.91,17.4,9,-10.05,0.15969899665551837,FALSE
2020-05-25,2020,22,Rhinovirus,2.85,FALSE,5,2020,2019,2019/20,2019-07-01,48,11.62,15.844,2.85,16.04,9,-8.77,0.24526678141135974,FALSE
2020-06-01,2020,23,Rhinovirus,2.21,FALSE,6,2020,2019,2019/20,2019-07-01,49,11.08,14.443999999999999,2.21,14.6,9,-8.870000000000001,0.19945848375451264,FALSE
2020-06-08,2020,24,Rhinovirus,1.75,FALSE,6,2020,2019,2019/20,2019-07-01,50,10.49,14.956,1.75,15.58,9,-8.74,0.16682554814108674,FALSE
2020-06-15,2020,25,Rhinovirus,2.88,FALSE,6,2020,2019,2019/20,2019-07-01,51,10.8,18.453999999999997,2.88,19.49,9,-7.920000000000001,0.26666666666666666,FALSE
2020-06-22,2020,26,Rhinovirus,1.7,FALSE,6,2020,2019,2019/20,2019-07-01,52,11.17,18.62,1.7,18.7,9,-9.47,0.1521933751119069,FALSE
2020-06-29,2020,27,Rhinovirus,0.67,FALSE,6,2020,2019,2019/20,2019-07-01,53,5.7299999999999995,10.283999999999999,0.67,10.79,2,-5.06,0.11692844677137873,FALSE
2020-07-06,2020,28,Rhinovirus,1.86,FALSE,7,2020,2020,2020/21,2020-07-01,1,12.33,16.954,1.86,16.99,9,-10.47,0.15085158150851583,FALSE
2020-07-13,2020,29,Rhinovirus,2.22,FALSE,7,2020,2020,2020/21,2020-07-01,2,11.91,16.512,2.22,17.04,9,-9.69,0.18639798488664988,FALSE
2020-07-20,2020,30,Rhinovirus,3.03,FALSE,7,2020,2020,2020/21,2020-07-01,3,11.22,16.412,3.03,16.9,9,-8.190000000000001,0.27005347593582885,FALSE
2020-07-27,2020,31,Rhinovirus,4.35,FALSE,7,2020,2020,2020/21,2020-07-01,4,10.06,16.400000000000002,4.35,16.42,9,-5.710000000000001,0.4324055666003976,FALSE
2020-08-03,2020,32,Rhinovirus,6.82,FALSE,8,2020,2020,2020/21,2020-07-01,5,9.04,14.91,6.62,15.41,9,-2.219999999999999,0.7544247787610621,FALSE
2020-08-10,2020,33,Rhinovirus,6.61,FALSE,8,2020,2020,2020/21,2020-07-01,6,8.31,14.9,6.57,16.12,9,-1.7000000000000002,0.7954271961492178,FALSE
2020-08-17,2020,34,Rhinovirus,6.97,FALSE,8,2020,2020,2020/21,2020-07-01,7,9.31,12.372,6.13,12.46,9,-2.3400000000000007,0.748657357679914,FALSE
2020-08-24,2020,35,Rhinovirus,8.4,FALSE,8,2020,2020,2020/21,2020-07-01,8,8.4,14.201999999999998,5.64,14.77,9,0,1,FALSE
2020-08-31,2020,36,Rhinovirus,8.56,FALSE,8,2020,2020,2020/21,2020-07-01,9,8.73,14.778,6.16,15.97,9,-0.16999999999999993,0.9805269186712485,FALSE
2020-09-07,2020,37,Rhinovirus,16.34,FALSE,9,2020,2020,2020/21,2020-07-01,10,11.93,16.276,7.07,16.34,9,4.41,1.3696563285834031,TRUE
2020-09-14,2020,38,Rhinovirus,23.82,FALSE,9,2020,2020,2020/21,2020-07-01,11,17.94,23.348,10.57,23.82,9,5.879999999999999,1.3277591973244147,TRUE
2020-09-21,2020,39,Rhinovirus,24.49,FALSE,9,2020,2020,2020/21,2020-07-01,12,22.97,24.445999999999998,15.62,24.49,9,1.5199999999999996,1.066173269481933,TRUE
2020-09-28,2020,40,Rhinovirus,24.36,FALSE,9,2020,2020,2020/21,2020-07-01,13,22.49,26.39,17.26,26.67,9,1.870000000000001,1.0831480658070254,FALSE
2020-10-05,2020,41,Rhinovirus,21.53,FALSE,10,2020,2020,2020/21,2020-07-01,14,21.53,25.962000000000003,16.52,26.81,9,0,1,FALSE
2020-10-12,2020,42,Rhinovirus,20.45,FALSE,10,2020,2020,2020/21,2020-07-01,15,20.45,25.449999999999996,16.08,26.65,9,0,1,FALSE
2020-10-19,2020,43,Rhinovirus,17.65,FALSE,10,2020,2020,2020/21,2020-07-01,16,18.67,22.762,15.85,22.83,9,-1.0200000000000031,0.945366898768077,FALSE
2020-10-26,2020,44,Rhinovirus,17.25,FALSE,10,2020,2020,2020/21,2020-07-01,17,17.25,21.774,13.16,22.59,9,0,1,FALSE
2020-11-02,2020,45,Rhinovirus,15.5,FALSE,11,2020,2020,2020/21,2020-07-01,18,15.5,19.668,11.04,20.18,9,0,1,FALSE
2020-11-09,2020,46,Rhinovirus,16.11,FALSE,11,2020,2020,2020/21,2020-07-01,19,15.69,18.11,11.8,18.21,9,0.41999999999999993,1.0267686424474187,FALSE
2020-11-16,2020,47,Rhinovirus,13.16,FALSE,11,2020,2020,2020/21,2020-07-01,20,15.53,17.392,11.43,17.6,9,-2.369999999999999,0.8473921442369607,FALSE
2020-11-23,2020,48,Rhinovirus,12.12,FALSE,11,2020,2020,2020/21,2020-07-01,21,13.8,17.222,12.12,18.21,9,-1.6800000000000015,0.8782608695652173,FALSE
2020-11-30,2020,49,Rhinovirus,11.27,FALSE,11,2020,2020,2020/21,2020-07-01,22,13.42,15.777999999999999,10.41,16.43,9,-2.1500000000000004,0.8397913561847988,FALSE
2020-12-07,2020,50,Rhinovirus,10.32,FALSE,12,2020,2020,2020/21,2020-07-01,23,12.08,13.867999999999999,10.32,14.38,9,-1.7599999999999998,0.8543046357615894,FALSE
2020-12-14,2020,51,Rhinovirus,10.88,FALSE,12,2020,2020,2020/21,2020-07-01,24,10.88,14.377999999999998,8.71,14.87,9,0,1,FALSE
2020-12-21,2020,52,Rhinovirus,9.15,FALSE,12,2020,2020,2020/21,2020-07-01,25,10.17,14.259999999999998,7.11,14.58,9,-1.0199999999999996,0.8997050147492626,FALSE
2020-12-28,2020,53,Rhinovirus,10.81,FALSE,12,2020,2020,2020/21,2020-07-01,26,10.08,12.462,6.73,12.61,9,0.7300000000000004,1.0724206349206349,FALSE
2021-01-04,2021,1,Rhinovirus,6.38,FALSE,1,2021,2020,2020/21,2020-07-01,27,8.58,13.001999999999999,6.38,13.67,9,-2.2,0.7435897435897436,FALSE
2021-01-11,2021,2,Rhinovirus,5.22,FALSE,1,2021,2020,2020/21,2020-07-01,28,7.6,10.604,5.22,11.42,9,-2.38,0.6868421052631579,FALSE
2021-01-18,2021,3,Rhinovirus,4.18,FALSE,1,2021,2020,2020/21,2020-07-01,29,8.12,12.607999999999999,4.18,13.52,9,-3.9399999999999995,0.5147783251231527,FALSE
2021-01-25,2021,4,Rhinovirus,2.1,FALSE,1,2021,2020,2020/21,2020-07-01,30,9.27,14.677999999999999,2.1,15.53,9,-7.17,0.226537216828479,FALSE
2021-02-01,2021,5,Rhinovirus,3.04,FALSE,2,2021,2020,2020/21,2020-07-01,31,9.45,15.773999999999997,3.04,17.59,9,-6.409999999999999,0.3216931216931217,FALSE
2021-02-08,2021,6,Rhinovirus,3.73,FALSE,2,2021,2020,2020/21,2020-07-01,32,10.41,15.439999999999998,3.73,16.38,9,-6.68,0.35830931796349663,FALSE
2021-02-15,2021,7,Rhinovirus,3.72,FALSE,2,2021,2020,2020/21,2020-07-01,33,10.3,14.627999999999998,3.72,16.32,9,-6.58,0.3611650485436893,FALSE
2021-02-22,2021,8,Rhinovirus,2.55,FALSE,2,2021,2020,2020/21,2020-07-01,34,10.55,13.802,2.55,15.01,9,-8,0.24170616113744073,FALSE
2021-03-01,2021,9,Rhinovirus,3.49,FALSE,3,2021,2020,2020/21,2020-07-01,35,9.26,13.622,3.49,14.13,9,-5.77,0.3768898488120951,FALSE
2021-03-08,2021,10,Rhinovirus,3.9,FALSE,3,2021,2020,2020/21,2020-07-01,36,10.4,14.134,3.9,15.81,9,-6.5,0.375,FALSE
2021-03-15,2021,11,Rhinovirus,6.65,FALSE,3,2021,2020,2020/21,2020-07-01,37,11.32,14.802,6.65,15.55,9,-4.67,0.5874558303886926,FALSE
2021-03-22,2021,12,Rhinovirus,10.26,FALSE,3,2021,2020,2020/21,2020-07-01,38,11.11,14.856,9.03,15.16,9,-0.8499999999999996,0.9234923492349235,FALSE
2021-03-29,2021,13,Rhinovirus,14.09,FALSE,3,2021,2020,2020/21,2020-07-01,39,12.59,15.008,6.88,15.5,9,1.5,1.119142176330421,FALSE
2021-04-05,2021,14,Rhinovirus,11.93,FALSE,4,2021,2020,2020/21,2020-07-01,40,11.73,15.411999999999999,4.47,15.54,9,0.1999999999999993,1.0170502983802217,FALSE
2021-04-12,2021,15,Rhinovirus,12.09,FALSE,4,2021,2020,2020/21,2020-07-01,41,10.98,13.7,3.25,14,9,1.1099999999999994,1.1010928961748634,FALSE
2021-04-19,2021,16,Rhinovirus,8.6,FALSE,4,2021,2020,2020/21,2020-07-01,42,10.62,11.678,2.59,11.73,9,-2.0199999999999996,0.8097928436911488,FALSE
2021-04-26,2021,17,Rhinovirus,7.87,FALSE,4,2021,2020,2020/21,2020-07-01,43,9.61,12.404,2.73,12.78,9,-1.7399999999999993,0.8189386056191468,FALSE
2021-05-03,2021,18,Rhinovirus,11.32,FALSE,5,2021,2020,2020/21,2020-07-01,44,11.7,15.09,2.84,15.39,9,-0.379999999999999,0.9675213675213676,FALSE
2021-05-10,2021,19,Rhinovirus,11.2,FALSE,5,2021,2020,2020/21,2020-07-01,45,12.75,15.905999999999999,3.18,17.25,9,-1.5500000000000007,0.8784313725490196,FALSE
2021-05-17,2021,20,Rhinovirus,13.35,FALSE,5,2021,2020,2020/21,2020-07-01,46,13.7,16.2,2.4,16.52,9,-0.34999999999999964,0.9744525547445255,FALSE
2021-05-24,2021,21,Rhinovirus,11.51,FALSE,5,2021,2020,2020/21,2020-07-01,47,11.96,16.595999999999997,1.91,17.4,9,-0.45000000000000107,0.9623745819397992,FALSE
2021-05-31,2021,22,Rhinovirus,11.62,FALSE,5,2021,2020,2020/21,2020-07-01,48,11.62,15.844,2.85,16.04,9,0,1,FALSE
2021-06-07,2021,23,Rhinovirus,8.38,FALSE,6,2021,2020,2020/21,2020-07-01,49,11.08,14.443999999999999,2.21,14.6,9,-2.6999999999999993,0.756317689530686,FALSE
2021-06-14,2021,24,Rhinovirus,8.61,FALSE,6,2021,2020,2020/21,2020-07-01,50,10.49,14.956,1.75,15.58,9,-1.8800000000000008,0.8207816968541467,FALSE
2021-06-21,2021,25,Rhinovirus,8.19,FALSE,6,2021,2020,2020/21,2020-07-01,51,10.8,18.453999999999997,2.88,19.49,9,-2.610000000000001,0.7583333333333332,FALSE
2021-06-28,2021,26,Rhinovirus,12.14,FALSE,6,2021,2020,2020/21,2020-07-01,52,11.17,18.62,1.7,18.7,9,0.9700000000000006,1.0868397493285586,FALSE
2021-07-05,2021,27,Rhinovirus,12.33,FALSE,7,2021,2021,2021/22,2021-07-01,1,12.33,16.954,1.86,16.99,9,0,1,FALSE
2021-07-12,2021,28,Rhinovirus,11.91,FALSE,7,2021,2021,2021/22,2021-07-01,2,11.91,16.512,2.22,17.04,9,0,1,FALSE
2021-07-19,2021,29,Rhinovirus,11.22,FALSE,7,2021,2021,2021/22,2021-07-01,3,11.22,16.412,3.03,16.9,9,0,1,FALSE
2021-07-26,2021,30,Rhinovirus,9.11,FALSE,7,2021,2021,2021/22,2021-07-01,4,10.06,16.400000000000002,4.35,16.42,9,-0.9500000000000011,0.9055666003976142,FALSE
2021-08-02,2021,31,Rhinovirus,7.49,FALSE,8,2021,2021,2021/22,2021-07-01,5,9.04,14.91,6.62,15.41,9,-1.549999999999999,0.8285398230088497,FALSE
2021-08-09,2021,32,Rhinovirus,6.57,FALSE,8,2021,2021,2021/22,2021-07-01,6,8.31,14.9,6.57,16.12,9,-1.7400000000000002,0.7906137184115524,FALSE
2021-08-16,2021,33,Rhinovirus,9.31,FALSE,8,2021,2021,2021/22,2021-07-01,7,9.31,12.372,6.13,12.46,9,0,1,FALSE
2021-08-23,2021,34,Rhinovirus,7.8,FALSE,8,2021,2021,2021/22,2021-07-01,8,8.4,14.201999999999998,5.64,14.77,9,-0.6000000000000005,0.9285714285714285,FALSE
2021-08-30,2021,35,Rhinovirus,9.47,FALSE,8,2021,2021,2021/22,2021-07-01,9,8.73,14.778,6.16,15.97,9,0.7400000000000002,1.0847651775486826,FALSE
2021-09-06,2021,36,Rhinovirus,14.95,FALSE,9,2021,2021,2021/22,2021-07-01,10,11.93,16.276,7.07,16.34,9,3.0199999999999996,1.2531433361274098,FALSE
2021-09-13,2021,37,Rhinovirus,17.65,FALSE,9,2021,2021,2021/22,2021-07-01,11,17.94,23.348,10.57,23.82,9,-0.2900000000000027,0.9838350055741358,FALSE
2021-09-20,2021,38,Rhinovirus,22.97,FALSE,9,2021,2021,2021/22,2021-07-01,12,22.97,24.445999999999998,15.62,24.49,9,0,1,FALSE
2021-09-27,2021,39,Rhinovirus,22.49,FALSE,9,2021,2021,2021/22,2021-07-01,13,22.49,26.39,17.26,26.67,9,0,1,FALSE
2021-10-04,2021,40,Rhinovirus,18.36,FALSE,10,2021,2021,2021/22,2021-07-01,14,21.53,25.962000000000003,16.52,26.81,9,-3.1700000000000017,0.8527635856943798,FALSE
2021-10-11,2021,41,Rhinovirus,16.08,FALSE,10,2021,2021,2021/22,2021-07-01,15,20.45,25.449999999999996,16.08,26.65,9,-4.370000000000001,0.7863080684596576,FALSE
2021-10-18,2021,42,Rhinovirus,15.85,FALSE,10,2021,2021,2021/22,2021-07-01,16,18.67,22.762,15.85,22.83,9,-2.820000000000002,0.848955543652919,FALSE
2021-10-25,2021,43,Rhinovirus,13.16,FALSE,10,2021,2021,2021/22,2021-07-01,17,17.25,21.774,13.16,22.59,9,-4.09,0.7628985507246376,FALSE
2021-11-01,2021,44,Rhinovirus,11.04,FALSE,11,2021,2021,2021/22,2021-07-01,18,15.5,19.668,11.04,20.18,9,-4.460000000000001,0.7122580645161289,FALSE
2021-11-08,2021,45,Rhinovirus,11.8,FALSE,11,2021,2021,2021/22,2021-07-01,19,15.69,18.11,11.8,18.21,9,-3.889999999999999,0.7520713830465265,FALSE
2021-11-15,2021,46,Rhinovirus,11.43,FALSE,11,2021,2021,2021/22,2021-07-01,20,15.53,17.392,11.43,17.6,9,-4.1,0.7359948486799742,FALSE
2021-11-22,2021,47,Rhinovirus,14.09,FALSE,11,2021,2021,2021/22,2021-07-01,21,13.8,17.222,12.12,18.21,9,0.28999999999999915,1.021014492753623,FALSE
2021-11-29,2021,48,Rhinovirus,13.42,FALSE,11,2021,2021,2021/22,2021-07-01,22,13.42,15.777999999999999,10.41,16.43,9,0,1,FALSE
2021-12-06,2021,49,Rhinovirus,12.69,FALSE,12,2021,2021,2021/22,2021-07-01,23,12.08,13.867999999999999,10.32,14.38,9,0.6099999999999994,1.0504966887417218,FALSE
2021-12-13,2021,50,Rhinovirus,12.61,FALSE,12,2021,2021,2021/22,2021-07-01,24,10.88,14.377999999999998,8.71,14.87,9,1.7299999999999986,1.1590073529411764,FALSE
2021-12-20,2021,51,Rhinovirus,11.48,FALSE,12,2021,2021,2021/22,2021-07-01,25,10.17,14.259999999999998,7.11,14.58,9,1.3100000000000005,1.128810226155359,FALSE
2021-12-27,2021,52,Rhinovirus,12.61,FALSE,12,2021,2021,2021/22,2021-07-01,26,10.08,12.462,6.73,12.61,9,2.5299999999999994,1.2509920634920635,TRUE
2022-01-03,2022,1,Rhinovirus,8.64,FALSE,1,2022,2021,2021/22,2021-07-01,27,8.58,13.001999999999999,6.38,13.67,9,0.0600000000000005,1.006993006993007,FALSE
2022-01-10,2022,2,Rhinovirus,9.38,FALSE,1,2022,2021,2021/22,2021-07-01,28,7.6,10.604,5.22,11.42,9,1.7800000000000011,1.2342105263157896,FALSE
2022-01-17,2022,3,Rhinovirus,11.24,FALSE,1,2022,2021,2021/22,2021-07-01,29,8.12,12.607999999999999,4.18,13.52,9,3.120000000000001,1.3842364532019706,FALSE
2022-01-24,2022,4,Rhinovirus,13.4,FALSE,1,2022,2021,2021/22,2021-07-01,30,9.27,14.677999999999999,2.1,15.53,9,4.130000000000001,1.4455231930960086,FALSE
2022-01-31,2022,5,Rhinovirus,13.05,FALSE,1,2022,2021,2021/22,2021-07-01,31,9.45,15.773999999999997,3.04,17.59,9,3.6000000000000014,1.3809523809523812,FALSE
2022-02-07,2022,6,Rhinovirus,13.72,FALSE,2,2022,2021,2021/22,2021-07-01,32,10.41,15.439999999999998,3.73,16.38,9,3.3100000000000005,1.3179634966378482,FALSE
2022-02-14,2022,7,Rhinovirus,11.99,FALSE,2,2022,2021,2021/22,2021-07-01,33,10.3,14.627999999999998,3.72,16.32,9,1.6899999999999995,1.1640776699029125,FALSE
2022-02-21,2022,8,Rhinovirus,11.89,FALSE,2,2022,2021,2021/22,2021-07-01,34,10.55,13.802,2.55,15.01,9,1.3399999999999999,1.1270142180094787,FALSE
2022-02-28,2022,9,Rhinovirus,12.86,FALSE,2,2022,2021,2021/22,2021-07-01,35,9.26,13.622,3.49,14.13,9,3.5999999999999996,1.388768898488121,FALSE
2022-03-07,2022,10,Rhinovirus,11.46,FALSE,3,2022,2021,2021/22,2021-07-01,36,10.4,14.134,3.9,15.81,9,1.0600000000000005,1.101923076923077,FALSE
2022-03-14,2022,11,Rhinovirus,12.61,FALSE,3,2022,2021,2021/22,2021-07-01,37,11.32,14.802,6.65,15.55,9,1.2899999999999991,1.1139575971731448,FALSE
2022-03-21,2022,12,Rhinovirus,11.11,FALSE,3,2022,2021,2021/22,2021-07-01,38,11.11,14.856,9.03,15.16,9,0,1,FALSE
2022-03-28,2022,13,Rhinovirus,10.66,FALSE,3,2022,2021,2021/22,2021-07-01,39,12.59,15.008,6.88,15.5,9,-1.9299999999999997,0.846703733121525,FALSE
2022-04-04,2022,14,Rhinovirus,8.59,FALSE,4,2022,2021,2021/22,2021-07-01,40,11.73,15.411999999999999,4.47,15.54,9,-3.1400000000000006,0.7323103154305199,FALSE
2022-04-11,2022,15,Rhinovirus,7.21,FALSE,4,2022,2021,2021/22,2021-07-01,41,10.98,13.7,3.25,14,9,-3.7700000000000005,0.656648451730419,FALSE
2022-04-18,2022,16,Rhinovirus,8.09,FALSE,4,2022,2021,2021/22,2021-07-01,42,10.62,11.678,2.59,11.73,9,-2.5299999999999994,0.7617702448210923,FALSE
2022-04-25,2022,17,Rhinovirus,7.46,FALSE,4,2022,2021,2021/22,2021-07-01,43,9.61,12.404,2.73,12.78,9,-2.1499999999999995,0.7762747138397503,FALSE
2022-05-02,2022,18,Rhinovirus,10.53,FALSE,5,2022,2021,2021/22,2021-07-01,44,11.7,15.09,2.84,15.39,9,-1.17,0.9,FALSE
2022-05-09,2022,19,Rhinovirus,13.66,FALSE,5,2022,2021,2021/22,2021-07-01,45,12.75,15.905999999999999,3.18,17.25,9,0.9100000000000001,1.0713725490196078,FALSE
2022-05-16,2022,20,Rhinovirus,13.97,FALSE,5,2022,2021,2021/22,2021-07-01,46,13.7,16.2,2.4,16.52,9,0.27000000000000135,1.0197080291970804,FALSE
2022-05-23,2022,21,Rhinovirus,12.51,FALSE,5,2022,2021,2021/22,2021-07-01,47,11.96,16.595999999999997,1.91,17.4,9,0.5499999999999989,1.0459866220735785,FALSE
2022-05-30,2022,22,Rhinovirus,15.18,FALSE,5,2022,2021,2021/22,2021-07-01,48,11.62,15.844,2.85,16.04,9,3.5600000000000005,1.306368330464716,FALSE
2022-06-06,2022,23,Rhinovirus,13.04,FALSE,6,2022,2021,2021/22,2021-07-01,49,11.08,14.443999999999999,2.21,14.6,9,1.959999999999999,1.1768953068592056,FALSE
2022-06-13,2022,24,Rhinovirus,13.02,FALSE,6,2022,2021,2021/22,2021-07-01,50,10.49,14.956,1.75,15.58,9,2.5299999999999994,1.2411820781696854,FALSE
2022-06-20,2022,25,Rhinovirus,10.78,FALSE,6,2022,2021,2021/22,2021-07-01,51,10.8,18.453999999999997,2.88,19.49,9,-0.02000000000000135,0.998148148148148,FALSE
2022-06-27,2022,26,Rhinovirus,10.24,FALSE,6,2022,2021,2021/22,2021-07-01,52,11.17,18.62,1.7,18.7,9,-0.9299999999999997,0.9167412712623098,FALSE
2022-07-04,2022,27,Rhinovirus,11.14,FALSE,7,2022,2022,2022/23,2022-07-01,1,12.33,16.954,1.86,16.99,9,-1.1899999999999995,0.9034874290348743,FALSE
2022-07-11,2022,28,Rhinovirus,11.15,FALSE,7,2022,2022,2022/23,2022-07-01,2,11.91,16.512,2.22,17.04,9,-0.7599999999999998,0.9361880772460117,FALSE
2022-07-18,2022,29,Rhinovirus,10.27,FALSE,7,2022,2022,2022/23,2022-07-01,3,11.22,16.412,3.03,16.9,9,-0.9500000000000011,0.9153297682709447,FALSE
2022-07-25,2022,30,Rhinovirus,9.92,FALSE,7,2022,2022,2022/23,2022-07-01,4,10.06,16.400000000000002,4.35,16.42,9,-0.14000000000000057,0.9860834990059641,FALSE
2022-08-01,2022,31,Rhinovirus,6.62,FALSE,8,2022,2022,2022/23,2022-07-01,5,9.04,14.91,6.62,15.41,9,-2.419999999999999,0.7323008849557523,FALSE
2022-08-08,2022,32,Rhinovirus,8.31,FALSE,8,2022,2022,2022/23,2022-07-01,6,8.31,14.9,6.57,16.12,9,0,1,FALSE
2022-08-15,2022,33,Rhinovirus,6.13,FALSE,8,2022,2022,2022/23,2022-07-01,7,9.31,12.372,6.13,12.46,9,-3.1800000000000006,0.6584317937701396,FALSE
2022-08-22,2022,34,Rhinovirus,5.64,FALSE,8,2022,2022,2022/23,2022-07-01,8,8.4,14.201999999999998,5.64,14.77,9,-2.7600000000000007,0.6714285714285714,FALSE
2022-08-29,2022,35,Rhinovirus,8.65,FALSE,8,2022,2022,2022/23,2022-07-01,9,8.73,14.778,6.16,15.97,9,-0.08000000000000007,0.9908361970217641,FALSE
2022-09-05,2022,36,Rhinovirus,11.45,FALSE,9,2022,2022,2022/23,2022-07-01,10,11.93,16.276,7.07,16.34,9,-0.4800000000000004,0.9597652975691534,FALSE
2022-09-12,2022,37,Rhinovirus,20.07,FALSE,9,2022,2022,2022/23,2022-07-01,11,17.94,23.348,10.57,23.82,9,2.129999999999999,1.1187290969899666,FALSE
2022-09-19,2022,38,Rhinovirus,24.35,FALSE,9,2022,2022,2022/23,2022-07-01,12,22.97,24.445999999999998,15.62,24.49,9,1.3800000000000026,1.0600783630822814,FALSE
2022-09-26,2022,39,Rhinovirus,22.52,FALSE,9,2022,2022,2022/23,2022-07-01,13,22.49,26.39,17.26,26.67,9,0.030000000000001137,1.0013339261894176,FALSE
2022-10-03,2022,40,Rhinovirus,23.22,FALSE,10,2022,2022,2022/23,2022-07-01,14,21.53,25.962000000000003,16.52,26.81,9,1.6899999999999977,1.0784951230840687,FALSE
2022-10-10,2022,41,Rhinovirus,21.76,FALSE,10,2022,2022,2022/23,2022-07-01,15,20.45,25.449999999999996,16.08,26.65,9,1.3100000000000023,1.0640586797066016,FALSE
2022-10-17,2022,42,Rhinovirus,20.35,FALSE,10,2022,2022,2022/23,2022-07-01,16,18.67,22.762,15.85,22.83,9,1.6799999999999997,1.0899839314408142,FALSE
2022-10-24,2022,43,Rhinovirus,17.03,FALSE,10,2022,2022,2022/23,2022-07-01,17,17.25,21.774,13.16,22.59,9,-0.21999999999999886,0.9872463768115942,FALSE
2022-10-31,2022,44,Rhinovirus,14.86,FALSE,10,2022,2022,2022/23,2022-07-01,18,15.5,19.668,11.04,20.18,9,-0.6400000000000006,0.9587096774193548,FALSE
2022-11-07,2022,45,Rhinovirus,15.69,FALSE,11,2022,2022,2022/23,2022-07-01,19,15.69,18.11,11.8,18.21,9,0,1,FALSE
2022-11-14,2022,46,Rhinovirus,15.53,FALSE,11,2022,2022,2022/23,2022-07-01,20,15.53,17.392,11.43,17.6,9,0,1,FALSE
2022-11-21,2022,47,Rhinovirus,14.47,FALSE,11,2022,2022,2022/23,2022-07-01,21,13.8,17.222,12.12,18.21,9,0.6699999999999999,1.048550724637681,FALSE
2022-11-28,2022,48,Rhinovirus,14.29,FALSE,11,2022,2022,2022/23,2022-07-01,22,13.42,15.777999999999999,10.41,16.43,9,0.8699999999999992,1.0648286140089418,FALSE
2022-12-05,2022,49,Rhinovirus,12,FALSE,12,2022,2022,2022/23,2022-07-01,23,12.08,13.867999999999999,10.32,14.38,9,-0.08000000000000007,0.9933774834437086,FALSE
2022-12-12,2022,50,Rhinovirus,10.63,FALSE,12,2022,2022,2022/23,2022-07-01,24,10.88,14.377999999999998,8.71,14.87,9,-0.25,0.9770220588235294,FALSE
2022-12-19,2022,51,Rhinovirus,10.17,FALSE,12,2022,2022,2022/23,2022-07-01,25,10.17,14.259999999999998,7.11,14.58,9,0,1,FALSE
2022-12-26,2022,52,Rhinovirus,8.92,FALSE,12,2022,2022,2022/23,2022-07-01,26,10.08,12.462,6.73,12.61,9,-1.1600000000000001,0.8849206349206349,FALSE
2023-01-02,2023,1,Rhinovirus,7.73,FALSE,1,2023,2022,2022/23,2022-07-01,27,8.58,13.001999999999999,6.38,13.67,9,-0.8499999999999996,0.900932400932401,FALSE
2023-01-09,2023,2,Rhinovirus,8.01,FALSE,1,2023,2022,2022/23,2022-07-01,28,7.6,10.604,5.22,11.42,9,0.41000000000000014,1.0539473684210527,FALSE
2023-01-16,2023,3,Rhinovirus,10.74,FALSE,1,2023,2022,2022/23,2022-07-01,29,8.12,12.607999999999999,4.18,13.52,9,2.620000000000001,1.3226600985221677,FALSE
2023-01-23,2023,4,Rhinovirus,15.53,FALSE,1,2023,2022,2022/23,2022-07-01,30,9.27,14.677999999999999,2.1,15.53,9,6.26,1.6752966558791802,TRUE
2023-01-30,2023,5,Rhinovirus,17.59,FALSE,1,2023,2022,2022/23,2022-07-01,31,9.45,15.773999999999997,3.04,17.59,9,8.14,1.8613756613756616,TRUE
2023-02-06,2023,6,Rhinovirus,16.38,FALSE,2,2023,2022,2022/23,2022-07-01,32,10.41,15.439999999999998,3.73,16.38,9,5.969999999999999,1.573487031700288,TRUE
2023-02-13,2023,7,Rhinovirus,16.32,FALSE,2,2023,2022,2022/23,2022-07-01,33,10.3,14.627999999999998,3.72,16.32,9,6.02,1.5844660194174756,TRUE
2023-02-20,2023,8,Rhinovirus,15.01,FALSE,2,2023,2022,2022/23,2022-07-01,34,10.55,13.802,2.55,15.01,9,4.459999999999999,1.4227488151658767,TRUE
2023-02-27,2023,9,Rhinovirus,14.13,FALSE,2,2023,2022,2022/23,2022-07-01,35,9.26,13.622,3.49,14.13,9,4.870000000000001,1.5259179265658749,TRUE
2023-03-06,2023,10,Rhinovirus,15.81,FALSE,3,2023,2022,2022/23,2022-07-01,36,10.4,14.134,3.9,15.81,9,5.41,1.5201923076923076,TRUE
2023-03-13,2023,11,Rhinovirus,15.55,FALSE,3,2023,2022,2022/23,2022-07-01,37,11.32,14.802,6.65,15.55,9,4.23,1.3736749116607774,TRUE
2023-03-20,2023,12,Rhinovirus,15.16,FALSE,3,2023,2022,2022/23,2022-07-01,38,11.11,14.856,9.03,15.16,9,4.050000000000001,1.3645364536453646,TRUE
2023-03-27,2023,13,Rhinovirus,15.5,FALSE,3,2023,2022,2022/23,2022-07-01,39,12.59,15.008,6.88,15.5,9,2.91,1.2311358220810167,TRUE
2023-04-03,2023,14,Rhinovirus,15.54,FALSE,4,2023,2022,2022/23,2022-07-01,40,11.73,15.411999999999999,4.47,15.54,9,3.8099999999999987,1.3248081841432224,TRUE
2023-04-10,2023,15,Rhinovirus,14,FALSE,4,2023,2022,2022/23,2022-07-01,41,10.98,13.7,3.25,14,9,3.0199999999999996,1.2750455373406193,TRUE
2023-04-17,2023,16,Rhinovirus,11.53,FALSE,4,2023,2022,2022/23,2022-07-01,42,10.62,11.678,2.59,11.73,9,0.9100000000000001,1.085687382297552,FALSE
2023-04-24,2023,17,Rhinovirus,11.84,FALSE,4,2023,2022,2022/23,2022-07-01,43,9.61,12.404,2.73,12.78,9,2.2300000000000004,1.2320499479708638,FALSE
2023-05-01,2023,18,Rhinovirus,14.64,FALSE,5,2023,2022,2022/23,2022-07-01,44,11.7,15.09,2.84,15.39,9,2.9400000000000013,1.2512820512820515,FALSE
2023-05-08,2023,19,Rhinovirus,13.89,FALSE,5,2023,2022,2022/23,2022-07-01,45,12.75,15.905999999999999,3.18,17.25,9,1.1400000000000006,1.0894117647058823,FALSE
2023-05-15,2023,20,Rhinovirus,15.72,FALSE,5,2023,2022,2022/23,2022-07-01,46,13.7,16.2,2.4,16.52,9,2.0200000000000014,1.1474452554744528,FALSE
2023-05-22,2023,21,Rhinovirus,13.61,FALSE,5,2023,2022,2022/23,2022-07-01,47,11.96,16.595999999999997,1.91,17.4,9,1.6499999999999986,1.1379598662207357,FALSE
2023-05-29,2023,22,Rhinovirus,15.55,FALSE,5,2023,2022,2022/23,2022-07-01,48,11.62,15.844,2.85,16.04,9,3.9300000000000015,1.3382099827882963,FALSE
2023-06-05,2023,23,Rhinovirus,11.08,FALSE,6,2023,2022,2022/23,2022-07-01,49,11.08,14.443999999999999,2.21,14.6,9,0,1,FALSE
2023-06-12,2023,24,Rhinovirus,12.07,FALSE,6,2023,2022,2022/23,2022-07-01,50,10.49,14.956,1.75,15.58,9,1.58,1.1506196377502382,FALSE
2023-06-19,2023,25,Rhinovirus,10.94,FALSE,6,2023,2022,2022/23,2022-07-01,51,10.8,18.453999999999997,2.88,19.49,9,0.1399999999999988,1.0129629629629628,FALSE
2023-06-26,2023,26,Rhinovirus,10.27,FALSE,6,2023,2022,2022/23,2022-07-01,52,11.17,18.62,1.7,18.7,9,-0.9000000000000004,0.919427036705461,FALSE
2023-07-03,2023,27,Rhinovirus,12.36,FALSE,7,2023,2023,2023/24,2023-07-01,1,12.33,16.954,1.86,16.99,9,0.02999999999999936,1.0024330900243308,FALSE
2023-07-10,2023,28,Rhinovirus,15.57,FALSE,7,2023,2023,2023/24,2023-07-01,2,11.91,16.512,2.22,17.04,9,3.66,1.3073047858942066,FALSE
2023-07-17,2023,29,Rhinovirus,15.45,FALSE,7,2023,2023,2023/24,2023-07-01,3,11.22,16.412,3.03,16.9,9,4.229999999999999,1.3770053475935828,FALSE
2023-07-24,2023,30,Rhinovirus,16.42,FALSE,7,2023,2023,2023/24,2023-07-01,4,10.06,16.400000000000002,4.35,16.42,9,6.360000000000001,1.63220675944334,TRUE
2023-07-31,2023,31,Rhinovirus,14.16,FALSE,7,2023,2023,2023/24,2023-07-01,5,9.04,14.91,6.62,15.41,9,5.120000000000001,1.5663716814159294,FALSE
2023-08-07,2023,32,Rhinovirus,13.07,FALSE,8,2023,2023,2023/24,2023-07-01,6,8.31,14.9,6.57,16.12,9,4.76,1.57280385078219,FALSE
2023-08-14,2023,33,Rhinovirus,12.24,FALSE,8,2023,2023,2023/24,2023-07-01,7,9.31,12.372,6.13,12.46,9,2.9299999999999997,1.3147153598281418,FALSE
2023-08-21,2023,34,Rhinovirus,11.09,FALSE,8,2023,2023,2023/24,2023-07-01,8,8.4,14.201999999999998,5.64,14.77,9,2.6899999999999995,1.3202380952380952,FALSE
2023-08-28,2023,35,Rhinovirus,8.73,FALSE,8,2023,2023,2023/24,2023-07-01,9,8.73,14.778,6.16,15.97,9,0,1,FALSE
2023-09-04,2023,36,Rhinovirus,8.74,FALSE,9,2023,2023,2023/24,2023-07-01,10,11.93,16.276,7.07,16.34,9,-3.1899999999999995,0.732606873428332,FALSE
2023-09-11,2023,37,Rhinovirus,10.57,FALSE,9,2023,2023,2023/24,2023-07-01,11,17.94,23.348,10.57,23.82,9,-7.370000000000001,0.5891861761426979,FALSE
2023-09-18,2023,38,Rhinovirus,17.03,FALSE,9,2023,2023,2023/24,2023-07-01,12,22.97,24.445999999999998,15.62,24.49,9,-5.939999999999998,0.7414018284719199,FALSE
2023-09-25,2023,39,Rhinovirus,20.81,FALSE,9,2023,2023,2023/24,2023-07-01,13,22.49,26.39,17.26,26.67,9,-1.6799999999999997,0.925300133392619,FALSE
2023-10-02,2023,40,Rhinovirus,24.69,FALSE,10,2023,2023,2023/24,2023-07-01,14,21.53,25.962000000000003,16.52,26.81,9,3.16,1.1467719461216908,FALSE
2023-10-09,2023,41,Rhinovirus,23.65,FALSE,10,2023,2023,2023/24,2023-07-01,15,20.45,25.449999999999996,16.08,26.65,9,3.1999999999999993,1.156479217603912,FALSE
2023-10-16,2023,42,Rhinovirus,21.43,FALSE,10,2023,2023,2023/24,2023-07-01,16,18.67,22.762,15.85,22.83,9,2.759999999999998,1.1478307445099087,FALSE
2023-10-23,2023,43,Rhinovirus,20.49,FALSE,10,2023,2023,2023/24,2023-07-01,17,17.25,21.774,13.16,22.59,9,3.2399999999999984,1.1878260869565216,FALSE
2023-10-30,2023,44,Rhinovirus,17.07,FALSE,10,2023,2023,2023/24,2023-07-01,18,15.5,19.668,11.04,20.18,9,1.5700000000000003,1.1012903225806452,FALSE
2023-11-06,2023,45,Rhinovirus,18.21,FALSE,11,2023,2023,2023/24,2023-07-01,19,15.69,18.11,11.8,18.21,9,2.5200000000000014,1.1606118546845126,TRUE
2023-11-13,2023,46,Rhinovirus,16.01,FALSE,11,2023,2023,2023/24,2023-07-01,20,15.53,17.392,11.43,17.6,9,0.4800000000000022,1.0309079201545397,FALSE
2023-11-20,2023,47,Rhinovirus,13.8,FALSE,11,2023,2023,2023/24,2023-07-01,21,13.8,17.222,12.12,18.21,9,0,1,FALSE
2023-11-27,2023,48,Rhinovirus,16.43,FALSE,11,2023,2023,2023/24,2023-07-01,22,13.42,15.777999999999999,10.41,16.43,9,3.01,1.2242921013412817,TRUE
2023-12-04,2023,49,Rhinovirus,14.38,FALSE,12,2023,2023,2023/24,2023-07-01,23,12.08,13.867999999999999,10.32,14.38,9,2.3000000000000007,1.1903973509933776,TRUE
2023-12-11,2023,50,Rhinovirus,12.1,FALSE,12,2023,2023,2023/24,2023-07-01,24,10.88,14.377999999999998,8.71,14.87,9,1.2199999999999989,1.1121323529411764,FALSE
2023-12-18,2023,51,Rhinovirus,11.6,FALSE,12,2023,2023,2023/24,2023-07-01,25,10.17,14.259999999999998,7.11,14.58,9,1.4299999999999997,1.1406096361848574,FALSE
2023-12-25,2023,52,Rhinovirus,10.08,FALSE,12,2023,2023,2023/24,2023-07-01,26,10.08,12.462,6.73,12.61,9,0,1,FALSE
2024-01-01,2024,1,Rhinovirus,9.9,FALSE,1,2024,2023,2023/24,2023-07-01,27,8.58,13.001999999999999,6.38,13.67,9,1.3200000000000003,1.153846153846154,FALSE
2024-01-08,2024,2,Rhinovirus,6.83,FALSE,1,2024,2023,2023/24,2023-07-01,28,7.6,10.604,5.22,11.42,9,-0.7699999999999996,0.8986842105263159,FALSE
2024-01-15,2024,3,Rhinovirus,7.89,FALSE,1,2024,2023,2023/24,2023-07-01,29,8.12,12.607999999999999,4.18,13.52,9,-0.22999999999999954,0.9716748768472907,FALSE
2024-01-22,2024,4,Rhinovirus,8.52,FALSE,1,2024,2023,2023/24,2023-07-01,30,9.27,14.677999999999999,2.1,15.53,9,-0.75,0.919093851132686,FALSE
2024-01-29,2024,5,Rhinovirus,8.69,FALSE,1,2024,2023,2023/24,2023-07-01,31,9.45,15.773999999999997,3.04,17.59,9,-0.7599999999999998,0.9195767195767196,FALSE
2024-02-05,2024,6,Rhinovirus,8.77,FALSE,2,2024,2023,2023/24,2023-07-01,32,10.41,15.439999999999998,3.73,16.38,9,-1.6400000000000006,0.8424591738712776,FALSE
2024-02-12,2024,7,Rhinovirus,8.42,FALSE,2,2024,2023,2023/24,2023-07-01,33,10.3,14.627999999999998,3.72,16.32,9,-1.8800000000000008,0.8174757281553398,FALSE
2024-02-19,2024,8,Rhinovirus,8.55,FALSE,2,2024,2023,2023/24,2023-07-01,34,10.55,13.802,2.55,15.01,9,-2,0.8104265402843602,FALSE
2024-02-26,2024,9,Rhinovirus,9.26,FALSE,2,2024,2023,2023/24,2023-07-01,35,9.26,13.622,3.49,14.13,9,0,1,FALSE
2024-03-04,2024,10,Rhinovirus,9.01,FALSE,3,2024,2023,2023/24,2023-07-01,36,10.4,14.134,3.9,15.81,9,-1.3900000000000006,0.8663461538461538,FALSE
2024-03-11,2024,11,Rhinovirus,10.7,FALSE,3,2024,2023,2023/24,2023-07-01,37,11.32,14.802,6.65,15.55,9,-0.620000000000001,0.9452296819787985,FALSE
2024-03-18,2024,12,Rhinovirus,11.61,FALSE,3,2024,2023,2023/24,2023-07-01,38,11.11,14.856,9.03,15.16,9,0.5,1.045004500450045,FALSE
2024-03-25,2024,13,Rhinovirus,12.59,FALSE,3,2024,2023,2023/24,2023-07-01,39,12.59,15.008,6.88,15.5,9,0,1,FALSE
2024-04-01,2024,14,Rhinovirus,11.63,FALSE,4,2024,2023,2023/24,2023-07-01,40,11.73,15.411999999999999,4.47,15.54,9,-0.09999999999999964,0.9914748508098892,FALSE
2024-04-08,2024,15,Rhinovirus,9.66,FALSE,4,2024,2023,2023/24,2023-07-01,41,10.98,13.7,3.25,14,9,-1.3200000000000003,0.8797814207650273,FALSE
2024-04-15,2024,16,Rhinovirus,10.62,FALSE,4,2024,2023,2023/24,2023-07-01,42,10.62,11.678,2.59,11.73,9,0,1,FALSE
2024-04-22,2024,17,Rhinovirus,11.06,FALSE,4,2024,2023,2023/24,2023-07-01,43,9.61,12.404,2.73,12.78,9,1.450000000000001,1.1508844953173778,FALSE
2024-04-29,2024,18,Rhinovirus,12.47,FALSE,4,2024,2023,2023/24,2023-07-01,44,11.7,15.09,2.84,15.39,9,0.77000000000000135,1.065811965811966,FALSE
2024-05-06,2024,19,Rhinovirus,12.82,FALSE,5,2024,2023,2023/24,2023-07-01,45,12.75,15.905999999999999,3.18,17.25,9,0.07000000000000028,1.0054901960784315,FALSE
2024-05-13,2024,20,Rhinovirus,11.79,FALSE,5,2024,2023,2023/24,2023-07-01,46,13.7,16.2,2.4,16.52,9,-1.9100000000000001,0.8605839416058394,FALSE
2024-05-20,2024,21,Rhinovirus,11.04,FALSE,5,2024,2023,2023/24,2023-07-01,47,11.96,16.595999999999997,1.91,17.4,9,-0.9200000000000017,0.9230769230769229,FALSE
2024-05-27,2024,22,Rhinovirus,11.33,FALSE,5,2024,2023,2023/24,2023-07-01,48,11.62,15.844,2.85,16.04,9,-0.28999999999999915,0.9750430292598968,FALSE
2024-06-03,2024,23,Rhinovirus,10.48,FALSE,6,2024,2023,2023/24,2023-07-01,49,11.08,14.443999999999999,2.21,14.6,9,-0.5999999999999996,0.9458483754512635,FALSE
2024-06-10,2024,24,Rhinovirus,10.1,FALSE,6,2024,2023,2023/24,2023-07-01,50,10.49,14.956,1.75,15.58,9,-0.39000000000000057,0.9628217349857006,FALSE
2024-06-17,2024,25,Rhinovirus,10.8,FALSE,6,2024,2023,2023/24,2023-07-01,51,10.8,18.453999999999997,2.88,19.49,9,0,1,FALSE
2024-06-24,2024,26,Rhinovirus,11.36,FALSE,6,2024,2023,2023/24,2023-07-01,52,11.17,18.62,1.7,18.7,9,0.1899999999999995,1.0170098478066247,FALSE
2024-07-01,2024,27,Rhinovirus,10.58,FALSE,7,2024,2024,2024/25,2024-07-01,1,12.33,16.954,1.86,16.99,9,-1.75,0.8580697485806975,FALSE
2024-07-08,2024,28,Rhinovirus,9.1,FALSE,7,2024,2024,2024/25,2024-07-01,2,11.91,16.512,2.22,17.04,9,-2.8100000000000005,0.764063811922754,FALSE
2024-07-15,2024,29,Rhinovirus,10.19,FALSE,7,2024,2024,2024/25,2024-07-01,3,11.22,16.412,3.03,16.9,9,-1.0300000000000011,0.908199643493761,FALSE
2024-07-22,2024,30,Rhinovirus,10.06,FALSE,7,2024,2024,2024/25,2024-07-01,4,10.06,16.400000000000002,4.35,16.42,9,0,1,FALSE
2024-07-29,2024,31,Rhinovirus,8.11,FALSE,7,2024,2024,2024/25,2024-07-01,5,9.04,14.91,6.62,15.41,9,-0.9299999999999997,0.8971238938053098,FALSE
2024-08-05,2024,32,Rhinovirus,7.3,FALSE,8,2024,2024,2024/25,2024-07-01,6,8.31,14.9,6.57,16.12,9,-1.0100000000000007,0.878459687123947,FALSE
2024-08-12,2024,33,Rhinovirus,6.15,FALSE,8,2024,2024,2024/25,2024-07-01,7,9.31,12.372,6.13,12.46,9,-3.16,0.6605800214822771,FALSE
2024-08-19,2024,34,Rhinovirus,6.67,FALSE,8,2024,2024,2024/25,2024-07-01,8,8.4,14.201999999999998,5.64,14.77,9,-1.7300000000000004,0.794047619047619,FALSE
2024-08-26,2024,35,Rhinovirus,6.16,FALSE,8,2024,2024,2024/25,2024-07-01,9,8.73,14.778,6.16,15.97,9,-2.5700000000000003,0.7056128293241695,FALSE
2024-09-02,2024,36,Rhinovirus,7.07,FALSE,9,2024,2024,2024/25,2024-07-01,10,11.93,16.276,7.07,16.34,9,-4.859999999999999,0.5926236378876781,FALSE
2024-09-09,2024,37,Rhinovirus,11.61,FALSE,9,2024,2024,2024/25,2024-07-01,11,17.94,23.348,10.57,23.82,9,-6.330000000000002,0.6471571906354514,FALSE
2024-09-16,2024,38,Rhinovirus,15.62,FALSE,9,2024,2024,2024/25,2024-07-01,12,22.97,24.445999999999998,15.62,24.49,9,-7.35,0.6800174140182847,FALSE
2024-09-23,2024,39,Rhinovirus,17.26,FALSE,9,2024,2024,2024/25,2024-07-01,13,22.49,26.39,17.26,26.67,9,-5.229999999999997,0.7674522009782127,FALSE
2024-09-30,2024,40,Rhinovirus,16.52,FALSE,9,2024,2024,2024/25,2024-07-01,14,21.53,25.962000000000003,16.52,26.81,9,-5.010000000000002,0.7673014398513701,FALSE
2024-10-07,2024,41,Rhinovirus,16.89,FALSE,10,2024,2024,2024/25,2024-07-01,15,20.45,25.449999999999996,16.08,26.65,9,-3.5599999999999987,0.825916870415648,FALSE
2024-10-14,2024,42,Rhinovirus,15.86,FALSE,10,2024,2024,2024/25,2024-07-01,16,18.67,22.762,15.85,22.83,9,-2.8100000000000023,0.8494911622924477,FALSE
2024-10-21,2024,43,Rhinovirus,14.76,FALSE,10,2024,2024,2024/25,2024-07-01,17,17.25,21.774,13.16,22.59,9,-2.49,0.8556521739130435,FALSE
2024-10-28,2024,44,Rhinovirus,15.25,FALSE,10,2024,2024,2024/25,2024-07-01,18,15.5,19.668,11.04,20.18,9,-0.25,0.9838709677419355,FALSE
2024-11-04,2024,45,Rhinovirus,12.75,FALSE,11,2024,2024,2024/25,2024-07-01,19,15.69,18.11,11.8,18.21,9,-2.9399999999999995,0.8126195028680688,FALSE
2024-11-11,2024,46,Rhinovirus,13.76,FALSE,11,2024,2024,2024/25,2024-07-01,20,15.53,17.392,11.43,17.6,9,-1.7699999999999996,0.8860270444301352,FALSE
2024-11-18,2024,47,Rhinovirus,12.25,FALSE,11,2024,2024,2024/25,2024-07-01,21,13.8,17.222,12.12,18.21,9,-1.5500000000000007,0.8876811594202898,FALSE
2024-11-25,2024,48,Rhinovirus,10.65,FALSE,11,2024,2024,2024/25,2024-07-01,22,13.42,15.777999999999999,10.41,16.43,9,-2.7699999999999996,0.793591654247392,FALSE
2024-12-02,2024,49,Rhinovirus,10.34,FALSE,12,2024,2024,2024/25,2024-07-01,23,12.08,13.867999999999999,10.32,14.38,9,-1.7400000000000002,0.8559602649006622,FALSE
2024-12-09,2024,50,Rhinovirus,8.81,FALSE,12,2024,2024,2024/25,2024-07-01,24,10.88,14.377999999999998,8.71,14.87,9,-2.0700000000000003,0.8097426470588235,FALSE
2024-12-16,2024,51,Rhinovirus,8.44,FALSE,12,2024,2024,2024/25,2024-07-01,25,10.17,14.259999999999998,7.11,14.58,9,-1.7300000000000004,0.8298918387413963,FALSE
2024-12-23,2024,52,Rhinovirus,6.73,FALSE,12,2024,2024,2024/25,2024-07-01,26,10.08,12.462,6.73,12.61,9,-3.3499999999999996,0.6676587301587302,FALSE
2024-12-30,2024,1,Rhinovirus,7.37,FALSE,12,2024,2024,2024/25,2024-07-01,27,8.58,13.001999999999999,6.38,13.67,9,-1.21,0.858974358974359,FALSE
2025-01-06,2025,2,Rhinovirus,7.12,FALSE,1,2025,2024,2024/25,2024-07-01,28,7.6,10.604,5.22,11.42,9,-0.47999999999999954,0.9368421052631579,FALSE
2025-01-13,2025,3,Rhinovirus,7.19,FALSE,1,2025,2024,2024/25,2024-07-01,29,8.12,12.607999999999999,4.18,13.52,9,-0.9299999999999988,0.8854679802955666,FALSE
2025-01-20,2025,4,Rhinovirus,8.95,FALSE,1,2025,2024,2024/25,2024-07-01,30,9.27,14.677999999999999,2.1,15.53,9,-0.3200000000000003,0.9654800431499461,FALSE
2025-01-27,2025,5,Rhinovirus,9.06,FALSE,1,2025,2024,2024/25,2024-07-01,31,9.45,15.773999999999997,3.04,17.59,9,-0.3899999999999988,0.9587301587301589,FALSE
2025-02-03,2025,6,Rhinovirus,10.41,FALSE,2,2025,2024,2024/25,2024-07-01,32,10.41,15.439999999999998,3.73,16.38,9,0,1,FALSE
2025-02-10,2025,7,Rhinovirus,10.3,FALSE,2,2025,2024,2024/25,2024-07-01,33,10.3,14.627999999999998,3.72,16.32,9,0,1,FALSE
2025-02-17,2025,8,Rhinovirus,10.13,FALSE,2,2025,2024,2024/25,2024-07-01,34,10.55,13.802,2.55,15.01,9,-0.41999999999999993,0.9601895734597157,FALSE
2025-02-24,2025,9,Rhinovirus,8.43,FALSE,2,2025,2024,2024/25,2024-07-01,35,9.26,13.622,3.49,14.13,9,-0.8300000000000001,0.9103671706263499,FALSE
2025-03-03,2025,10,Rhinovirus,9.62,FALSE,3,2025,2024,2024/25,2024-07-01,36,10.4,14.134,3.9,15.81,9,-0.7800000000000011,0.9249999999999999,FALSE
2025-03-10,2025,11,Rhinovirus,8.26,FALSE,3,2025,2024,2024/25,2024-07-01,37,11.32,14.802,6.65,15.55,9,-3.0600000000000005,0.7296819787985865,FALSE
2025-03-17,2025,12,Rhinovirus,10.47,FALSE,3,2025,2024,2024/25,2024-07-01,38,11.11,14.856,9.03,15.16,9,-0.6399999999999988,0.9423942394239425,FALSE
2025-03-24,2025,13,Rhinovirus,10.37,FALSE,3,2025,2024,2024/25,2024-07-01,39,12.59,15.008,6.88,15.5,9,-2.2200000000000006,0.8236695790309769,FALSE
2025-03-31,2025,14,Rhinovirus,10.89,FALSE,3,2025,2024,2024/25,2024-07-01,40,11.73,15.411999999999999,4.47,15.54,9,-0.8399999999999999,0.928388746803069,FALSE
2025-04-07,2025,15,Rhinovirus,10.56,FALSE,4,2025,2024,2024/25,2024-07-01,41,10.98,13.7,3.25,14,9,-0.41999999999999993,0.9617486338797814,FALSE
2025-04-14,2025,16,Rhinovirus,9.6,FALSE,4,2025,2024,2024/25,2024-07-01,42,10.62,11.678,2.59,11.73,9,-1.0199999999999996,0.903954802259887,FALSE
2025-04-21,2025,17,Rhinovirus,8.98,FALSE,4,2025,2024,2024/25,2024-07-01,43,9.61,12.404,2.73,12.78,9,-0.629999999999999,0.9344432882414153,FALSE
2025-04-28,2025,18,Rhinovirus,10.51,FALSE,4,2025,2024,2024/25,2024-07-01,44,11.7,15.09,2.84,15.39,9,-1.1899999999999995,0.8982905982905983,FALSE
2025-05-05,2025,19,Rhinovirus,11.58,FALSE,5,2025,2024,2024/25,2024-07-01,45,12.75,15.905999999999999,3.18,17.25,9,-1.17,0.908235294117647,FALSE
2025-05-12,2025,20,Rhinovirus,10.9,FALSE,5,2025,2024,2024/25,2024-07-01,46,13.7,16.2,2.4,16.52,9,-2.799999999999999,0.7956204379562044,FALSE
2025-05-19,2025,21,Rhinovirus,11.07,FALSE,5,2025,2024,2024/25,2024-07-01,47,11.96,16.595999999999997,1.91,17.4,9,-0.8900000000000006,0.9255852842809364,FALSE
2025-05-26,2025,22,Rhinovirus,10.76,FALSE,5,2025,2024,2024/25,2024-07-01,48,11.62,15.844,2.85,16.04,9,-0.8599999999999994,0.9259896729776248,FALSE
2025-06-02,2025,23,Rhinovirus,11.91,FALSE,6,2025,2024,2024/25,2024-07-01,49,11.08,14.443999999999999,2.21,14.6,9,0.8300000000000001,1.0749097472924187,FALSE
2025-06-09,2025,24,Rhinovirus,10.02,FALSE,6,2025,2024,2024/25,2024-07-01,50,10.49,14.956,1.75,15.58,9,-0.47000000000000064,0.9551954242135366,FALSE
2025-06-16,2025,25,Rhinovirus,9.51,FALSE,6,2025,2024,2024/25,2024-07-01,51,10.8,18.453999999999997,2.88,19.49,9,-1.290000000000001,0.8805555555555554,FALSE
2025-06-23,2025,26,Rhinovirus,11.17,FALSE,6,2025,2024,2024/25,2024-07-01,52,11.17,18.62,1.7,18.7,9,0,1,FALSE
2025-06-30,2025,27,Rhinovirus,10.79,FALSE,6,2025,2024,2024/25,2024-07-01,53,5.7299999999999995,10.283999999999999,0.67,10.79,2,5.06,1.8830715532286213,TRUE
2025-07-07,2025,28,Rhinovirus,10.11,FALSE,7,2025,2025,2025/26,2025-07-01,1,12.33,16.954,1.86,16.99,9,-2.2200000000000006,0.8199513381995134,FALSE
2025-07-14,2025,29,Rhinovirus,9.06,FALSE,7,2025,2025,2025/26,2025-07-01,2,11.91,16.512,2.22,17.04,9,-2.8499999999999996,0.7607052896725441,FALSE
2025-07-21,2025,30,Rhinovirus,9.61,FALSE,7,2025,2025,2025/26,2025-07-01,3,11.22,16.412,3.03,16.9,9,-1.6100000000000012,0.85650623885918,FALSE
2025-07-28,2025,31,Rhinovirus,8.46,FALSE,7,2025,2025,2025/26,2025-07-01,4,10.06,16.400000000000002,4.35,16.42,9,-1.5999999999999996,0.8409542743538768,FALSE
2025-08-04,2025,32,Rhinovirus,9.04,FALSE,8,2025,2025,2025/26,2025-07-01,5,9.04,14.91,6.62,15.41,9,0,1,FALSE
2025-08-11,2025,33,Rhinovirus,7.56,FALSE,8,2025,2025,2025/26,2025-07-01,6,8.31,14.9,6.57,16.12,9,-0.7500000000000009,0.9097472924187725,FALSE
2025-08-18,2025,34,Rhinovirus,7.99,FALSE,8,2025,2025,2025/26,2025-07-01,7,9.31,12.372,6.13,12.46,9,-1.3200000000000003,0.8582169709989259,FALSE
2025-08-25,2025,35,Rhinovirus,6.68,FALSE,8,2025,2025,2025/26,2025-07-01,8,8.4,14.201999999999998,5.64,14.77,9,-1.7200000000000006,0.7952380952380952,FALSE
2025-09-01,2025,36,Rhinovirus,7.5,FALSE,9,2025,2025,2025/26,2025-07-01,9,8.73,14.778,6.16,15.97,9,-1.2300000000000004,0.8591065292096219,FALSE
2025-09-08,2025,37,Rhinovirus,9.7,FALSE,9,2025,2025,2025/26,2025-07-01,10,11.93,16.276,7.07,16.34,9,-2.2300000000000004,0.8130762782900252,FALSE
2025-09-15,2025,38,Rhinovirus,14.64,FALSE,9,2025,2025,2025/26,2025-07-01,11,17.94,23.348,10.57,23.82,9,-3.3000000000000007,0.8160535117056856,FALSE
2025-09-22,2025,39,Rhinovirus,16.82,FALSE,9,2025,2025,2025/26,2025-07-01,12,22.97,24.445999999999998,15.62,24.49,9,-6.149999999999999,0.7322594688724423,FALSE
2025-09-29,2025,40,Rhinovirus,20.38,FALSE,9,2025,2025,2025/26,2025-07-01,13,22.49,26.39,17.26,26.67,9,-2.1099999999999994,0.9061805246776345,FALSE
2025-10-06,2025,41,Rhinovirus,19.53,FALSE,10,2025,2025,2025/26,2025-07-01,14,21.53,25.962000000000003,16.52,26.81,9,-2,0.9071063632141199,FALSE
2025-10-13,2025,42,Rhinovirus,18.68,FALSE,10,2025,2025,2025/26,2025-07-01,15,20.45,25.449999999999996,16.08,26.65,9,-1.7699999999999996,0.9134474327628362,FALSE
2025-10-20,2025,43,Rhinovirus,16.6,FALSE,10,2025,2025,2025/26,2025-07-01,16,18.67,22.762,15.85,22.83,9,-2.0700000000000003,0.8891269416175683,FALSE
2025-10-27,2025,44,Rhinovirus,15.89,FALSE,10,2025,2025,2025/26,2025-07-01,17,17.25,21.774,13.16,22.59,9,-1.3599999999999994,0.9211594202898551,FALSE
2025-11-03,2025,45,Rhinovirus,14.83,FALSE,11,2025,2025,2025/26,2025-07-01,18,15.5,19.668,11.04,20.18,9,-0.6699999999999999,0.9567741935483871,FALSE
2025-11-10,2025,46,Rhinovirus,16.84,FALSE,11,2025,2025,2025/26,2025-07-01,19,15.69,18.11,11.8,18.21,9,1.1500000000000004,1.0732950924155513,FALSE
2025-11-17,2025,47,Rhinovirus,17.08,FALSE,11,2025,2025,2025/26,2025-07-01,20,15.53,17.392,11.43,17.6,9,1.549999999999999,1.099806825499034,FALSE
2025-11-24,2025,48,Rhinovirus,15.74,FALSE,11,2025,2025,2025/26,2025-07-01,21,13.8,17.222,12.12,18.21,9,1.9399999999999995,1.1405797101449275,FALSE
2025-12-01,2025,49,Rhinovirus,14.17,FALSE,12,2025,2025,2025/26,2025-07-01,22,13.42,15.777999999999999,10.41,16.43,9,0.75,1.0558867362146052,FALSE
2025-12-08,2025,50,Rhinovirus,13.1,FALSE,12,2025,2025,2025/26,2025-07-01,23,12.08,13.867999999999999,10.32,14.38,9,1.0199999999999996,1.0844370860927153,FALSE
2025-12-15,2025,51,Rhinovirus,14.87,FALSE,12,2025,2025,2025/26,2025-07-01,24,10.88,14.377999999999998,8.71,14.87,9,3.9899999999999984,1.3667279411764703,TRUE
2025-12-22,2025,52,Rhinovirus,14.58,FALSE,12,2025,2025,2025/26,2025-07-01,25,10.17,14.259999999999998,7.11,14.58,9,4.41,1.4336283185840708,TRUE
2025-12-29,2025,1,Rhinovirus,12.24,FALSE,12,2025,2025,2025/26,2025-07-01,26,10.08,12.462,6.73,12.61,9,2.16,1.2142857142857142,FALSE
2026-01-05,2026,2,Rhinovirus,13.67,FALSE,1,2026,2025,2025/26,2025-07-01,27,8.58,13.001999999999999,6.38,13.67,9,5.09,1.5932400932400932,TRUE
2026-01-12,2026,3,Rhinovirus,11.42,FALSE,1,2026,2025,2025/26,2025-07-01,28,7.6,10.604,5.22,11.42,9,3.8200000000000003,1.5026315789473685,TRUE
2026-01-19,2026,4,Rhinovirus,13.52,FALSE,1,2026,2025,2025/26,2025-07-01,29,8.12,12.607999999999999,4.18,13.52,9,5.4,1.665024630541872,TRUE
2026-01-26,2026,5,Rhinovirus,12.7,FALSE,1,2026,2025,2025/26,2025-07-01,30,9.27,14.677999999999999,2.1,15.53,9,3.4299999999999997,1.3700107874865157,FALSE
2026-02-02,2026,6,Rhinovirus,12.84,FALSE,2,2026,2025,2025/26,2025-07-01,31,9.45,15.773999999999997,3.04,17.59,9,3.3900000000000006,1.3587301587301588,FALSE
2026-02-09,2026,7,Rhinovirus,14.03,FALSE,2,2026,2025,2025/26,2025-07-01,32,10.41,15.439999999999998,3.73,16.38,9,3.619999999999999,1.3477425552353506,FALSE
2026-02-16,2026,8,Rhinovirus,11.76,FALSE,2,2026,2025,2025/26,2025-07-01,33,10.3,14.627999999999998,3.72,16.32,9,1.459999999999999,1.141747572815534,FALSE
2026-02-23,2026,9,Rhinovirus,11.38,FALSE,2,2026,2025,2025/26,2025-07-01,34,10.55,13.802,2.55,15.01,9,0.8300000000000001,1.0786729857819906,FALSE
2026-03-02,2026,10,Rhinovirus,11.03,FALSE,3,2026,2025,2025/26,2025-07-01,35,9.26,13.622,3.49,14.13,9,1.7699999999999996,1.191144708423326,FALSE
2026-03-09,2026,11,Rhinovirus,11.62,FALSE,3,2026,2025,2025/26,2025-07-01,36,10.4,14.134,3.9,15.81,9,1.2199999999999989,1.1173076923076921,FALSE
2026-03-16,2026,12,Rhinovirus,13.68,FALSE,3,2026,2025,2025/26,2025-07-01,37,11.32,14.802,6.65,15.55,9,2.3599999999999994,1.2084805653710247,FALSE
2026-03-23,2026,13,Rhinovirus,13.8,FALSE,3,2026,2025,2025/26,2025-07-01,38,11.11,14.856,9.03,15.16,9,2.6900000000000013,1.2421242124212422,FALSE
2026-03-30,2026,14,Rhinovirus,12.88,FALSE,3,2026,2025,2025/26,2025-07-01,39,12.59,15.008,6.88,15.5,9,0.2900000000000009,1.023034154090548,FALSE
2026-04-06,2026,15,Rhinovirus,13.3,FALSE,4,2026,2025,2025/26,2025-07-01,40,11.73,15.411999999999999,4.47,15.54,9,1.5700000000000003,1.13384484228474,FALSE
2026-04-13,2026,16,Rhinovirus,13.25,FALSE,4,2026,2025,2025/26,2025-07-01,41,10.98,13.7,3.25,14,9,2.2699999999999996,1.2067395264116576,FALSE
2026-04-20,2026,17,Rhinovirus,11.73,FALSE,4,2026,2025,2025/26,2025-07-01,42,10.62,11.678,2.59,11.73,9,1.1100000000000012,1.1045197740112995,TRUE
2026-04-27,2026,18,Rhinovirus,9.61,FALSE,4,2026,2025,2025/26,2025-07-01,43,9.61,12.404,2.73,12.78,9,0,1,FALSE
2026-05-04,2026,19,Rhinovirus,12.65,FALSE,5,2026,2025,2025/26,2025-07-01,44,11.7,15.09,2.84,15.39,9,0.9500000000000011,1.0811965811965814,FALSE
2026-05-11,2026,20,Rhinovirus,11.91,FALSE,5,2026,2025,2025/26,2025-07-01,45,12.75,15.905999999999999,3.18,17.25,9,-0.8399999999999999,0.9341176470588235,FALSE
2026-05-18,2026,21,Rhinovirus,13.7,FALSE,5,2026,2025,2025/26,2025-07-01,46,13.7,16.2,2.4,16.52,9,0,1,FALSE
2026-05-25,2026,22,Rhinovirus,11.96,FALSE,5,2026,2025,2025/26,2025-07-01,47,11.96,16.595999999999997,1.91,17.4,9,0,1,FALSE
2026-06-01,2026,23,Rhinovirus,9.96,FALSE,6,2026,2025,2025/26,2025-07-01,48,11.62,15.844,2.85,16.04,9,-1.6599999999999984,0.8571428571428573,FALSE
2026-06-08,2026,24,Rhinovirus,8.58,FALSE,6,2026,2025,2025/26,2025-07-01,49,11.08,14.443999999999999,2.21,14.6,9,-2.5,0.7743682310469314,FALSE
2026-06-15,2026,25,Rhinovirus,10.49,FALSE,6,2026,2025,2025/26,2025-07-01,50,10.49,14.956,1.75,15.58,9,0,1,FALSE
2026-06-22,2026,26,Rhinovirus,11.19,FALSE,6,2026,2025,2025/26,2025-07-01,51,10.8,18.453999999999997,2.88,19.49,9,0.3899999999999988,1.036111111111111,FALSE
2026-06-29,2026,27,Rhinovirus,10.01,FALSE,6,2026,2025,2025/26,2025-07-01,52,11.17,18.62,1.7,18.7,9,-1.1600000000000001,0.8961504028648165,FALSE
2026-07-06,2026,28,Rhinovirus,9.6,FALSE,7,2026,2026,2026/27,2026-07-01,1,12.33,16.954,1.86,16.99,9,-2.7300000000000004,0.778588807785888,FALSE
2026-07-13,2026,29,Rhinovirus,9.18,FALSE,7,2026,2026,2026/27,2026-07-01,2,11.91,16.512,2.22,17.04,9,-2.7300000000000004,0.7707808564231737,FALSE
2026-07-20,2026,30,Rhinovirus,10.01,FALSE,7,2026,2026,2026/27,2026-07-01,3,11.22,16.412,3.03,16.9,9,-1.2100000000000009,0.892156862745098,FALSE
2026-07-27,2026,31,Rhinovirus,7.63,FALSE,7,2026,2026,2026/27,2026-07-01,4,10.06,16.400000000000002,4.35,16.42,9,-2.4300000000000006,0.7584493041749503,FALSE
2026-08-03,2026,32,Rhinovirus,8.53,FALSE,8,2026,2026,2026/27,2026-07-01,5,9.04,14.91,6.62,15.41,9,-0.5099999999999998,0.9435840707964602,FALSE
2026-08-10,2026,33,Rhinovirus,7.06,FALSE,8,2026,2026,2026/27,2026-07-01,6,8.31,14.9,6.57,16.12,9,-1.2500000000000009,0.8495788206979542,FALSE
2026-08-17,2026,34,Rhinovirus,6.88,FALSE,8,2026,2026,2026/27,2026-07-01,7,9.31,12.372,6.13,12.46,9,-2.4300000000000006,0.7389903329752954,FALSE
2026-08-24,2026,35,Rhinovirus,7,FALSE,8,2026,2026,2026/27,2026-07-01,8,8.4,14.201999999999998,5.64,14.77,9,-1.4000000000000004,0.8333333333333333,FALSE
2026-08-31,2026,36,Rhinovirus,7.02,FALSE,8,2026,2026,2026/27,2026-07-01,9,8.73,14.778,6.16,15.97,9,-1.7100000000000009,0.8041237113402061,FALSE
2026-09-07,2026,37,Rhinovirus,9.69,FALSE,9,2026,2026,2026/27,2026-07-01,10,11.93,16.276,7.07,16.34,9,-2.24,0.8122380553227159,FALSE
2026-09-14,2026,38,Rhinovirus,12.78,FALSE,9,2026,2026,2026/27,2026-07-01,11,17.94,23.348,10.57,23.82,9,-5.160000000000002,0.7123745819397992,FALSE
2017-07-03,2017,27,hMPV,1.07,FALSE,7,2017,2017,2017/18,2017-07-01,1,0.74,1.216,0.34,1.24,9,0.33000000000000007,1.445945945945946,FALSE
2017-07-10,2017,28,hMPV,0.59,FALSE,7,2017,2017,2017/18,2017-07-01,2,0.85,1.236,0.23,1.3,9,-0.26,0.6941176470588235,FALSE
2017-07-17,2017,29,hMPV,0.53,FALSE,7,2017,2017,2017/18,2017-07-01,3,0.66,1.6139999999999999,0.26,1.73,9,-0.13,0.803030303030303,FALSE
2017-07-24,2017,30,hMPV,0.54,FALSE,7,2017,2017,2017/18,2017-07-01,4,0.54,1.0979999999999999,0.14,1.19,9,0,1,FALSE
2017-07-31,2017,31,hMPV,0.56,FALSE,7,2017,2017,2017/18,2017-07-01,5,0.56,1.0519999999999998,0.21,1.16,9,0,1,FALSE
2017-08-07,2017,32,hMPV,0.59,FALSE,8,2017,2017,2017/18,2017-07-01,6,0.52,1.056,0,1.06,9,0.06999999999999995,1.1346153846153846,FALSE
2017-08-14,2017,33,hMPV,0.7,FALSE,8,2017,2017,2017/18,2017-07-01,7,0.52,1.382,0.28,1.53,9,0.17999999999999994,1.346153846153846,FALSE
2017-08-21,2017,34,hMPV,0.33,FALSE,8,2017,2017,2017/18,2017-07-01,8,0.38,1.22,0,1.26,9,-0.04999999999999999,0.868421052631579,FALSE
2017-08-28,2017,35,hMPV,0.34,FALSE,8,2017,2017,2017/18,2017-07-01,9,0.37,1.2899999999999998,0.2,1.47,9,-0.02999999999999997,0.918918918918919,FALSE
2017-09-04,2017,36,hMPV,1.14,FALSE,9,2017,2017,2017/18,2017-07-01,10,0.48,1.7219999999999995,0.42,2.11,9,0.6599999999999999,2.375,FALSE
2017-09-11,2017,37,hMPV,0.59,FALSE,9,2017,2017,2017/18,2017-07-01,11,0.59,1.5359999999999998,0.23,1.68,9,0,1,FALSE
2017-09-18,2017,38,hMPV,1.02,FALSE,9,2017,2017,2017/18,2017-07-01,12,0.62,1.9699999999999998,0.2,2.47,9,0.4,1.6451612903225807,FALSE
2017-09-25,2017,39,hMPV,0.66,FALSE,9,2017,2017,2017/18,2017-07-01,13,0.6,2.295999999999999,0.25,3.32,9,0.06000000000000005,1.1,FALSE
2017-10-02,2017,40,hMPV,0.63,FALSE,10,2017,2017,2017/18,2017-07-01,14,0.54,2.341999999999999,0.11,3.37,9,0.08999999999999997,1.1666666666666665,FALSE
2017-10-09,2017,41,hMPV,0.76,FALSE,10,2017,2017,2017/18,2017-07-01,15,0.76,2.781999999999999,0.21,3.93,9,0,1,FALSE
2017-10-16,2017,42,hMPV,1.39,FALSE,10,2017,2017,2017/18,2017-07-01,16,0.71,2.9419999999999993,0.35,3.85,9,0.6799999999999999,1.9577464788732395,FALSE
2017-10-23,2017,43,hMPV,1.47,FALSE,10,2017,2017,2017/18,2017-07-01,17,1.14,3.7039999999999984,0.31,5.18,9,0.33000000000000007,1.2894736842105263,FALSE
2017-10-30,2017,44,hMPV,1.3,FALSE,10,2017,2017,2017/18,2017-07-01,18,1.2,3.7699999999999987,0,5.25,9,0.10000000000000009,1.0833333333333335,FALSE
2017-11-06,2017,45,hMPV,2.58,FALSE,11,2017,2017,2017/18,2017-07-01,19,1.54,5.2559999999999985,0.26,7.04,9,1.04,1.6753246753246753,FALSE
2017-11-13,2017,46,hMPV,3.35,FALSE,11,2017,2017,2017/18,2017-07-01,20,1.63,6.187999999999999,0,8.08,9,1.7200000000000002,2.0552147239263805,FALSE
2017-11-20,2017,47,hMPV,4.21,FALSE,11,2017,2017,2017/18,2017-07-01,21,2.33,7.011999999999999,0.08,8.88,9,1.88,1.8068669527896994,FALSE
2017-11-27,2017,48,hMPV,4.62,FALSE,11,2017,2017,2017/18,2017-07-01,22,2.27,8.303999999999998,0,10.76,9,2.35,2.0352422907488985,FALSE
2017-12-04,2017,49,hMPV,5.04,FALSE,12,2017,2017,2017/18,2017-07-01,23,2.44,8.135999999999997,0,10.2,9,2.6,2.0655737704918034,FALSE
2017-12-11,2017,50,hMPV,5.4,FALSE,12,2017,2017,2017/18,2017-07-01,24,3.02,6.767999999999999,0,7.68,9,2.3800000000000003,1.7880794701986755,FALSE
2017-12-18,2017,51,hMPV,5.18,FALSE,12,2017,2017,2017/18,2017-07-01,25,3.93,5.779999999999999,0.11,6.18,9,1.2499999999999996,1.3180661577608141,FALSE
2017-12-25,2017,52,hMPV,6.62,FALSE,12,2017,2017,2017/18,2017-07-01,26,4.01,6.188,0.17,6.62,9,2.6100000000000003,1.6508728179551124,TRUE
2018-01-01,2018,1,hMPV,5.32,FALSE,1,2018,2017,2017/18,2017-07-01,27,4.27,5.048,0,5.32,9,1.0500000000000007,1.2459016393442626,TRUE
2018-01-08,2018,2,hMPV,4.19,FALSE,1,2018,2017,2017/18,2017-07-01,28,3.62,4.214,0.3,4.23,9,0.5700000000000003,1.1574585635359116,FALSE
2018-01-15,2018,3,hMPV,3.14,FALSE,1,2018,2017,2017/18,2017-07-01,29,3.35,4.272,0.06,4.62,9,-0.20999999999999996,0.9373134328358209,FALSE
2018-01-22,2018,4,hMPV,3.43,FALSE,1,2018,2017,2017/18,2017-07-01,30,3.47,3.95,0,4.11,9,-0.040000000000000036,0.9884726224783862,FALSE
2018-01-29,2018,5,hMPV,2.7,FALSE,1,2018,2017,2017/18,2017-07-01,31,3.54,4.292,0.07,4.46,9,-0.8399999999999999,0.7627118644067797,FALSE
2018-02-05,2018,6,hMPV,2.63,FALSE,2,2018,2017,2017/18,2017-07-01,32,3.41,4.836,0.06,4.84,9,-0.7800000000000002,0.7712609970674487,FALSE
2018-02-12,2018,7,hMPV,2.86,FALSE,2,2018,2017,2017/18,2017-07-01,33,3.17,4.1899999999999995,0,4.21,9,-0.31000000000000005,0.9022082018927444,FALSE
2018-02-19,2018,8,hMPV,3.02,FALSE,2,2018,2017,2017/18,2017-07-01,34,3.2,4.916,0.14,5,9,-0.18000000000000016,0.94375,FALSE
2018-02-26,2018,9,hMPV,2.08,FALSE,2,2018,2017,2017/18,2017-07-01,35,2.89,4.718,0.23,4.83,9,-0.81,0.7197231833910035,FALSE
2018-03-05,2018,10,hMPV,2.45,FALSE,3,2018,2017,2017/18,2017-07-01,36,2.88,4.632,0.49,4.92,9,-0.4299999999999997,0.8506944444444445,FALSE
2018-03-12,2018,11,hMPV,3.03,FALSE,3,2018,2017,2017/18,2017-07-01,37,3.22,4.82,0.39,5,9,-0.1900000000000004,0.9409937888198756,FALSE
2018-03-19,2018,12,hMPV,2.91,FALSE,3,2018,2017,2017/18,2017-07-01,38,2.91,5.14,0.69,5.54,9,0,1,FALSE
2018-03-26,2018,13,hMPV,2.19,FALSE,3,2018,2017,2017/18,2017-07-01,39,2.19,5.1579999999999995,0.39,5.27,9,0,1,FALSE
2018-04-02,2018,14,hMPV,2.44,FALSE,4,2018,2017,2017/18,2017-07-01,40,2.44,4.6739999999999995,0.63,4.95,9,0,1,FALSE
2018-04-09,2018,15,hMPV,2.1,FALSE,4,2018,2017,2017/18,2017-07-01,41,2.1,4.036,0.29,4.04,9,0,1,FALSE
2018-04-16,2018,16,hMPV,2.14,FALSE,4,2018,2017,2017/18,2017-07-01,42,2.14,4.3100000000000005,0.46,4.41,9,0,1,FALSE
2018-04-23,2018,17,hMPV,1.37,FALSE,4,2018,2017,2017/18,2017-07-01,43,1.66,3.67,0.34,4.15,9,-0.2899999999999998,0.8253012048192773,FALSE
2018-04-30,2018,18,hMPV,1.99,FALSE,4,2018,2017,2017/18,2017-07-01,44,1.67,3.3279999999999994,0.51,3.76,9,0.32000000000000006,1.1916167664670658,FALSE
2018-05-07,2018,19,hMPV,2.42,FALSE,5,2018,2017,2017/18,2017-07-01,45,1.34,2.6359999999999997,0.33,2.78,9,1.0799999999999998,1.8059701492537312,FALSE
2018-05-14,2018,20,hMPV,1.32,FALSE,5,2018,2017,2017/18,2017-07-01,46,0.78,2.082,0,2.19,9,0.54,1.6923076923076923,FALSE
2018-05-21,2018,21,hMPV,1.14,FALSE,5,2018,2017,2017/18,2017-07-01,47,1.14,1.7899999999999998,0,1.95,9,0,1,FALSE
2018-05-28,2018,22,hMPV,0.99,FALSE,5,2018,2017,2017/18,2017-07-01,48,1.06,2.0839999999999996,0.39,2.3,9,-0.07000000000000006,0.9339622641509433,FALSE
2018-06-04,2018,23,hMPV,1.77,FALSE,6,2018,2017,2017/18,2017-07-01,49,1.02,2.126,0.58,2.21,9,0.75,1.7352941176470589,FALSE
2018-06-11,2018,24,hMPV,0.9,FALSE,6,2018,2017,2017/18,2017-07-01,50,0.85,1.5719999999999998,0.26,1.76,9,0.050000000000000044,1.0588235294117647,FALSE
2018-06-18,2018,25,hMPV,0.89,FALSE,6,2018,2017,2017/18,2017-07-01,51,0.89,1.398,0.32,1.55,9,0,1,FALSE
2018-06-25,2018,26,hMPV,0.7,FALSE,6,2018,2017,2017/18,2017-07-01,52,0.8,1.394,0.14,1.51,9,-0.10000000000000009,0.8749999999999999,FALSE
2018-07-02,2018,27,hMPV,0.55,FALSE,7,2018,2018,2018/19,2018-07-01,1,0.74,1.216,0.34,1.24,9,-0.18999999999999995,0.7432432432432433,FALSE
2018-07-09,2018,28,hMPV,1.11,FALSE,7,2018,2018,2018/19,2018-07-01,2,0.85,1.236,0.23,1.3,9,0.2600000000000001,1.3058823529411767,FALSE
2018-07-16,2018,29,hMPV,0.66,FALSE,7,2018,2018,2018/19,2018-07-01,3,0.66,1.6139999999999999,0.26,1.73,9,0,1,FALSE
2018-07-23,2018,30,hMPV,0.73,FALSE,7,2018,2018,2018/19,2018-07-01,4,0.54,1.0979999999999999,0.14,1.19,9,0.18999999999999995,1.3518518518518516,FALSE
2018-07-30,2018,31,hMPV,0.29,FALSE,7,2018,2018,2018/19,2018-07-01,5,0.56,1.0519999999999998,0.21,1.16,9,-0.2700000000000001,0.5178571428571428,FALSE
2018-08-06,2018,32,hMPV,0.39,FALSE,8,2018,2018,2018/19,2018-07-01,6,0.52,1.056,0,1.06,9,-0.13,0.75,FALSE
2018-08-13,2018,33,hMPV,0.47,FALSE,8,2018,2018,2018/19,2018-07-01,7,0.52,1.382,0.28,1.53,9,-0.050000000000000044,0.9038461538461537,FALSE
2018-08-20,2018,34,hMPV,0.19,FALSE,8,2018,2018,2018/19,2018-07-01,8,0.38,1.22,0,1.26,9,-0.19,0.5,FALSE
2018-08-27,2018,35,hMPV,0.2,FALSE,8,2018,2018,2018/19,2018-07-01,9,0.37,1.2899999999999998,0.2,1.47,9,-0.16999999999999998,0.5405405405405406,FALSE
2018-09-03,2018,36,hMPV,0.46,FALSE,9,2018,2018,2018/19,2018-07-01,10,0.48,1.7219999999999995,0.42,2.11,9,-0.019999999999999962,0.9583333333333334,FALSE
2018-09-10,2018,37,hMPV,0.32,FALSE,9,2018,2018,2018/19,2018-07-01,11,0.59,1.5359999999999998,0.23,1.68,9,-0.26999999999999996,0.5423728813559322,FALSE
2018-09-17,2018,38,hMPV,0.62,FALSE,9,2018,2018,2018/19,2018-07-01,12,0.62,1.9699999999999998,0.2,2.47,9,0,1,FALSE
2018-09-24,2018,39,hMPV,0.42,FALSE,9,2018,2018,2018/19,2018-07-01,13,0.6,2.295999999999999,0.25,3.32,9,-0.18,0.7,FALSE
2018-10-01,2018,40,hMPV,0.18,FALSE,10,2018,2018,2018/19,2018-07-01,14,0.54,2.341999999999999,0.11,3.37,9,-0.36000000000000004,0.3333333333333333,FALSE
2018-10-08,2018,41,hMPV,0.44,FALSE,10,2018,2018,2018/19,2018-07-01,15,0.76,2.781999999999999,0.21,3.93,9,-0.32,0.5789473684210527,FALSE
2018-10-15,2018,42,hMPV,0.42,FALSE,10,2018,2018,2018/19,2018-07-01,16,0.71,2.9419999999999993,0.35,3.85,9,-0.29,0.5915492957746479,FALSE
2018-10-22,2018,43,hMPV,0.57,FALSE,10,2018,2018,2018/19,2018-07-01,17,1.14,3.7039999999999984,0.31,5.18,9,-0.57,0.5,FALSE
2018-10-29,2018,44,hMPV,1.01,FALSE,10,2018,2018,2018/19,2018-07-01,18,1.2,3.7699999999999987,0,5.25,9,-0.18999999999999995,0.8416666666666667,FALSE
2018-11-05,2018,45,hMPV,0.98,FALSE,11,2018,2018,2018/19,2018-07-01,19,1.54,5.2559999999999985,0.26,7.04,9,-0.56,0.6363636363636364,FALSE
2018-11-12,2018,46,hMPV,1.38,FALSE,11,2018,2018,2018/19,2018-07-01,20,1.63,6.187999999999999,0,8.08,9,-0.25,0.8466257668711656,FALSE
2018-11-19,2018,47,hMPV,1.2,FALSE,11,2018,2018,2018/19,2018-07-01,21,2.33,7.011999999999999,0.08,8.88,9,-1.1300000000000001,0.5150214592274678,FALSE
2018-11-26,2018,48,hMPV,1.47,FALSE,11,2018,2018,2018/19,2018-07-01,22,2.27,8.303999999999998,0,10.76,9,-0.8,0.6475770925110133,FALSE
2018-12-03,2018,49,hMPV,2.34,FALSE,12,2018,2018,2018/19,2018-07-01,23,2.44,8.135999999999997,0,10.2,9,-0.10000000000000009,0.9590163934426229,FALSE
2018-12-10,2018,50,hMPV,2.66,FALSE,12,2018,2018,2018/19,2018-07-01,24,3.02,6.767999999999999,0,7.68,9,-0.3599999999999999,0.880794701986755,FALSE
2018-12-17,2018,51,hMPV,3.63,FALSE,12,2018,2018,2018/19,2018-07-01,25,3.93,5.779999999999999,0.11,6.18,9,-0.30000000000000027,0.9236641221374046,FALSE
2018-12-24,2018,52,hMPV,3.85,FALSE,12,2018,2018,2018/19,2018-07-01,26,4.01,6.188,0.17,6.62,9,-0.1599999999999997,0.9600997506234414,FALSE
2018-12-31,2018,1,hMPV,4.64,FALSE,12,2018,2018,2018/19,2018-07-01,27,4.27,5.048,0,5.32,9,0.3700000000000001,1.0866510538641687,FALSE
2019-01-07,2019,2,hMPV,4.23,FALSE,1,2019,2018,2018/19,2018-07-01,28,3.62,4.214,0.3,4.23,9,0.6100000000000003,1.1685082872928179,TRUE
2019-01-14,2019,3,hMPV,3.35,FALSE,1,2019,2018,2018/19,2018-07-01,29,3.35,4.272,0.06,4.62,9,0,1,FALSE
2019-01-21,2019,4,hMPV,3.64,FALSE,1,2019,2018,2018/19,2018-07-01,30,3.47,3.95,0,4.11,9,0.16999999999999993,1.0489913544668588,FALSE
2019-01-28,2019,5,hMPV,3.54,FALSE,1,2019,2018,2018/19,2018-07-01,31,3.54,4.292,0.07,4.46,9,0,1,FALSE
2019-02-04,2019,6,hMPV,4.84,FALSE,2,2019,2018,2018/19,2018-07-01,32,3.41,4.836,0.06,4.84,9,1.4299999999999997,1.4193548387096773,TRUE
2019-02-11,2019,7,hMPV,4.21,FALSE,2,2019,2018,2018/19,2018-07-01,33,3.17,4.1899999999999995,0,4.21,9,1.04,1.3280757097791798,TRUE
2019-02-18,2019,8,hMPV,5,FALSE,2,2019,2018,2018/19,2018-07-01,34,3.2,4.916,0.14,5,9,1.7999999999999998,1.5625,TRUE
2019-02-25,2019,9,hMPV,4.83,FALSE,2,2019,2018,2018/19,2018-07-01,35,2.89,4.718,0.23,4.83,9,1.94,1.6712802768166088,TRUE
2019-03-04,2019,10,hMPV,4.2,FALSE,3,2019,2018,2018/19,2018-07-01,36,2.88,4.632,0.49,4.92,9,1.3200000000000003,1.4583333333333335,FALSE
2019-03-11,2019,11,hMPV,5,FALSE,3,2019,2018,2018/19,2018-07-01,37,3.22,4.82,0.39,5,9,1.7799999999999998,1.5527950310559004,TRUE
2019-03-18,2019,12,hMPV,5.54,FALSE,3,2019,2018,2018/19,2018-07-01,38,2.91,5.14,0.69,5.54,9,2.63,1.9037800687285222,TRUE
2019-03-25,2019,13,hMPV,5.27,FALSE,3,2019,2018,2018/19,2018-07-01,39,2.19,5.1579999999999995,0.39,5.27,9,3.0799999999999996,2.4063926940639266,TRUE
2019-04-01,2019,14,hMPV,4.95,FALSE,4,2019,2018,2018/19,2018-07-01,40,2.44,4.6739999999999995,0.63,4.95,9,2.5100000000000002,2.028688524590164,TRUE
2019-04-08,2019,15,hMPV,4.04,FALSE,4,2019,2018,2018/19,2018-07-01,41,2.1,4.036,0.29,4.04,9,1.94,1.9238095238095236,TRUE
2019-04-15,2019,16,hMPV,4.41,FALSE,4,2019,2018,2018/19,2018-07-01,42,2.14,4.3100000000000005,0.46,4.41,9,2.27,2.060747663551402,TRUE
2019-04-22,2019,17,hMPV,4.15,FALSE,4,2019,2018,2018/19,2018-07-01,43,1.66,3.67,0.34,4.15,9,2.49,2.5000000000000004,TRUE
2019-04-29,2019,18,hMPV,2.68,FALSE,4,2019,2018,2018/19,2018-07-01,44,1.67,3.3279999999999994,0.51,3.76,9,1.0100000000000002,1.6047904191616769,FALSE
2019-05-06,2019,19,hMPV,2.3,FALSE,5,2019,2018,2018/19,2018-07-01,45,1.34,2.6359999999999997,0.33,2.78,9,0.9599999999999997,1.716417910447761,FALSE
2019-05-13,2019,20,hMPV,2.19,FALSE,5,2019,2018,2018/19,2018-07-01,46,0.78,2.082,0,2.19,9,1.41,2.8076923076923075,TRUE
2019-05-20,2019,21,hMPV,1.55,FALSE,5,2019,2018,2018/19,2018-07-01,47,1.14,1.7899999999999998,0,1.95,9,0.41000000000000014,1.3596491228070178,FALSE
2019-05-27,2019,22,hMPV,2.3,FALSE,5,2019,2018,2018/19,2018-07-01,48,1.06,2.0839999999999996,0.39,2.3,9,1.2399999999999998,2.1698113207547167,TRUE
2019-06-03,2019,23,hMPV,2.21,FALSE,6,2019,2018,2018/19,2018-07-01,49,1.02,2.126,0.58,2.21,9,1.19,2.1666666666666665,TRUE
2019-06-10,2019,24,hMPV,1.76,FALSE,6,2019,2018,2018/19,2018-07-01,50,0.85,1.5719999999999998,0.26,1.76,9,0.91,2.070588235294118,TRUE
2019-06-17,2019,25,hMPV,1.16,FALSE,6,2019,2018,2018/19,2018-07-01,51,0.89,1.398,0.32,1.55,9,0.2699999999999999,1.3033707865168538,FALSE
2019-06-24,2019,26,hMPV,1.22,FALSE,6,2019,2018,2018/19,2018-07-01,52,0.8,1.394,0.14,1.51,9,0.41999999999999993,1.525,FALSE
2019-07-01,2019,27,hMPV,1.24,FALSE,7,2019,2019,2019/20,2019-07-01,1,0.74,1.216,0.34,1.24,9,0.5,1.6756756756756757,TRUE
2019-07-08,2019,28,hMPV,1.3,FALSE,7,2019,2019,2019/20,2019-07-01,2,0.85,1.236,0.23,1.3,9,0.45000000000000007,1.5294117647058825,TRUE
2019-07-15,2019,29,hMPV,0.5,FALSE,7,2019,2019,2019/20,2019-07-01,3,0.66,1.6139999999999999,0.26,1.73,9,-0.16000000000000003,0.7575757575757576,FALSE
2019-07-22,2019,30,hMPV,0.96,FALSE,7,2019,2019,2019/20,2019-07-01,4,0.54,1.0979999999999999,0.14,1.19,9,0.41999999999999993,1.7777777777777777,FALSE
2019-07-29,2019,31,hMPV,0.5,FALSE,7,2019,2019,2019/20,2019-07-01,5,0.56,1.0519999999999998,0.21,1.16,9,-0.06000000000000005,0.8928571428571428,FALSE
2019-08-05,2019,32,hMPV,0.52,FALSE,8,2019,2019,2019/20,2019-07-01,6,0.52,1.056,0,1.06,9,0,1,FALSE
2019-08-12,2019,33,hMPV,0.52,FALSE,8,2019,2019,2019/20,2019-07-01,7,0.52,1.382,0.28,1.53,9,0,1,FALSE
2019-08-19,2019,34,hMPV,0.49,FALSE,8,2019,2019,2019/20,2019-07-01,8,0.38,1.22,0,1.26,9,0.10999999999999999,1.2894736842105263,FALSE
2019-08-26,2019,35,hMPV,0.37,FALSE,8,2019,2019,2019/20,2019-07-01,9,0.37,1.2899999999999998,0.2,1.47,9,0,1,FALSE
2019-09-02,2019,36,hMPV,0.42,FALSE,9,2019,2019,2019/20,2019-07-01,10,0.48,1.7219999999999995,0.42,2.11,9,-0.06,0.875,FALSE
2019-09-09,2019,37,hMPV,0.23,FALSE,9,2019,2019,2019/20,2019-07-01,11,0.59,1.5359999999999998,0.23,1.68,9,-0.36,0.3898305084745763,FALSE
2019-09-16,2019,38,hMPV,0.2,FALSE,9,2019,2019,2019/20,2019-07-01,12,0.62,1.9699999999999998,0.2,2.47,9,-0.42,0.32258064516129037,FALSE
2019-09-23,2019,39,hMPV,0.25,FALSE,9,2019,2019,2019/20,2019-07-01,13,0.6,2.295999999999999,0.25,3.32,9,-0.35,0.4166666666666667,FALSE
2019-09-30,2019,40,hMPV,0.67,FALSE,9,2019,2019,2019/20,2019-07-01,14,0.54,2.341999999999999,0.11,3.37,9,0.13,1.2407407407407407,FALSE
2019-10-07,2019,41,hMPV,0.57,FALSE,10,2019,2019,2019/20,2019-07-01,15,0.76,2.781999999999999,0.21,3.93,9,-0.19000000000000006,0.7499999999999999,FALSE
2019-10-14,2019,42,hMPV,0.71,FALSE,10,2019,2019,2019/20,2019-07-01,16,0.71,2.9419999999999993,0.35,3.85,9,0,1,FALSE
2019-10-21,2019,43,hMPV,1.21,FALSE,10,2019,2019,2019/20,2019-07-01,17,1.14,3.7039999999999984,0.31,5.18,9,0.07000000000000006,1.0614035087719298,FALSE
2019-10-28,2019,44,hMPV,0.86,FALSE,10,2019,2019,2019/20,2019-07-01,18,1.2,3.7699999999999987,0,5.25,9,-0.33999999999999997,0.7166666666666667,FALSE
2019-11-04,2019,45,hMPV,1.12,FALSE,11,2019,2019,2019/20,2019-07-01,19,1.54,5.2559999999999985,0.26,7.04,9,-0.41999999999999993,0.7272727272727273,FALSE
2019-11-11,2019,46,hMPV,1.58,FALSE,11,2019,2019,2019/20,2019-07-01,20,1.63,6.187999999999999,0,8.08,9,-0.04999999999999982,0.9693251533742332,FALSE
2019-11-18,2019,47,hMPV,1.93,FALSE,11,2019,2019,2019/20,2019-07-01,21,2.33,7.011999999999999,0.08,8.88,9,-0.40000000000000013,0.8283261802575107,FALSE
2019-11-25,2019,48,hMPV,1.31,FALSE,11,2019,2019,2019/20,2019-07-01,22,2.27,8.303999999999998,0,10.76,9,-0.96,0.5770925110132159,FALSE
2019-12-02,2019,49,hMPV,2.38,FALSE,12,2019,2019,2019/20,2019-07-01,23,2.44,8.135999999999997,0,10.2,9,-0.06000000000000005,0.9754098360655737,FALSE
2019-12-09,2019,50,hMPV,1.94,FALSE,12,2019,2019,2019/20,2019-07-01,24,3.02,6.767999999999999,0,7.68,9,-1.08,0.6423841059602649,FALSE
2019-12-16,2019,51,hMPV,2.49,FALSE,12,2019,2019,2019/20,2019-07-01,25,3.93,5.779999999999999,0.11,6.18,9,-1.44,0.633587786259542,FALSE
2019-12-23,2019,52,hMPV,3.62,FALSE,12,2019,2019,2019/20,2019-07-01,26,4.01,6.188,0.17,6.62,9,-0.3899999999999997,0.9027431421446385,FALSE
2019-12-30,2019,1,hMPV,4.51,FALSE,12,2019,2019,2019/20,2019-07-01,27,4.27,5.048,0,5.32,9,0.2400000000000002,1.0562060889929743,FALSE
2020-01-06,2020,2,hMPV,3.84,FALSE,1,2020,2019,2019/20,2019-07-01,28,3.62,4.214,0.3,4.23,9,0.21999999999999975,1.0607734806629834,FALSE
2020-01-13,2020,3,hMPV,4.62,FALSE,1,2020,2019,2019/20,2019-07-01,29,3.35,4.272,0.06,4.62,9,1.27,1.3791044776119403,TRUE
2020-01-20,2020,4,hMPV,4.11,FALSE,1,2020,2019,2019/20,2019-07-01,30,3.47,3.95,0,4.11,9,0.6400000000000001,1.1844380403458215,TRUE
2020-01-27,2020,5,hMPV,4.04,FALSE,1,2020,2019,2019/20,2019-07-01,31,3.54,4.292,0.07,4.46,9,0.5,1.1412429378531073,FALSE
2020-02-03,2020,6,hMPV,4.83,FALSE,2,2020,2019,2019/20,2019-07-01,32,3.41,4.836,0.06,4.84,9,1.42,1.4164222873900292,FALSE
2020-02-10,2020,7,hMPV,4.16,FALSE,2,2020,2019,2019/20,2019-07-01,33,3.17,4.1899999999999995,0,4.21,9,0.9900000000000002,1.3123028391167193,FALSE
2020-02-17,2020,8,hMPV,4.53,FALSE,2,2020,2019,2019/20,2019-07-01,34,3.2,4.916,0.14,5,9,1.33,1.415625,FALSE
2020-02-24,2020,9,hMPV,4.55,FALSE,2,2020,2019,2019/20,2019-07-01,35,2.89,4.718,0.23,4.83,9,1.6599999999999997,1.57439446366782,FALSE
2020-03-02,2020,10,hMPV,4.92,FALSE,3,2020,2019,2019/20,2019-07-01,36,2.88,4.632,0.49,4.92,9,2.04,1.7083333333333335,TRUE
2020-03-09,2020,11,hMPV,4.55,FALSE,3,2020,2019,2019/20,2019-07-01,37,3.22,4.82,0.39,5,9,1.3299999999999996,1.4130434782608694,FALSE
2020-03-16,2020,12,hMPV,3.44,FALSE,3,2020,2019,2019/20,2019-07-01,38,2.91,5.14,0.69,5.54,9,0.5299999999999998,1.1821305841924399,FALSE
2020-03-23,2020,13,hMPV,2.19,FALSE,3,2020,2019,2019/20,2019-07-01,39,2.19,5.1579999999999995,0.39,5.27,9,0,1,FALSE
2020-03-30,2020,14,hMPV,1.79,FALSE,3,2020,2019,2019/20,2019-07-01,40,2.44,4.6739999999999995,0.63,4.95,9,-0.6499999999999999,0.7336065573770492,FALSE
2020-04-06,2020,15,hMPV,1.76,FALSE,4,2020,2019,2019/20,2019-07-01,41,2.1,4.036,0.29,4.04,9,-0.3400000000000001,0.8380952380952381,FALSE
2020-04-13,2020,16,hMPV,0.81,FALSE,4,2020,2019,2019/20,2019-07-01,42,2.14,4.3100000000000005,0.46,4.41,9,-1.33,0.37850467289719625,FALSE
2020-04-20,2020,17,hMPV,0.81,FALSE,4,2020,2019,2019/20,2019-07-01,43,1.66,3.67,0.34,4.15,9,-0.8499999999999999,0.48795180722891573,FALSE
2020-04-27,2020,18,hMPV,1.25,FALSE,4,2020,2019,2019/20,2019-07-01,44,1.67,3.3279999999999994,0.51,3.76,9,-0.41999999999999993,0.7485029940119761,FALSE
2020-05-04,2020,19,hMPV,0.33,FALSE,5,2020,2019,2019/20,2019-07-01,45,1.34,2.6359999999999997,0.33,2.78,9,-1.01,0.2462686567164179,FALSE
2020-05-11,2020,20,hMPV,0,FALSE,5,2020,2019,2019/20,2019-07-01,46,0.78,2.082,0,2.19,9,-0.78,0,FALSE
2020-05-18,2020,21,hMPV,0,FALSE,5,2020,2019,2019/20,2019-07-01,47,1.14,1.7899999999999998,0,1.95,9,-1.14,0,FALSE
2020-05-25,2020,22,hMPV,0.57,FALSE,5,2020,2019,2019/20,2019-07-01,48,1.06,2.0839999999999996,0.39,2.3,9,-0.4900000000000001,0.5377358490566037,FALSE
2020-06-01,2020,23,hMPV,0.76,FALSE,6,2020,2019,2019/20,2019-07-01,49,1.02,2.126,0.58,2.21,9,-0.26,0.7450980392156863,FALSE
2020-06-08,2020,24,hMPV,0.31,FALSE,6,2020,2019,2019/20,2019-07-01,50,0.85,1.5719999999999998,0.26,1.76,9,-0.54,0.36470588235294116,FALSE
2020-06-15,2020,25,hMPV,0.61,FALSE,6,2020,2019,2019/20,2019-07-01,51,0.89,1.398,0.32,1.55,9,-0.28,0.6853932584269663,FALSE
2020-06-22,2020,26,hMPV,0.14,FALSE,6,2020,2019,2019/20,2019-07-01,52,0.8,1.394,0.14,1.51,9,-0.66,0.17500000000000002,FALSE
2020-06-29,2020,27,hMPV,0,FALSE,6,2020,2019,2019/20,2019-07-01,53,0.585,1.1115,0,1.17,2,-0.585,0,FALSE
2020-07-06,2020,28,hMPV,0.63,FALSE,7,2020,2020,2020/21,2020-07-01,1,0.74,1.216,0.34,1.24,9,-0.10999999999999999,0.8513513513513513,FALSE
2020-07-13,2020,29,hMPV,0.23,FALSE,7,2020,2020,2020/21,2020-07-01,2,0.85,1.236,0.23,1.3,9,-0.62,0.2705882352941177,FALSE
2020-07-20,2020,30,hMPV,0.26,FALSE,7,2020,2020,2020/21,2020-07-01,3,0.66,1.6139999999999999,0.26,1.73,9,-0.4,0.3939393939393939,FALSE
2020-07-27,2020,31,hMPV,0.14,FALSE,7,2020,2020,2020/21,2020-07-01,4,0.54,1.0979999999999999,0.14,1.19,9,-0.4,0.25925925925925924,FALSE
2020-08-03,2020,32,hMPV,0.7,FALSE,8,2020,2020,2020/21,2020-07-01,5,0.56,1.0519999999999998,0.21,1.16,9,0.1399999999999999,1.2499999999999998,FALSE
2020-08-10,2020,33,hMPV,0,FALSE,8,2020,2020,2020/21,2020-07-01,6,0.52,1.056,0,1.06,9,-0.52,0,FALSE
2020-08-17,2020,34,hMPV,0.34,FALSE,8,2020,2020,2020/21,2020-07-01,7,0.52,1.382,0.28,1.53,9,-0.18,0.6538461538461539,FALSE
2020-08-24,2020,35,hMPV,0.21,FALSE,8,2020,2020,2020/21,2020-07-01,8,0.38,1.22,0,1.26,9,-0.17,0.5526315789473684,FALSE
2020-08-31,2020,36,hMPV,0.21,FALSE,8,2020,2020,2020/21,2020-07-01,9,0.37,1.2899999999999998,0.2,1.47,9,-0.16,0.5675675675675675,FALSE
2020-09-07,2020,37,hMPV,0.55,FALSE,9,2020,2020,2020/21,2020-07-01,10,0.48,1.7219999999999995,0.42,2.11,9,0.07000000000000006,1.1458333333333335,FALSE
2020-09-14,2020,38,hMPV,1.32,FALSE,9,2020,2020,2020/21,2020-07-01,11,0.59,1.5359999999999998,0.23,1.68,9,0.7300000000000001,2.2372881355932206,FALSE
2020-09-21,2020,39,hMPV,0.59,FALSE,9,2020,2020,2020/21,2020-07-01,12,0.62,1.9699999999999998,0.2,2.47,9,-0.030000000000000027,0.9516129032258064,FALSE
2020-09-28,2020,40,hMPV,0.69,FALSE,9,2020,2020,2020/21,2020-07-01,13,0.6,2.295999999999999,0.25,3.32,9,0.08999999999999997,1.15,FALSE
2020-10-05,2020,41,hMPV,0.33,FALSE,10,2020,2020,2020/21,2020-07-01,14,0.54,2.341999999999999,0.11,3.37,9,-0.21000000000000002,0.611111111111111,FALSE
2020-10-12,2020,42,hMPV,0.21,FALSE,10,2020,2020,2020/21,2020-07-01,15,0.76,2.781999999999999,0.21,3.93,9,-0.55,0.2763157894736842,FALSE
2020-10-19,2020,43,hMPV,0.41,FALSE,10,2020,2020,2020/21,2020-07-01,16,0.71,2.9419999999999993,0.35,3.85,9,-0.3,0.5774647887323944,FALSE
2020-10-26,2020,44,hMPV,0.31,FALSE,10,2020,2020,2020/21,2020-07-01,17,1.14,3.7039999999999984,0.31,5.18,9,-0.8299999999999998,0.2719298245614035,FALSE
2020-11-02,2020,45,hMPV,0,FALSE,11,2020,2020,2020/21,2020-07-01,18,1.2,3.7699999999999987,0,5.25,9,-1.2,0,FALSE
2020-11-09,2020,46,hMPV,0.26,FALSE,11,2020,2020,2020/21,2020-07-01,19,1.54,5.2559999999999985,0.26,7.04,9,-1.28,0.16883116883116883,FALSE
2020-11-16,2020,47,hMPV,0,FALSE,11,2020,2020,2020/21,2020-07-01,20,1.63,6.187999999999999,0,8.08,9,-1.63,0,FALSE
2020-11-23,2020,48,hMPV,0.08,FALSE,11,2020,2020,2020/21,2020-07-01,21,2.33,7.011999999999999,0.08,8.88,9,-2.25,0.034334763948497854,FALSE
2020-11-30,2020,49,hMPV,0,FALSE,11,2020,2020,2020/21,2020-07-01,22,2.27,8.303999999999998,0,10.76,9,-2.27,0,FALSE
2020-12-07,2020,50,hMPV,0,FALSE,12,2020,2020,2020/21,2020-07-01,23,2.44,8.135999999999997,0,10.2,9,-2.44,0,FALSE
2020-12-14,2020,51,hMPV,0,FALSE,12,2020,2020,2020/21,2020-07-01,24,3.02,6.767999999999999,0,7.68,9,-3.02,0,FALSE
2020-12-21,2020,52,hMPV,0.11,FALSE,12,2020,2020,2020/21,2020-07-01,25,3.93,5.779999999999999,0.11,6.18,9,-3.8200000000000003,0.027989821882951654,FALSE
2020-12-28,2020,53,hMPV,0.17,FALSE,12,2020,2020,2020/21,2020-07-01,26,4.01,6.188,0.17,6.62,9,-3.84,0.04239401496259352,FALSE
2021-01-04,2021,1,hMPV,0,FALSE,1,2021,2020,2020/21,2020-07-01,27,4.27,5.048,0,5.32,9,-4.27,0,FALSE
2021-01-11,2021,2,hMPV,0.3,FALSE,1,2021,2020,2020/21,2020-07-01,28,3.62,4.214,0.3,4.23,9,-3.3200000000000003,0.08287292817679558,FALSE
2021-01-18,2021,3,hMPV,0.06,FALSE,1,2021,2020,2020/21,2020-07-01,29,3.35,4.272,0.06,4.62,9,-3.29,0.017910447761194027,FALSE
2021-01-25,2021,4,hMPV,0,FALSE,1,2021,2020,2020/21,2020-07-01,30,3.47,3.95,0,4.11,9,-3.47,0,FALSE
2021-02-01,2021,5,hMPV,0.07,FALSE,2,2021,2020,2020/21,2020-07-01,31,3.54,4.292,0.07,4.46,9,-3.47,0.01977401129943503,FALSE
2021-02-08,2021,6,hMPV,0.06,FALSE,2,2021,2020,2020/21,2020-07-01,32,3.41,4.836,0.06,4.84,9,-3.35,0.01759530791788856,FALSE
2021-02-15,2021,7,hMPV,0,FALSE,2,2021,2020,2020/21,2020-07-01,33,3.17,4.1899999999999995,0,4.21,9,-3.17,0,FALSE
2021-02-22,2021,8,hMPV,0.14,FALSE,2,2021,2020,2020/21,2020-07-01,34,3.2,4.916,0.14,5,9,-3.06,0.043750000000000004,FALSE
2021-03-01,2021,9,hMPV,0.23,FALSE,3,2021,2020,2020/21,2020-07-01,35,2.89,4.718,0.23,4.83,9,-2.66,0.07958477508650519,FALSE
2021-03-08,2021,10,hMPV,0.49,FALSE,3,2021,2020,2020/21,2020-07-01,36,2.88,4.632,0.49,4.92,9,-2.3899999999999997,0.1701388888888889,FALSE
2021-03-15,2021,11,hMPV,0.39,FALSE,3,2021,2020,2020/21,2020-07-01,37,3.22,4.82,0.39,5,9,-2.83,0.12111801242236024,FALSE
2021-03-22,2021,12,hMPV,0.72,FALSE,3,2021,2020,2020/21,2020-07-01,38,2.91,5.14,0.69,5.54,9,-2.1900000000000004,0.24742268041237112,FALSE
2021-03-29,2021,13,hMPV,0.39,FALSE,3,2021,2020,2020/21,2020-07-01,39,2.19,5.1579999999999995,0.39,5.27,9,-1.7999999999999998,0.17808219178082194,FALSE
2021-04-05,2021,14,hMPV,0.64,FALSE,4,2021,2020,2020/21,2020-07-01,40,2.44,4.6739999999999995,0.63,4.95,9,-1.7999999999999998,0.26229508196721313,FALSE
2021-04-12,2021,15,hMPV,0.29,FALSE,4,2021,2020,2020/21,2020-07-01,41,2.1,4.036,0.29,4.04,9,-1.81,0.13809523809523808,FALSE
2021-04-19,2021,16,hMPV,1.26,FALSE,4,2021,2020,2020/21,2020-07-01,42,2.14,4.3100000000000005,0.46,4.41,9,-0.8800000000000001,0.5887850467289719,FALSE
2021-04-26,2021,17,hMPV,1.66,FALSE,4,2021,2020,2020/21,2020-07-01,43,1.66,3.67,0.34,4.15,9,0,1,FALSE
2021-05-03,2021,18,hMPV,1.05,FALSE,5,2021,2020,2020/21,2020-07-01,44,1.67,3.3279999999999994,0.51,3.76,9,-0.6199999999999999,0.62874251497006,FALSE
2021-05-10,2021,19,hMPV,0.91,FALSE,5,2021,2020,2020/21,2020-07-01,45,1.34,2.6359999999999997,0.33,2.78,9,-0.43000000000000005,0.6791044776119403,FALSE
2021-05-17,2021,20,hMPV,0.54,FALSE,5,2021,2020,2020/21,2020-07-01,46,0.78,2.082,0,2.19,9,-0.24,0.6923076923076923,FALSE
2021-05-24,2021,21,hMPV,0.6,FALSE,5,2021,2020,2020/21,2020-07-01,47,1.14,1.7899999999999998,0,1.95,9,-0.5399999999999999,0.5263157894736842,FALSE
2021-05-31,2021,22,hMPV,1.49,FALSE,5,2021,2020,2020/21,2020-07-01,48,1.06,2.0839999999999996,0.39,2.3,9,0.42999999999999994,1.4056603773584906,FALSE
2021-06-07,2021,23,hMPV,0.81,FALSE,6,2021,2020,2020/21,2020-07-01,49,1.02,2.126,0.58,2.21,9,-0.20999999999999996,0.7941176470588236,FALSE
2021-06-14,2021,24,hMPV,0.26,FALSE,6,2021,2020,2020/21,2020-07-01,50,0.85,1.5719999999999998,0.26,1.76,9,-0.59,0.3058823529411765,FALSE
2021-06-21,2021,25,hMPV,0.39,FALSE,6,2021,2020,2020/21,2020-07-01,51,0.89,1.398,0.32,1.55,9,-0.5,0.43820224719101125,FALSE
2021-06-28,2021,26,hMPV,0.8,FALSE,6,2021,2020,2020/21,2020-07-01,52,0.8,1.394,0.14,1.51,9,0,1,FALSE
2021-07-05,2021,27,hMPV,0.74,FALSE,7,2021,2021,2021/22,2021-07-01,1,0.74,1.216,0.34,1.24,9,0,1,FALSE
2021-07-12,2021,28,hMPV,0.91,FALSE,7,2021,2021,2021/22,2021-07-01,2,0.85,1.236,0.23,1.3,9,0.06000000000000005,1.0705882352941176,FALSE
2021-07-19,2021,29,hMPV,1.44,FALSE,7,2021,2021,2021/22,2021-07-01,3,0.66,1.6139999999999999,0.26,1.73,9,0.7799999999999999,2.1818181818181817,FALSE
2021-07-26,2021,30,hMPV,1.19,FALSE,7,2021,2021,2021/22,2021-07-01,4,0.54,1.0979999999999999,0.14,1.19,9,0.6499999999999999,2.2037037037037033,TRUE
2021-08-02,2021,31,hMPV,1.16,FALSE,8,2021,2021,2021/22,2021-07-01,5,0.56,1.0519999999999998,0.21,1.16,9,0.5999999999999999,2.071428571428571,TRUE
2021-08-09,2021,32,hMPV,1.06,FALSE,8,2021,2021,2021/22,2021-07-01,6,0.52,1.056,0,1.06,9,0.54,2.0384615384615383,TRUE
2021-08-16,2021,33,hMPV,1.16,FALSE,8,2021,2021,2021/22,2021-07-01,7,0.52,1.382,0.28,1.53,9,0.6399999999999999,2.2307692307692304,FALSE
2021-08-23,2021,34,hMPV,1.26,FALSE,8,2021,2021,2021/22,2021-07-01,8,0.38,1.22,0,1.26,9,0.88,3.3157894736842106,TRUE
2021-08-30,2021,35,hMPV,1.47,FALSE,8,2021,2021,2021/22,2021-07-01,9,0.37,1.2899999999999998,0.2,1.47,9,1.1,3.972972972972973,TRUE
2021-09-06,2021,36,hMPV,2.11,FALSE,9,2021,2021,2021/22,2021-07-01,10,0.48,1.7219999999999995,0.42,2.11,9,1.63,4.395833333333333,TRUE
2021-09-13,2021,37,hMPV,1.68,FALSE,9,2021,2021,2021/22,2021-07-01,11,0.59,1.5359999999999998,0.23,1.68,9,1.0899999999999999,2.847457627118644,TRUE
2021-09-20,2021,38,hMPV,2.47,FALSE,9,2021,2021,2021/22,2021-07-01,12,0.62,1.9699999999999998,0.2,2.47,9,1.85,3.983870967741936,TRUE
2021-09-27,2021,39,hMPV,3.32,FALSE,9,2021,2021,2021/22,2021-07-01,13,0.6,2.295999999999999,0.25,3.32,9,2.7199999999999998,5.533333333333333,TRUE
2021-10-04,2021,40,hMPV,3.37,FALSE,10,2021,2021,2021/22,2021-07-01,14,0.54,2.341999999999999,0.11,3.37,9,2.83,6.2407407407407405,TRUE
2021-10-11,2021,41,hMPV,3.93,FALSE,10,2021,2021,2021/22,2021-07-01,15,0.76,2.781999999999999,0.21,3.93,9,3.17,5.171052631578948,TRUE
2021-10-18,2021,42,hMPV,3.85,FALSE,10,2021,2021,2021/22,2021-07-01,16,0.71,2.9419999999999993,0.35,3.85,9,3.14,5.422535211267606,TRUE
2021-10-25,2021,43,hMPV,5.18,FALSE,10,2021,2021,2021/22,2021-07-01,17,1.14,3.7039999999999984,0.31,5.18,9,4.04,4.543859649122807,TRUE
2021-11-01,2021,44,hMPV,5.25,FALSE,11,2021,2021,2021/22,2021-07-01,18,1.2,3.7699999999999987,0,5.25,9,4.05,4.375,TRUE
2021-11-08,2021,45,hMPV,7.04,FALSE,11,2021,2021,2021/22,2021-07-01,19,1.54,5.2559999999999985,0.26,7.04,9,5.5,4.571428571428571,TRUE
2021-11-15,2021,46,hMPV,8.08,FALSE,11,2021,2021,2021/22,2021-07-01,20,1.63,6.187999999999999,0,8.08,9,6.45,4.957055214723927,TRUE
2021-11-22,2021,47,hMPV,8.88,FALSE,11,2021,2021,2021/22,2021-07-01,21,2.33,7.011999999999999,0.08,8.88,9,6.550000000000001,3.811158798283262,TRUE
2021-11-29,2021,48,hMPV,10.76,FALSE,11,2021,2021,2021/22,2021-07-01,22,2.27,8.303999999999998,0,10.76,9,8.49,4.740088105726872,TRUE
2021-12-06,2021,49,hMPV,10.2,FALSE,12,2021,2021,2021/22,2021-07-01,23,2.44,8.135999999999997,0,10.2,9,7.76,4.1803278688524586,TRUE
2021-12-13,2021,50,hMPV,7.68,FALSE,12,2021,2021,2021/22,2021-07-01,24,3.02,6.767999999999999,0,7.68,9,4.66,2.543046357615894,TRUE
2021-12-20,2021,51,hMPV,6.18,FALSE,12,2021,2021,2021/22,2021-07-01,25,3.93,5.779999999999999,0.11,6.18,9,2.2499999999999996,1.5725190839694656,TRUE
2021-12-27,2021,52,hMPV,4.73,FALSE,12,2021,2021,2021/22,2021-07-01,26,4.01,6.188,0.17,6.62,9,0.7200000000000006,1.1795511221945139,FALSE
2022-01-03,2022,1,hMPV,3.63,FALSE,1,2022,2021,2021/22,2021-07-01,27,4.27,5.048,0,5.32,9,-0.6399999999999997,0.8501170960187354,FALSE
2022-01-10,2022,2,hMPV,2.41,FALSE,1,2022,2021,2021/22,2021-07-01,28,3.62,4.214,0.3,4.23,9,-1.21,0.6657458563535912,FALSE
2022-01-17,2022,3,hMPV,1.98,FALSE,1,2022,2021,2021/22,2021-07-01,29,3.35,4.272,0.06,4.62,9,-1.37,0.591044776119403,FALSE
2022-01-24,2022,4,hMPV,1.35,FALSE,1,2022,2021,2021/22,2021-07-01,30,3.47,3.95,0,4.11,9,-2.12,0.38904899135446686,FALSE
2022-01-31,2022,5,hMPV,1.22,FALSE,1,2022,2021,2021/22,2021-07-01,31,3.54,4.292,0.07,4.46,9,-2.3200000000000003,0.3446327683615819,FALSE
2022-02-07,2022,6,hMPV,0.96,FALSE,2,2022,2021,2021/22,2021-07-01,32,3.41,4.836,0.06,4.84,9,-2.45,0.281524926686217,FALSE
2022-02-14,2022,7,hMPV,0.6,FALSE,2,2022,2021,2021/22,2021-07-01,33,3.17,4.1899999999999995,0,4.21,9,-2.57,0.1892744479495268,FALSE
2022-02-21,2022,8,hMPV,0.52,FALSE,2,2022,2021,2021/22,2021-07-01,34,3.2,4.916,0.14,5,9,-2.68,0.1625,FALSE
2022-02-28,2022,9,hMPV,1.1,FALSE,2,2022,2021,2021/22,2021-07-01,35,2.89,4.718,0.23,4.83,9,-1.79,0.3806228373702422,FALSE
2022-03-07,2022,10,hMPV,0.9,FALSE,3,2022,2021,2021/22,2021-07-01,36,2.88,4.632,0.49,4.92,9,-1.98,0.3125,FALSE
2022-03-14,2022,11,hMPV,0.83,FALSE,3,2022,2021,2021/22,2021-07-01,37,3.22,4.82,0.39,5,9,-2.39,0.2577639751552795,FALSE
2022-03-21,2022,12,hMPV,0.69,FALSE,3,2022,2021,2021/22,2021-07-01,38,2.91,5.14,0.69,5.54,9,-2.22,0.23711340206185563,FALSE
2022-03-28,2022,13,hMPV,0.53,FALSE,3,2022,2021,2021/22,2021-07-01,39,2.19,5.1579999999999995,0.39,5.27,9,-1.66,0.24200913242009134,FALSE
2022-04-04,2022,14,hMPV,0.63,FALSE,4,2022,2021,2021/22,2021-07-01,40,2.44,4.6739999999999995,0.63,4.95,9,-1.81,0.2581967213114754,FALSE
2022-04-11,2022,15,hMPV,0.53,FALSE,4,2022,2021,2021/22,2021-07-01,41,2.1,4.036,0.29,4.04,9,-1.57,0.2523809523809524,FALSE
2022-04-18,2022,16,hMPV,0.46,FALSE,4,2022,2021,2021/22,2021-07-01,42,2.14,4.3100000000000005,0.46,4.41,9,-1.6800000000000002,0.21495327102803738,FALSE
2022-04-25,2022,17,hMPV,0.34,FALSE,4,2022,2021,2021/22,2021-07-01,43,1.66,3.67,0.34,4.15,9,-1.3199999999999998,0.20481927710843376,FALSE
2022-05-02,2022,18,hMPV,0.51,FALSE,5,2022,2021,2021/22,2021-07-01,44,1.67,3.3279999999999994,0.51,3.76,9,-1.16,0.30538922155688625,FALSE
2022-05-09,2022,19,hMPV,0.54,FALSE,5,2022,2021,2021/22,2021-07-01,45,1.34,2.6359999999999997,0.33,2.78,9,-0.8,0.40298507462686567,FALSE
2022-05-16,2022,20,hMPV,0.44,FALSE,5,2022,2021,2021/22,2021-07-01,46,0.78,2.082,0,2.19,9,-0.34,0.5641025641025641,FALSE
2022-05-23,2022,21,hMPV,0.31,FALSE,5,2022,2021,2021/22,2021-07-01,47,1.14,1.7899999999999998,0,1.95,9,-0.8299999999999998,0.2719298245614035,FALSE
2022-05-30,2022,22,hMPV,0.52,FALSE,5,2022,2021,2021/22,2021-07-01,48,1.06,2.0839999999999996,0.39,2.3,9,-0.54,0.49056603773584906,FALSE
2022-06-06,2022,23,hMPV,0.58,FALSE,6,2022,2021,2021/22,2021-07-01,49,1.02,2.126,0.58,2.21,9,-0.44000000000000006,0.5686274509803921,FALSE
2022-06-13,2022,24,hMPV,0.57,FALSE,6,2022,2021,2021/22,2021-07-01,50,0.85,1.5719999999999998,0.26,1.76,9,-0.28,0.6705882352941176,FALSE
2022-06-20,2022,25,hMPV,0.32,FALSE,6,2022,2021,2021/22,2021-07-01,51,0.89,1.398,0.32,1.55,9,-0.5700000000000001,0.3595505617977528,FALSE
2022-06-27,2022,26,hMPV,0.24,FALSE,6,2022,2021,2021/22,2021-07-01,52,0.8,1.394,0.14,1.51,9,-0.56,0.3,FALSE
2022-07-04,2022,27,hMPV,0.41,FALSE,7,2022,2022,2022/23,2022-07-01,1,0.74,1.216,0.34,1.24,9,-0.33,0.5540540540540541,FALSE
2022-07-11,2022,28,hMPV,0.53,FALSE,7,2022,2022,2022/23,2022-07-01,2,0.85,1.236,0.23,1.3,9,-0.31999999999999995,0.6235294117647059,FALSE
2022-07-18,2022,29,hMPV,0.39,FALSE,7,2022,2022,2022/23,2022-07-01,3,0.66,1.6139999999999999,0.26,1.73,9,-0.27,0.5909090909090909,FALSE
2022-07-25,2022,30,hMPV,0.43,FALSE,7,2022,2022,2022/23,2022-07-01,4,0.54,1.0979999999999999,0.14,1.19,9,-0.11000000000000004,0.7962962962962963,FALSE
2022-08-01,2022,31,hMPV,0.21,FALSE,8,2022,2022,2022/23,2022-07-01,5,0.56,1.0519999999999998,0.21,1.16,9,-0.3500000000000001,0.37499999999999994,FALSE
2022-08-08,2022,32,hMPV,0.23,FALSE,8,2022,2022,2022/23,2022-07-01,6,0.52,1.056,0,1.06,9,-0.29000000000000004,0.4423076923076923,FALSE
2022-08-15,2022,33,hMPV,0.28,FALSE,8,2022,2022,2022/23,2022-07-01,7,0.52,1.382,0.28,1.53,9,-0.24,0.5384615384615385,FALSE
2022-08-22,2022,34,hMPV,0,FALSE,8,2022,2022,2022/23,2022-07-01,8,0.38,1.22,0,1.26,9,-0.38,0,FALSE
2022-08-29,2022,35,hMPV,0.32,FALSE,8,2022,2022,2022/23,2022-07-01,9,0.37,1.2899999999999998,0.2,1.47,9,-0.04999999999999999,0.8648648648648649,FALSE
2022-09-05,2022,36,hMPV,0.43,FALSE,9,2022,2022,2022/23,2022-07-01,10,0.48,1.7219999999999995,0.42,2.11,9,-0.04999999999999999,0.8958333333333334,FALSE
2022-09-12,2022,37,hMPV,0.75,FALSE,9,2022,2022,2022/23,2022-07-01,11,0.59,1.5359999999999998,0.23,1.68,9,0.16000000000000003,1.2711864406779663,FALSE
2022-09-19,2022,38,hMPV,1.22,FALSE,9,2022,2022,2022/23,2022-07-01,12,0.62,1.9699999999999998,0.2,2.47,9,0.6,1.967741935483871,FALSE
2022-09-26,2022,39,hMPV,0.57,FALSE,9,2022,2022,2022/23,2022-07-01,13,0.6,2.295999999999999,0.25,3.32,9,-0.030000000000000027,0.95,FALSE
2022-10-03,2022,40,hMPV,0.8,FALSE,10,2022,2022,2022/23,2022-07-01,14,0.54,2.341999999999999,0.11,3.37,9,0.26,1.4814814814814814,FALSE
2022-10-10,2022,41,hMPV,0.71,FALSE,10,2022,2022,2022/23,2022-07-01,15,0.76,2.781999999999999,0.21,3.93,9,-0.050000000000000044,0.9342105263157894,FALSE
2022-10-17,2022,42,hMPV,0.54,FALSE,10,2022,2022,2022/23,2022-07-01,16,0.71,2.9419999999999993,0.35,3.85,9,-0.16999999999999993,0.7605633802816902,FALSE
2022-10-24,2022,43,hMPV,1.14,FALSE,10,2022,2022,2022/23,2022-07-01,17,1.14,3.7039999999999984,0.31,5.18,9,0,1,FALSE
2022-10-31,2022,44,hMPV,1.2,FALSE,10,2022,2022,2022/23,2022-07-01,18,1.2,3.7699999999999987,0,5.25,9,0,1,FALSE
2022-11-07,2022,45,hMPV,1.56,FALSE,11,2022,2022,2022/23,2022-07-01,19,1.54,5.2559999999999985,0.26,7.04,9,0.020000000000000018,1.012987012987013,FALSE
2022-11-14,2022,46,hMPV,1.93,FALSE,11,2022,2022,2022/23,2022-07-01,20,1.63,6.187999999999999,0,8.08,9,0.30000000000000004,1.1840490797546013,FALSE
2022-11-21,2022,47,hMPV,3.64,FALSE,11,2022,2022,2022/23,2022-07-01,21,2.33,7.011999999999999,0.08,8.88,9,1.31,1.5622317596566524,FALSE
2022-11-28,2022,48,hMPV,3.84,FALSE,11,2022,2022,2022/23,2022-07-01,22,2.27,8.303999999999998,0,10.76,9,1.5699999999999998,1.6916299559471364,FALSE
2022-12-05,2022,49,hMPV,5.01,FALSE,12,2022,2022,2022/23,2022-07-01,23,2.44,8.135999999999997,0,10.2,9,2.57,2.05327868852459,FALSE
2022-12-12,2022,50,hMPV,4.26,FALSE,12,2022,2022,2022/23,2022-07-01,24,3.02,6.767999999999999,0,7.68,9,1.2399999999999998,1.410596026490066,FALSE
2022-12-19,2022,51,hMPV,5.04,FALSE,12,2022,2022,2022/23,2022-07-01,25,3.93,5.779999999999999,0.11,6.18,9,1.1099999999999999,1.282442748091603,FALSE
2022-12-26,2022,52,hMPV,5.54,FALSE,12,2022,2022,2022/23,2022-07-01,26,4.01,6.188,0.17,6.62,9,1.5300000000000002,1.3815461346633418,FALSE
2023-01-02,2023,1,hMPV,4.46,FALSE,1,2023,2022,2022/23,2022-07-01,27,4.27,5.048,0,5.32,9,0.1900000000000004,1.044496487119438,FALSE
2023-01-09,2023,2,hMPV,3.71,FALSE,1,2023,2022,2022/23,2022-07-01,28,3.62,4.214,0.3,4.23,9,0.08999999999999986,1.0248618784530386,FALSE
2023-01-16,2023,3,hMPV,3.65,FALSE,1,2023,2022,2022/23,2022-07-01,29,3.35,4.272,0.06,4.62,9,0.2999999999999998,1.0895522388059702,FALSE
2023-01-23,2023,4,hMPV,3.37,FALSE,1,2023,2022,2022/23,2022-07-01,30,3.47,3.95,0,4.11,9,-0.10000000000000009,0.9711815561959654,FALSE
2023-01-30,2023,5,hMPV,3.55,FALSE,1,2023,2022,2022/23,2022-07-01,31,3.54,4.292,0.07,4.46,9,0.009999999999999787,1.002824858757062,FALSE
2023-02-06,2023,6,hMPV,3.74,FALSE,2,2023,2022,2022/23,2022-07-01,32,3.41,4.836,0.06,4.84,9,0.33000000000000007,1.096774193548387,FALSE
2023-02-13,2023,7,hMPV,3.17,FALSE,2,2023,2022,2022/23,2022-07-01,33,3.17,4.1899999999999995,0,4.21,9,0,1,FALSE
2023-02-20,2023,8,hMPV,3.2,FALSE,2,2023,2022,2022/23,2022-07-01,34,3.2,4.916,0.14,5,9,0,1,FALSE
2023-02-27,2023,9,hMPV,2.73,FALSE,2,2023,2022,2022/23,2022-07-01,35,2.89,4.718,0.23,4.83,9,-0.16000000000000014,0.944636678200692,FALSE
2023-03-06,2023,10,hMPV,3.49,FALSE,3,2023,2022,2022/23,2022-07-01,36,2.88,4.632,0.49,4.92,9,0.6100000000000003,1.2118055555555556,FALSE
2023-03-13,2023,11,hMPV,3.37,FALSE,3,2023,2022,2022/23,2022-07-01,37,3.22,4.82,0.39,5,9,0.1499999999999999,1.046583850931677,FALSE
2023-03-20,2023,12,hMPV,2.78,FALSE,3,2023,2022,2022/23,2022-07-01,38,2.91,5.14,0.69,5.54,9,-0.13000000000000034,0.9553264604810996,FALSE
2023-03-27,2023,13,hMPV,1.92,FALSE,3,2023,2022,2022/23,2022-07-01,39,2.19,5.1579999999999995,0.39,5.27,9,-0.27,0.8767123287671232,FALSE
2023-04-03,2023,14,hMPV,1.95,FALSE,4,2023,2022,2022/23,2022-07-01,40,2.44,4.6739999999999995,0.63,4.95,9,-0.49,0.7991803278688525,FALSE
2023-04-10,2023,15,hMPV,1.83,FALSE,4,2023,2022,2022/23,2022-07-01,41,2.1,4.036,0.29,4.04,9,-0.27,0.8714285714285714,FALSE
2023-04-17,2023,16,hMPV,0.95,FALSE,4,2023,2022,2022/23,2022-07-01,42,2.14,4.3100000000000005,0.46,4.41,9,-1.1900000000000002,0.44392523364485975,FALSE
2023-04-24,2023,17,hMPV,1.29,FALSE,4,2023,2022,2022/23,2022-07-01,43,1.66,3.67,0.34,4.15,9,-0.3699999999999999,0.7771084337349398,FALSE
2023-05-01,2023,18,hMPV,0.94,FALSE,5,2023,2022,2022/23,2022-07-01,44,1.67,3.3279999999999994,0.51,3.76,9,-0.73,0.562874251497006,FALSE
2023-05-08,2023,19,hMPV,1.1,FALSE,5,2023,2022,2022/23,2022-07-01,45,1.34,2.6359999999999997,0.33,2.78,9,-0.24,0.8208955223880597,FALSE
2023-05-15,2023,20,hMPV,0.67,FALSE,5,2023,2022,2022/23,2022-07-01,46,0.78,2.082,0,2.19,9,-0.10999999999999999,0.858974358974359,FALSE
2023-05-22,2023,21,hMPV,0.79,FALSE,5,2023,2022,2022/23,2022-07-01,47,1.14,1.7899999999999998,0,1.95,9,-0.34999999999999987,0.6929824561403509,FALSE
2023-05-29,2023,22,hMPV,1.06,FALSE,5,2023,2022,2022/23,2022-07-01,48,1.06,2.0839999999999996,0.39,2.3,9,0,1,FALSE
2023-06-05,2023,23,hMPV,0.82,FALSE,6,2023,2022,2022/23,2022-07-01,49,1.02,2.126,0.58,2.21,9,-0.20000000000000007,0.8039215686274509,FALSE
2023-06-12,2023,24,hMPV,0.67,FALSE,6,2023,2022,2022/23,2022-07-01,50,0.85,1.5719999999999998,0.26,1.76,9,-0.17999999999999994,0.7882352941176471,FALSE
2023-06-19,2023,25,hMPV,0.89,FALSE,6,2023,2022,2022/23,2022-07-01,51,0.89,1.398,0.32,1.55,9,0,1,FALSE
2023-06-26,2023,26,hMPV,0.72,FALSE,6,2023,2022,2022/23,2022-07-01,52,0.8,1.394,0.14,1.51,9,-0.08000000000000007,0.8999999999999999,FALSE
2023-07-03,2023,27,hMPV,0.34,FALSE,7,2023,2023,2023/24,2023-07-01,1,0.74,1.216,0.34,1.24,9,-0.39999999999999997,0.4594594594594595,FALSE
2023-07-10,2023,28,hMPV,0.53,FALSE,7,2023,2023,2023/24,2023-07-01,2,0.85,1.236,0.23,1.3,9,-0.31999999999999995,0.6235294117647059,FALSE
2023-07-17,2023,29,hMPV,0.69,FALSE,7,2023,2023,2023/24,2023-07-01,3,0.66,1.6139999999999999,0.26,1.73,9,0.029999999999999916,1.0454545454545454,FALSE
2023-07-24,2023,30,hMPV,0.47,FALSE,7,2023,2023,2023/24,2023-07-01,4,0.54,1.0979999999999999,0.14,1.19,9,-0.07000000000000006,0.8703703703703702,FALSE
2023-07-31,2023,31,hMPV,0.52,FALSE,7,2023,2023,2023/24,2023-07-01,5,0.56,1.0519999999999998,0.21,1.16,9,-0.040000000000000036,0.9285714285714285,FALSE
2023-08-07,2023,32,hMPV,0.4,FALSE,8,2023,2023,2023/24,2023-07-01,6,0.52,1.056,0,1.06,9,-0.12,0.7692307692307693,FALSE
2023-08-14,2023,33,hMPV,0.29,FALSE,8,2023,2023,2023/24,2023-07-01,7,0.52,1.382,0.28,1.53,9,-0.23000000000000004,0.5576923076923076,FALSE
2023-08-21,2023,34,hMPV,0.38,FALSE,8,2023,2023,2023/24,2023-07-01,8,0.38,1.22,0,1.26,9,0,1,FALSE
2023-08-28,2023,35,hMPV,0.61,FALSE,8,2023,2023,2023/24,2023-07-01,9,0.37,1.2899999999999998,0.2,1.47,9,0.24,1.6486486486486487,FALSE
2023-09-04,2023,36,hMPV,0.46,FALSE,9,2023,2023,2023/24,2023-07-01,10,0.48,1.7219999999999995,0.42,2.11,9,-0.019999999999999962,0.9583333333333334,FALSE
2023-09-11,2023,37,hMPV,0.46,FALSE,9,2023,2023,2023/24,2023-07-01,11,0.59,1.5359999999999998,0.23,1.68,9,-0.12999999999999995,0.7796610169491526,FALSE
2023-09-18,2023,38,hMPV,0.42,FALSE,9,2023,2023,2023/24,2023-07-01,12,0.62,1.9699999999999998,0.2,2.47,9,-0.2,0.6774193548387096,FALSE
2023-09-25,2023,39,hMPV,0.26,FALSE,9,2023,2023,2023/24,2023-07-01,13,0.6,2.295999999999999,0.25,3.32,9,-0.33999999999999997,0.43333333333333335,FALSE
2023-10-02,2023,40,hMPV,0.54,FALSE,10,2023,2023,2023/24,2023-07-01,14,0.54,2.341999999999999,0.11,3.37,9,0,1,FALSE
2023-10-09,2023,41,hMPV,0.83,FALSE,10,2023,2023,2023/24,2023-07-01,15,0.76,2.781999999999999,0.21,3.93,9,0.06999999999999995,1.0921052631578947,FALSE
2023-10-16,2023,42,hMPV,0.97,FALSE,10,2023,2023,2023/24,2023-07-01,16,0.71,2.9419999999999993,0.35,3.85,9,0.26,1.3661971830985915,FALSE
2023-10-23,2023,43,hMPV,1.08,FALSE,10,2023,2023,2023/24,2023-07-01,17,1.14,3.7039999999999984,0.31,5.18,9,-0.05999999999999983,0.9473684210526317,FALSE
2023-10-30,2023,44,hMPV,1.55,FALSE,10,2023,2023,2023/24,2023-07-01,18,1.2,3.7699999999999987,0,5.25,9,0.3500000000000001,1.2916666666666667,FALSE
2023-11-06,2023,45,hMPV,1.54,FALSE,11,2023,2023,2023/24,2023-07-01,19,1.54,5.2559999999999985,0.26,7.04,9,0,1,FALSE
2023-11-13,2023,46,hMPV,1.91,FALSE,11,2023,2023,2023/24,2023-07-01,20,1.63,6.187999999999999,0,8.08,9,0.28,1.1717791411042946,FALSE
2023-11-20,2023,47,hMPV,3.07,FALSE,11,2023,2023,2023/24,2023-07-01,21,2.33,7.011999999999999,0.08,8.88,9,0.7399999999999998,1.3175965665236051,FALSE
2023-11-27,2023,48,hMPV,2.95,FALSE,11,2023,2023,2023/24,2023-07-01,22,2.27,8.303999999999998,0,10.76,9,0.6800000000000002,1.2995594713656389,FALSE
2023-12-04,2023,49,hMPV,4.04,FALSE,12,2023,2023,2023/24,2023-07-01,23,2.44,8.135999999999997,0,10.2,9,1.6,1.6557377049180328,FALSE
2023-12-11,2023,50,hMPV,3.57,FALSE,12,2023,2023,2023/24,2023-07-01,24,3.02,6.767999999999999,0,7.68,9,0.5499999999999998,1.1821192052980132,FALSE
2023-12-18,2023,51,hMPV,4.04,FALSE,12,2023,2023,2023/24,2023-07-01,25,3.93,5.779999999999999,0.11,6.18,9,0.10999999999999988,1.0279898218829515,FALSE
2023-12-25,2023,52,hMPV,4.58,FALSE,12,2023,2023,2023/24,2023-07-01,26,4.01,6.188,0.17,6.62,9,0.5700000000000003,1.1421446384039902,FALSE
2024-01-01,2024,1,hMPV,4.21,FALSE,1,2024,2023,2023/24,2023-07-01,27,4.27,5.048,0,5.32,9,-0.05999999999999961,0.9859484777517565,FALSE
2024-01-08,2024,2,hMPV,3.08,FALSE,1,2024,2023,2023/24,2023-07-01,28,3.62,4.214,0.3,4.23,9,-0.54,0.850828729281768,FALSE
2024-01-15,2024,3,hMPV,3.17,FALSE,1,2024,2023,2023/24,2023-07-01,29,3.35,4.272,0.06,4.62,9,-0.18000000000000016,0.9462686567164179,FALSE
2024-01-22,2024,4,hMPV,3.59,FALSE,1,2024,2023,2023/24,2023-07-01,30,3.47,3.95,0,4.11,9,0.11999999999999966,1.0345821325648414,FALSE
2024-01-29,2024,5,hMPV,2.92,FALSE,1,2024,2023,2023/24,2023-07-01,31,3.54,4.292,0.07,4.46,9,-0.6200000000000001,0.8248587570621468,FALSE
2024-02-05,2024,6,hMPV,2.13,FALSE,2,2024,2023,2023/24,2023-07-01,32,3.41,4.836,0.06,4.84,9,-1.2800000000000002,0.6246334310850439,FALSE
2024-02-12,2024,7,hMPV,2.4,FALSE,2,2024,2023,2023/24,2023-07-01,33,3.17,4.1899999999999995,0,4.21,9,-0.77,0.7570977917981072,FALSE
2024-02-19,2024,8,hMPV,2.62,FALSE,2,2024,2023,2023/24,2023-07-01,34,3.2,4.916,0.14,5,9,-0.5800000000000001,0.81875,FALSE
2024-02-26,2024,9,hMPV,2.89,FALSE,2,2024,2023,2023/24,2023-07-01,35,2.89,4.718,0.23,4.83,9,0,1,FALSE
2024-03-04,2024,10,hMPV,2.37,FALSE,3,2024,2023,2023/24,2023-07-01,36,2.88,4.632,0.49,4.92,9,-0.5099999999999998,0.8229166666666667,FALSE
2024-03-11,2024,11,hMPV,3.2,FALSE,3,2024,2023,2023/24,2023-07-01,37,3.22,4.82,0.39,5,9,-0.020000000000000018,0.9937888198757764,FALSE
2024-03-18,2024,12,hMPV,2.61,FALSE,3,2024,2023,2023/24,2023-07-01,38,2.91,5.14,0.69,5.54,9,-0.30000000000000027,0.8969072164948453,FALSE
2024-03-25,2024,13,hMPV,2.66,FALSE,3,2024,2023,2023/24,2023-07-01,39,2.19,5.1579999999999995,0.39,5.27,9,0.4700000000000002,1.2146118721461188,FALSE
2024-04-01,2024,14,hMPV,2.69,FALSE,4,2024,2023,2023/24,2023-07-01,40,2.44,4.6739999999999995,0.63,4.95,9,0.25,1.1024590163934427,FALSE
2024-04-08,2024,15,hMPV,2.95,FALSE,4,2024,2023,2023/24,2023-07-01,41,2.1,4.036,0.29,4.04,9,0.8500000000000001,1.4047619047619049,FALSE
2024-04-15,2024,16,hMPV,2.14,FALSE,4,2024,2023,2023/24,2023-07-01,42,2.14,4.3100000000000005,0.46,4.41,9,0,1,FALSE
2024-04-22,2024,17,hMPV,1.99,FALSE,4,2024,2023,2023/24,2023-07-01,43,1.66,3.67,0.34,4.15,9,0.33000000000000007,1.1987951807228916,FALSE
2024-04-29,2024,18,hMPV,1.67,FALSE,4,2024,2023,2023/24,2023-07-01,44,1.67,3.3279999999999994,0.51,3.76,9,0,1,FALSE
2024-05-06,2024,19,hMPV,2.14,FALSE,5,2024,2023,2023/24,2023-07-01,45,1.34,2.6359999999999997,0.33,2.78,9,0.8,1.5970149253731343,FALSE
2024-05-13,2024,20,hMPV,1.92,FALSE,5,2024,2023,2023/24,2023-07-01,46,0.78,2.082,0,2.19,9,1.14,2.4615384615384612,FALSE
2024-05-20,2024,21,hMPV,1.95,FALSE,5,2024,2023,2023/24,2023-07-01,47,1.14,1.7899999999999998,0,1.95,9,0.81,1.710526315789474,TRUE
2024-05-27,2024,22,hMPV,1.76,FALSE,5,2024,2023,2023/24,2023-07-01,48,1.06,2.0839999999999996,0.39,2.3,9,0.7,1.660377358490566,FALSE
2024-06-03,2024,23,hMPV,2,FALSE,6,2024,2023,2023/24,2023-07-01,49,1.02,2.126,0.58,2.21,9,0.98,1.9607843137254901,FALSE
2024-06-10,2024,24,hMPV,1.29,FALSE,6,2024,2023,2023/24,2023-07-01,50,0.85,1.5719999999999998,0.26,1.76,9,0.44000000000000006,1.5176470588235296,FALSE
2024-06-17,2024,25,hMPV,1.55,FALSE,6,2024,2023,2023/24,2023-07-01,51,0.89,1.398,0.32,1.55,9,0.66,1.7415730337078652,TRUE
2024-06-24,2024,26,hMPV,1.51,FALSE,6,2024,2023,2023/24,2023-07-01,52,0.8,1.394,0.14,1.51,9,0.71,1.8875,TRUE
2024-07-01,2024,27,hMPV,1.18,FALSE,7,2024,2024,2024/25,2024-07-01,1,0.74,1.216,0.34,1.24,9,0.43999999999999995,1.5945945945945945,FALSE
2024-07-08,2024,28,hMPV,1.14,FALSE,7,2024,2024,2024/25,2024-07-01,2,0.85,1.236,0.23,1.3,9,0.2899999999999999,1.3411764705882352,FALSE
2024-07-15,2024,29,hMPV,1.73,FALSE,7,2024,2024,2024/25,2024-07-01,3,0.66,1.6139999999999999,0.26,1.73,9,1.0699999999999998,2.621212121212121,TRUE
2024-07-22,2024,30,hMPV,0.91,FALSE,7,2024,2024,2024/25,2024-07-01,4,0.54,1.0979999999999999,0.14,1.19,9,0.37,1.6851851851851851,FALSE
2024-07-29,2024,31,hMPV,0.89,FALSE,7,2024,2024,2024/25,2024-07-01,5,0.56,1.0519999999999998,0.21,1.16,9,0.32999999999999996,1.5892857142857142,FALSE
2024-08-05,2024,32,hMPV,1.05,FALSE,8,2024,2024,2024/25,2024-07-01,6,0.52,1.056,0,1.06,9,0.53,2.019230769230769,FALSE
2024-08-12,2024,33,hMPV,1.53,FALSE,8,2024,2024,2024/25,2024-07-01,7,0.52,1.382,0.28,1.53,9,1.01,2.942307692307692,TRUE
2024-08-19,2024,34,hMPV,1.16,FALSE,8,2024,2024,2024/25,2024-07-01,8,0.38,1.22,0,1.26,9,0.7799999999999999,3.052631578947368,FALSE
2024-08-26,2024,35,hMPV,0.8,FALSE,8,2024,2024,2024/25,2024-07-01,9,0.37,1.2899999999999998,0.2,1.47,9,0.43000000000000005,2.1621621621621623,FALSE
2024-09-02,2024,36,hMPV,0.57,FALSE,9,2024,2024,2024/25,2024-07-01,10,0.48,1.7219999999999995,0.42,2.11,9,0.08999999999999997,1.1875,FALSE
2024-09-09,2024,37,hMPV,0.76,FALSE,9,2024,2024,2024/25,2024-07-01,11,0.59,1.5359999999999998,0.23,1.68,9,0.17000000000000004,1.288135593220339,FALSE
2024-09-16,2024,38,hMPV,0.8,FALSE,9,2024,2024,2024/25,2024-07-01,12,0.62,1.9699999999999998,0.2,2.47,9,0.18000000000000005,1.2903225806451615,FALSE
2024-09-23,2024,39,hMPV,0.6,FALSE,9,2024,2024,2024/25,2024-07-01,13,0.6,2.295999999999999,0.25,3.32,9,0,1,FALSE
2024-09-30,2024,40,hMPV,0.34,FALSE,9,2024,2024,2024/25,2024-07-01,14,0.54,2.341999999999999,0.11,3.37,9,-0.2,0.6296296296296297,FALSE
2024-10-07,2024,41,hMPV,1.06,FALSE,10,2024,2024,2024/25,2024-07-01,15,0.76,2.781999999999999,0.21,3.93,9,0.30000000000000004,1.3947368421052633,FALSE
2024-10-14,2024,42,hMPV,1.58,FALSE,10,2024,2024,2024/25,2024-07-01,16,0.71,2.9419999999999993,0.35,3.85,9,0.8700000000000001,2.2253521126760565,FALSE
2024-10-21,2024,43,hMPV,1.49,FALSE,10,2024,2024,2024/25,2024-07-01,17,1.14,3.7039999999999984,0.31,5.18,9,0.3500000000000001,1.3070175438596492,FALSE
2024-10-28,2024,44,hMPV,1.2,FALSE,10,2024,2024,2024/25,2024-07-01,18,1.2,3.7699999999999987,0,5.25,9,0,1,FALSE
2024-11-04,2024,45,hMPV,1.8,FALSE,11,2024,2024,2024/25,2024-07-01,19,1.54,5.2559999999999985,0.26,7.04,9,0.26,1.1688311688311688,FALSE
2024-11-11,2024,46,hMPV,1.63,FALSE,11,2024,2024,2024/25,2024-07-01,20,1.63,6.187999999999999,0,8.08,9,0,1,FALSE
2024-11-18,2024,47,hMPV,2.33,FALSE,11,2024,2024,2024/25,2024-07-01,21,2.33,7.011999999999999,0.08,8.88,9,0,1,FALSE
2024-11-25,2024,48,hMPV,2.27,FALSE,11,2024,2024,2024/25,2024-07-01,22,2.27,8.303999999999998,0,10.76,9,0,1,FALSE
2024-12-02,2024,49,hMPV,2.44,FALSE,12,2024,2024,2024/25,2024-07-01,23,2.44,8.135999999999997,0,10.2,9,0,1,FALSE
2024-12-09,2024,50,hMPV,2.26,FALSE,12,2024,2024,2024/25,2024-07-01,24,3.02,6.767999999999999,0,7.68,9,-0.7600000000000002,0.7483443708609271,FALSE
2024-12-16,2024,51,hMPV,3.81,FALSE,12,2024,2024,2024/25,2024-07-01,25,3.93,5.779999999999999,0.11,6.18,9,-0.1200000000000001,0.9694656488549618,FALSE
2024-12-23,2024,52,hMPV,4.01,FALSE,12,2024,2024,2024/25,2024-07-01,26,4.01,6.188,0.17,6.62,9,0,1,FALSE
2024-12-30,2024,1,hMPV,4.27,FALSE,12,2024,2024,2024/25,2024-07-01,27,4.27,5.048,0,5.32,9,0,1,FALSE
2025-01-06,2025,2,hMPV,3.27,FALSE,1,2025,2024,2024/25,2024-07-01,28,3.62,4.214,0.3,4.23,9,-0.3500000000000001,0.9033149171270718,FALSE
2025-01-13,2025,3,hMPV,3.75,FALSE,1,2025,2024,2024/25,2024-07-01,29,3.35,4.272,0.06,4.62,9,0.3999999999999999,1.1194029850746268,FALSE
2025-01-20,2025,4,hMPV,3.47,FALSE,1,2025,2024,2024/25,2024-07-01,30,3.47,3.95,0,4.11,9,0,1,FALSE
2025-01-27,2025,5,hMPV,3.79,FALSE,1,2025,2024,2024/25,2024-07-01,31,3.54,4.292,0.07,4.46,9,0.25,1.0706214689265536,FALSE
2025-02-03,2025,6,hMPV,3.73,FALSE,2,2025,2024,2024/25,2024-07-01,32,3.41,4.836,0.06,4.84,9,0.31999999999999984,1.093841642228739,FALSE
2025-02-10,2025,7,hMPV,3.94,FALSE,2,2025,2024,2024/25,2024-07-01,33,3.17,4.1899999999999995,0,4.21,9,0.77,1.2429022082018928,FALSE
2025-02-17,2025,8,hMPV,4.79,FALSE,2,2025,2024,2024/25,2024-07-01,34,3.2,4.916,0.14,5,9,1.5899999999999999,1.496875,FALSE
2025-02-24,2025,9,hMPV,4.02,FALSE,2,2025,2024,2024/25,2024-07-01,35,2.89,4.718,0.23,4.83,9,1.1299999999999994,1.3910034602076122,FALSE
2025-03-03,2025,10,hMPV,3.54,FALSE,3,2025,2024,2024/25,2024-07-01,36,2.88,4.632,0.49,4.92,9,0.6600000000000001,1.2291666666666667,FALSE
2025-03-10,2025,11,hMPV,3.55,FALSE,3,2025,2024,2024/25,2024-07-01,37,3.22,4.82,0.39,5,9,0.3299999999999996,1.1024844720496894,FALSE
2025-03-17,2025,12,hMPV,4.54,FALSE,3,2025,2024,2024/25,2024-07-01,38,2.91,5.14,0.69,5.54,9,1.63,1.5601374570446735,FALSE
2025-03-24,2025,13,hMPV,4.99,FALSE,3,2025,2024,2024/25,2024-07-01,39,2.19,5.1579999999999995,0.39,5.27,9,2.8000000000000003,2.2785388127853885,FALSE
2025-03-31,2025,14,hMPV,4.26,FALSE,3,2025,2024,2024/25,2024-07-01,40,2.44,4.6739999999999995,0.63,4.95,9,1.8199999999999998,1.7459016393442623,FALSE
2025-04-07,2025,15,hMPV,4.03,FALSE,4,2025,2024,2024/25,2024-07-01,41,2.1,4.036,0.29,4.04,9,1.9300000000000002,1.9190476190476191,FALSE
2025-04-14,2025,16,hMPV,4.16,FALSE,4,2025,2024,2024/25,2024-07-01,42,2.14,4.3100000000000005,0.46,4.41,9,2.02,1.9439252336448598,FALSE
2025-04-21,2025,17,hMPV,2.95,FALSE,4,2025,2024,2024/25,2024-07-01,43,1.66,3.67,0.34,4.15,9,1.2900000000000003,1.7771084337349399,FALSE
2025-04-28,2025,18,hMPV,3.76,FALSE,4,2025,2024,2024/25,2024-07-01,44,1.67,3.3279999999999994,0.51,3.76,9,2.09,2.251497005988024,TRUE
2025-05-05,2025,19,hMPV,2.78,FALSE,5,2025,2024,2024/25,2024-07-01,45,1.34,2.6359999999999997,0.33,2.78,9,1.4399999999999997,2.0746268656716413,TRUE
2025-05-12,2025,20,hMPV,1.69,FALSE,5,2025,2024,2024/25,2024-07-01,46,0.78,2.082,0,2.19,9,0.9099999999999999,2.1666666666666665,FALSE
2025-05-19,2025,21,hMPV,1.51,FALSE,5,2025,2024,2024/25,2024-07-01,47,1.14,1.7899999999999998,0,1.95,9,0.3700000000000001,1.324561403508772,FALSE
2025-05-26,2025,22,hMPV,1.09,FALSE,5,2025,2024,2024/25,2024-07-01,48,1.06,2.0839999999999996,0.39,2.3,9,0.030000000000000027,1.028301886792453,FALSE
2025-06-02,2025,23,hMPV,1.02,FALSE,6,2025,2024,2024/25,2024-07-01,49,1.02,2.126,0.58,2.21,9,0,1,FALSE
2025-06-09,2025,24,hMPV,0.85,FALSE,6,2025,2024,2024/25,2024-07-01,50,0.85,1.5719999999999998,0.26,1.76,9,0,1,FALSE
2025-06-16,2025,25,hMPV,1.17,FALSE,6,2025,2024,2024/25,2024-07-01,51,0.89,1.398,0.32,1.55,9,0.2799999999999999,1.3146067415730336,FALSE
2025-06-23,2025,26,hMPV,1.18,FALSE,6,2025,2024,2024/25,2024-07-01,52,0.8,1.394,0.14,1.51,9,0.3799999999999999,1.4749999999999999,FALSE
2025-06-30,2025,27,hMPV,1.17,FALSE,6,2025,2024,2024/25,2024-07-01,53,0.585,1.1115,0,1.17,2,0.585,2,TRUE
2025-07-07,2025,28,hMPV,0.91,FALSE,7,2025,2025,2025/26,2025-07-01,1,0.74,1.216,0.34,1.24,9,0.17000000000000004,1.2297297297297298,FALSE
2025-07-14,2025,29,hMPV,0.85,FALSE,7,2025,2025,2025/26,2025-07-01,2,0.85,1.236,0.23,1.3,9,0,1,FALSE
2025-07-21,2025,30,hMPV,0.72,FALSE,7,2025,2025,2025/26,2025-07-01,3,0.66,1.6139999999999999,0.26,1.73,9,0.05999999999999994,1.0909090909090908,FALSE
2025-07-28,2025,31,hMPV,0.47,FALSE,7,2025,2025,2025/26,2025-07-01,4,0.54,1.0979999999999999,0.14,1.19,9,-0.07000000000000006,0.8703703703703702,FALSE
2025-08-04,2025,32,hMPV,0.56,FALSE,8,2025,2025,2025/26,2025-07-01,5,0.56,1.0519999999999998,0.21,1.16,9,0,1,FALSE
2025-08-11,2025,33,hMPV,0.69,FALSE,8,2025,2025,2025/26,2025-07-01,6,0.52,1.056,0,1.06,9,0.16999999999999993,1.3269230769230769,FALSE
2025-08-18,2025,34,hMPV,0.66,FALSE,8,2025,2025,2025/26,2025-07-01,7,0.52,1.382,0.28,1.53,9,0.14,1.2692307692307692,FALSE
2025-08-25,2025,35,hMPV,0.5,FALSE,8,2025,2025,2025/26,2025-07-01,8,0.38,1.22,0,1.26,9,0.12,1.3157894736842106,FALSE
2025-09-01,2025,36,hMPV,1.02,FALSE,9,2025,2025,2025/26,2025-07-01,9,0.37,1.2899999999999998,0.2,1.47,9,0.65,2.756756756756757,FALSE
2025-09-08,2025,37,hMPV,0.48,FALSE,9,2025,2025,2025/26,2025-07-01,10,0.48,1.7219999999999995,0.42,2.11,9,0,1,FALSE
2025-09-15,2025,38,hMPV,0.44,FALSE,9,2025,2025,2025/26,2025-07-01,11,0.59,1.5359999999999998,0.23,1.68,9,-0.14999999999999997,0.7457627118644068,FALSE
2025-09-22,2025,39,hMPV,0.35,FALSE,9,2025,2025,2025/26,2025-07-01,12,0.62,1.9699999999999998,0.2,2.47,9,-0.27,0.564516129032258,FALSE
2025-09-29,2025,40,hMPV,0.76,FALSE,9,2025,2025,2025/26,2025-07-01,13,0.6,2.295999999999999,0.25,3.32,9,0.16000000000000003,1.2666666666666668,FALSE
2025-10-06,2025,41,hMPV,0.11,FALSE,10,2025,2025,2025/26,2025-07-01,14,0.54,2.341999999999999,0.11,3.37,9,-0.43000000000000005,0.2037037037037037,FALSE
2025-10-13,2025,42,hMPV,0.81,FALSE,10,2025,2025,2025/26,2025-07-01,15,0.76,2.781999999999999,0.21,3.93,9,0.050000000000000044,1.0657894736842106,FALSE
2025-10-20,2025,43,hMPV,0.35,FALSE,10,2025,2025,2025/26,2025-07-01,16,0.71,2.9419999999999993,0.35,3.85,9,-0.36,0.49295774647887325,FALSE
2025-10-27,2025,44,hMPV,0.39,FALSE,10,2025,2025,2025/26,2025-07-01,17,1.14,3.7039999999999984,0.31,5.18,9,-0.7499999999999999,0.3421052631578948,FALSE
2025-11-03,2025,45,hMPV,0.99,FALSE,11,2025,2025,2025/26,2025-07-01,18,1.2,3.7699999999999987,0,5.25,9,-0.20999999999999996,0.8250000000000001,FALSE
2025-11-10,2025,46,hMPV,0.98,FALSE,11,2025,2025,2025/26,2025-07-01,19,1.54,5.2559999999999985,0.26,7.04,9,-0.56,0.6363636363636364,FALSE
2025-11-17,2025,47,hMPV,0.68,FALSE,11,2025,2025,2025/26,2025-07-01,20,1.63,6.187999999999999,0,8.08,9,-0.9499999999999998,0.4171779141104295,FALSE
2025-11-24,2025,48,hMPV,1.33,FALSE,11,2025,2025,2025/26,2025-07-01,21,2.33,7.011999999999999,0.08,8.88,9,-1,0.5708154506437768,FALSE
2025-12-01,2025,49,hMPV,2.09,FALSE,12,2025,2025,2025/26,2025-07-01,22,2.27,8.303999999999998,0,10.76,9,-0.18000000000000016,0.9207048458149779,FALSE
2025-12-08,2025,50,hMPV,1.87,FALSE,12,2025,2025,2025/26,2025-07-01,23,2.44,8.135999999999997,0,10.2,9,-0.5699999999999998,0.7663934426229508,FALSE
2025-12-15,2025,51,hMPV,3.02,FALSE,12,2025,2025,2025/26,2025-07-01,24,3.02,6.767999999999999,0,7.68,9,0,1,FALSE
2025-12-22,2025,52,hMPV,3.93,FALSE,12,2025,2025,2025/26,2025-07-01,25,3.93,5.779999999999999,0.11,6.18,9,0,1,FALSE
2025-12-29,2025,1,hMPV,3.23,FALSE,12,2025,2025,2025/26,2025-07-01,26,4.01,6.188,0.17,6.62,9,-0.7799999999999998,0.8054862842892768,FALSE
2026-01-05,2026,2,hMPV,3.03,FALSE,1,2026,2025,2025/26,2025-07-01,27,4.27,5.048,0,5.32,9,-1.2399999999999998,0.7096018735362998,FALSE
2026-01-12,2026,3,hMPV,3.62,FALSE,1,2026,2025,2025/26,2025-07-01,28,3.62,4.214,0.3,4.23,9,0,1,FALSE
2026-01-19,2026,4,hMPV,3.55,FALSE,1,2026,2025,2025/26,2025-07-01,29,3.35,4.272,0.06,4.62,9,0.19999999999999973,1.0597014925373134,FALSE
2026-01-26,2026,5,hMPV,3.71,FALSE,1,2026,2025,2025/26,2025-07-01,30,3.47,3.95,0,4.11,9,0.23999999999999977,1.0691642651296829,FALSE
2026-02-02,2026,6,hMPV,4.46,FALSE,2,2026,2025,2025/26,2025-07-01,31,3.54,4.292,0.07,4.46,9,0.9199999999999999,1.2598870056497176,TRUE
2026-02-09,2026,7,hMPV,3.41,FALSE,2,2026,2025,2025/26,2025-07-01,32,3.41,4.836,0.06,4.84,9,0,1,FALSE
2026-02-16,2026,8,hMPV,3.6,FALSE,2,2026,2025,2025/26,2025-07-01,33,3.17,4.1899999999999995,0,4.21,9,0.43000000000000016,1.135646687697161,FALSE
2026-02-23,2026,9,hMPV,3.43,FALSE,2,2026,2025,2025/26,2025-07-01,34,3.2,4.916,0.14,5,9,0.22999999999999998,1.071875,FALSE
2026-03-02,2026,10,hMPV,2.97,FALSE,3,2026,2025,2025/26,2025-07-01,35,2.89,4.718,0.23,4.83,9,0.08000000000000007,1.027681660899654,FALSE
2026-03-09,2026,11,hMPV,2.88,FALSE,3,2026,2025,2025/26,2025-07-01,36,2.88,4.632,0.49,4.92,9,0,1,FALSE
2026-03-16,2026,12,hMPV,3.22,FALSE,3,2026,2025,2025/26,2025-07-01,37,3.22,4.82,0.39,5,9,0,1,FALSE
2026-03-23,2026,13,hMPV,2.98,FALSE,3,2026,2025,2025/26,2025-07-01,38,2.91,5.14,0.69,5.54,9,0.06999999999999984,1.0240549828178693,FALSE
2026-03-30,2026,14,hMPV,2.94,FALSE,3,2026,2025,2025/26,2025-07-01,39,2.19,5.1579999999999995,0.39,5.27,9,0.75,1.3424657534246576,FALSE
2026-04-06,2026,15,hMPV,3.2,FALSE,4,2026,2025,2025/26,2025-07-01,40,2.44,4.6739999999999995,0.63,4.95,9,0.7600000000000002,1.3114754098360657,FALSE
2026-04-13,2026,16,hMPV,2.81,FALSE,4,2026,2025,2025/26,2025-07-01,41,2.1,4.036,0.29,4.04,9,0.71,1.338095238095238,FALSE
2026-04-20,2026,17,hMPV,2.14,FALSE,4,2026,2025,2025/26,2025-07-01,42,2.14,4.3100000000000005,0.46,4.41,9,0,1,FALSE
2026-04-27,2026,18,hMPV,2,FALSE,4,2026,2025,2025/26,2025-07-01,43,1.66,3.67,0.34,4.15,9,0.3400000000000001,1.2048192771084338,FALSE
2026-05-04,2026,19,hMPV,1.95,FALSE,5,2026,2025,2025/26,2025-07-01,44,1.67,3.3279999999999994,0.51,3.76,9,0.28,1.1676646706586826,FALSE
2026-05-11,2026,20,hMPV,1.34,FALSE,5,2026,2025,2025/26,2025-07-01,45,1.34,2.6359999999999997,0.33,2.78,9,0,1,FALSE
2026-05-18,2026,21,hMPV,0.78,FALSE,5,2026,2025,2025/26,2025-07-01,46,0.78,2.082,0,2.19,9,0,1,FALSE
2026-05-25,2026,22,hMPV,1.29,FALSE,5,2026,2025,2025/26,2025-07-01,47,1.14,1.7899999999999998,0,1.95,9,0.15000000000000013,1.1315789473684212,FALSE
2026-06-01,2026,23,hMPV,0.39,FALSE,6,2026,2025,2025/26,2025-07-01,48,1.06,2.0839999999999996,0.39,2.3,9,-0.67,0.36792452830188677,FALSE
2026-06-08,2026,24,hMPV,1.04,FALSE,6,2026,2025,2025/26,2025-07-01,49,1.02,2.126,0.58,2.21,9,0.020000000000000018,1.0196078431372548,FALSE
2026-06-15,2026,25,hMPV,0.87,FALSE,6,2026,2025,2025/26,2025-07-01,50,0.85,1.5719999999999998,0.26,1.76,9,0.020000000000000018,1.0235294117647058,FALSE
2026-06-22,2026,26,hMPV,1.07,FALSE,6,2026,2025,2025/26,2025-07-01,51,0.89,1.398,0.32,1.55,9,0.18000000000000005,1.202247191011236,FALSE
2026-06-29,2026,27,hMPV,0.83,FALSE,6,2026,2025,2025/26,2025-07-01,52,0.8,1.394,0.14,1.51,9,0.029999999999999916,1.0374999999999999,FALSE
2026-07-06,2026,28,hMPV,0.62,FALSE,7,2026,2026,2026/27,2026-07-01,1,0.74,1.216,0.34,1.24,9,-0.12,0.8378378378378378,FALSE
2026-07-13,2026,29,hMPV,0.31,FALSE,7,2026,2026,2026/27,2026-07-01,2,0.85,1.236,0.23,1.3,9,-0.54,0.36470588235294116,FALSE
2026-07-20,2026,30,hMPV,0.13,FALSE,7,2026,2026,2026/27,2026-07-01,3,0.66,1.6139999999999999,0.26,1.73,9,-0.53,0.19696969696969696,FALSE
2026-07-27,2026,31,hMPV,0.57,FALSE,7,2026,2026,2026/27,2026-07-01,4,0.54,1.0979999999999999,0.14,1.19,9,0.029999999999999916,1.0555555555555554,FALSE
2026-08-03,2026,32,hMPV,0.48,FALSE,8,2026,2026,2026/27,2026-07-01,5,0.56,1.0519999999999998,0.21,1.16,9,-0.08000000000000007,0.857142857142857,FALSE
2026-08-10,2026,33,hMPV,0.24,FALSE,8,2026,2026,2026/27,2026-07-01,6,0.52,1.056,0,1.06,9,-0.28,0.4615384615384615,FALSE
2026-08-17,2026,34,hMPV,0.18,FALSE,8,2026,2026,2026/27,2026-07-01,7,0.52,1.382,0.28,1.53,9,-0.34,0.34615384615384615,FALSE
2026-08-24,2026,35,hMPV,0,FALSE,8,2026,2026,2026/27,2026-07-01,8,0.38,1.22,0,1.26,9,-0.38,0,FALSE
2026-08-31,2026,36,hMPV,0,FALSE,8,2026,2026,2026/27,2026-07-01,9,0.37,1.2899999999999998,0.2,1.47,9,-0.37,0,FALSE
2026-09-07,2026,37,hMPV,0.08,FALSE,9,2026,2026,2026/27,2026-07-01,10,0.48,1.7219999999999995,0.42,2.11,9,-0.39999999999999997,0.16666666666666669,FALSE
2026-09-14,2026,38,hMPV,0.19,FALSE,9,2026,2026,2026/27,2026-07-01,11,0.59,1.5359999999999998,0.23,1.68,9,-0.39999999999999997,0.3220338983050848,FALSE
