"theme","sub_theme","topic","geography_type","geography","geography_code","metric","metric_group","stratum","sex","age","year","month","epiweek","date","metric_value","in_reporting_delay_period"
"infectious_disease","respiratory","COVID-19","Nation","England","E92000001","COVID-19_cases_casesByDay","cases","default","all","all",2020,1,5,2020-01-30,1,FALSE
"infectious_disease","respiratory","COVID-19","Nation","England","E92000001","COVID-19_cases_casesByDay","cases","default","all","all",2020,1,5,2020-01-31,0,FALSE
"infectious_disease","respiratory","COVID-19","Nation","England","E92000001","COVID-19_cases_casesByDay","cases","default","all","all",2020,2,5,2020-02-01,0,FALSE
"infectious_disease","respiratory","COVID-19","Nation","England","E92000001","COVID-19_cases_casesByDay","cases","default","all","all",2020,2,5,2020-02-02,1,FALSE
"infectious_disease","respiratory","COVID-19","Nation","England","E92000001","COVID-19_cases_casesByDay","cases","default","all","all",2020,2,6,2020-02-03,18,FALSE
"infectious_disease","respiratory","COVID-19","Nation","England","E92000001","COVID-19_cases_casesByDay","cases","default","all","all",2020,2,6,2020-02-04,0,FALSE
"infectious_disease","respiratory","COVID-19","Nation","England","E92000001","COVID-19_cases_casesByDay","cases","default","all","all",2020,2,6,2020-02-05,1,FALSE
"infectious_disease","respiratory","COVID-19","Nation","England","E92000001","COVID-19_cases_casesByDay","cases","default","all","all",2020,2,6,2020-02-06,0,FALSE
"infectious_disease","respiratory","COVID-19","Nation","England","E92000001","COVID-19_cases_casesByDay","cases","default","all","all",2020,2,6,2020-02-07,0,FALSE
"infectious_disease","respiratory","COVID-19","Nation","England","E92000001","COVID-19_cases_casesByDay","cases","default","all","all",2020,2,6,2020-02-08,3,FALSE
"infectious_disease","respiratory","COVID-19","Nation","England","E92000001","COVID-19_cases_casesByDay","cases","default","all","all",2020,2,6,2020-02-09,1,FALSE
"infectious_disease","respiratory","COVID-19","Nation","England","E92000001","COVID-19_cases_casesByDay","cases","default","all","all",2020,2,7,2020-02-10,1,FALSE
"infectious_disease","respiratory","COVID-19","Nation","England","E92000001","COVID-19_cases_casesByDay","cases","default","all","all",2020,2,7,2020-02-11,4,FALSE
"infectious_disease","respiratory","COVID-19","Nation","England","E92000001","COVID-19_cases_casesByDay","cases","default","all","all",2020,2,7,2020-02-12,1,FALSE
"infectious_disease","respiratory","COVID-19","Nation","England","E92000001","COVID-19_cases_casesByDay","cases","default","all","all",2020,2,7,2020-02-13,1,FALSE
"infectious_disease","respiratory","COVID-19","Nation","England","E92000001","COVID-19_cases_casesByDay","cases","default","all","all",2020,2,7,2020-02-14,0,FALSE
"infectious_disease","respiratory","COVID-19","Nation","England","E92000001","COVID-19_cases_casesByDay","cases","default","all","all",2020,2,7,2020-02-15,0,FALSE
"infectious_disease","respiratory","COVID-19","Nation","England","E92000001","COVID-19_cases_casesByDay","cases","default","all","all",2020,2,7,2020-02-16,0,FALSE
"infectious_disease","respiratory","COVID-19","Nation","England","E92000001","COVID-19_cases_casesByDay","cases","default","all","all",2020,2,8,2020-02-17,1,FALSE
"infectious_disease","respiratory","COVID-19","Nation","England","E92000001","COVID-19_cases_casesByDay","cases","default","all","all",2020,2,8,2020-02-18,1,FALSE
"infectious_disease","respiratory","COVID-19","Nation","England","E92000001","COVID-19_cases_casesByDay","cases","default","all","all",2020,2,8,2020-02-19,0,FALSE
"infectious_disease","respiratory","COVID-19","Nation","England","E92000001","COVID-19_cases_casesByDay","cases","default","all","all",2020,2,8,2020-02-20,0,FALSE
"infectious_disease","respiratory","COVID-19","Nation","England","E92000001","COVID-19_cases_casesByDay","cases","default","all","all",2020,2,8,2020-02-21,2,FALSE
"infectious_disease","respiratory","COVID-19","Nation","England","E92000001","COVID-19_cases_casesByDay","cases","default","all","all",2020,2,8,2020-02-22,0,FALSE
"infectious_disease","respiratory","COVID-19","Nation","England","E92000001","COVID-19_cases_casesByDay","cases","default","all","all",2020,2,8,2020-02-23,6,FALSE
"infectious_disease","respiratory","COVID-19","Nation","England","E92000001","COVID-19_cases_casesByDay","cases","default","all","all",2020,2,9,2020-02-24,2,FALSE
"infectious_disease","respiratory","COVID-19","Nation","England","E92000001","COVID-19_cases_casesByDay","cases","default","all","all",2020,2,9,2020-02-25,3,FALSE
"infectious_disease","respiratory","COVID-19","Nation","England","E92000001","COVID-19_cases_casesByDay","cases","default","all","all",2020,2,9,2020-02-26,1,FALSE
"infectious_disease","respiratory","COVID-19","Nation","England","E92000001","COVID-19_cases_casesByDay","cases","default","all","all",2020,2,9,2020-02-27,7,FALSE
"infectious_disease","respiratory","COVID-19","Nation","England","E92000001","COVID-19_cases_casesByDay","cases","default","all","all",2020,2,9,2020-02-28,11,FALSE
"infectious_disease","respiratory","COVID-19","Nation","England","E92000001","COVID-19_cases_casesByDay","cases","default","all","all",2020,2,9,2020-02-29,4,FALSE
"infectious_disease","respiratory","COVID-19","Nation","England","E92000001","COVID-19_cases_casesByDay","cases","default","all","all",2020,3,9,2020-03-01,18,FALSE
"infectious_disease","respiratory","COVID-19","Nation","England","E92000001","COVID-19_cases_casesByDay","cases","default","all","all",2020,3,10,2020-03-02,40,FALSE
"infectious_disease","respiratory","COVID-19","Nation","England","E92000001","COVID-19_cases_casesByDay","cases","default","all","all",2020,3,10,2020-03-03,53,FALSE
"infectious_disease","respiratory","COVID-19","Nation","England","E92000001","COVID-19_cases_casesByDay","cases","default","all","all",2020,3,10,2020-03-04,49,FALSE
"infectious_disease","respiratory","COVID-19","Nation","England","E92000001","COVID-19_cases_casesByDay","cases","default","all","all",2020,3,10,2020-03-05,46,FALSE
"infectious_disease","respiratory","COVID-19","Nation","England","E92000001","COVID-19_cases_casesByDay","cases","default","all","all",2020,3,10,2020-03-06,74,FALSE
"infectious_disease","respiratory","COVID-19","Nation","England","E92000001","COVID-19_cases_casesByDay","cases","default","all","all",2020,3,10,2020-03-07,55,FALSE
"infectious_disease","respiratory","COVID-19","Nation","England","E92000001","COVID-19_cases_casesByDay","cases","default","all","all",2020,3,10,2020-03-08,50,FALSE
"infectious_disease","respiratory","COVID-19","Nation","England","E92000001","COVID-19_cases_casesByDay","cases","default","all","all",2020,3,11,2020-03-09,127,FALSE
"infectious_disease","respiratory","COVID-19","Nation","England","E92000001","COVID-19_cases_casesByDay","cases","default","all","all",2020,3,11,2020-03-10,229,FALSE
"infectious_disease","respiratory","COVID-19","Nation","England","E92000001","COVID-19_cases_casesByDay","cases","default","all","all",2020,3,11,2020-03-11,358,FALSE
"infectious_disease","respiratory","COVID-19","Nation","England","E92000001","COVID-19_cases_casesByDay","cases","default","all","all",2020,3,11,2020-03-12,421,FALSE
"infectious_disease","respiratory","COVID-19","Nation","England","E92000001","COVID-19_cases_casesByDay","cases","default","all","all",2020,3,11,2020-03-13,401,FALSE
"infectious_disease","respiratory","COVID-19","Nation","England","E92000001","COVID-19_cases_casesByDay","cases","default","all","all",2020,3,11,2020-03-14,315,FALSE
"infectious_disease","respiratory","COVID-19","Nation","England","E92000001","COVID-19_cases_casesByDay","cases","default","all","all",2020,3,11,2020-03-15,398,FALSE
"infectious_disease","respiratory","COVID-19","Nation","England","E92000001","COVID-19_cases_casesByDay","cases","default","all","all",2020,3,12,2020-03-16,552,FALSE
"infectious_disease","respiratory","COVID-19","Nation","England","E92000001","COVID-19_cases_casesByDay","cases","default","all","all",2020,3,12,2020-03-17,683,FALSE
"infectious_disease","respiratory","COVID-19","Nation","England","E92000001","COVID-19_cases_casesByDay","cases","default","all","all",2020,3,12,2020-03-18,910,FALSE
"infectious_disease","respiratory","COVID-19","Nation","England","E92000001","COVID-19_cases_casesByDay","cases","default","all","all",2020,3,12,2020-03-19,932,FALSE
"infectious_disease","respiratory","COVID-19","Nation","England","E92000001","COVID-19_cases_casesByDay","cases","default","all","all",2020,3,12,2020-03-20,1096,FALSE
"infectious_disease","respiratory","COVID-19","Nation","England","E92000001","COVID-19_cases_casesByDay","cases","default","all","all",2020,3,12,2020-03-21,1040,FALSE
"infectious_disease","respiratory","COVID-19","Nation","England","E92000001","COVID-19_cases_casesByDay","cases","default","all","all",2020,3,12,2020-03-22,1212,FALSE
"infectious_disease","respiratory","COVID-19","Nation","England","E92000001","COVID-19_cases_casesByDay","cases","default","all","all",2020,3,13,2020-03-23,2010,FALSE
"infectious_disease","respiratory","COVID-19","Nation","England","E92000001","COVID-19_cases_casesByDay","cases","default","all","all",2020,3,13,2020-03-24,2041,FALSE
"infectious_disease","respiratory","COVID-19","Nation","England","E92000001","COVID-19_cases_casesByDay","cases","default","all","all",2020,3,13,2020-03-25,2284,FALSE
"infectious_disease","respiratory","COVID-19","Nation","England","E92000001","COVID-19_cases_casesByDay","cases","default","all","all",2020,3,13,2020-03-26,2633,FALSE
"infectious_disease","respiratory","COVID-19","Nation","England","E92000001","COVID-19_cases_casesByDay","cases","default","all","all",2020,3,13,2020-03-27,2673,FALSE
"infectious_disease","respiratory","COVID-19","Nation","England","E92000001","COVID-19_cases_casesByDay","cases","default","all","all",2020,3,13,2020-03-28,2379,FALSE
"infectious_disease","respiratory","COVID-19","Nation","England","E92000001","COVID-19_cases_casesByDay","cases","default","all","all",2020,3,13,2020-03-29,2449,FALSE
"infectious_disease","respiratory","COVID-19","Nation","England","E92000001","COVID-19_cases_casesByDay","cases","default","all","all",2020,3,14,2020-03-30,3514,FALSE
"infectious_disease","respiratory","COVID-19","Nation","England","E92000001","COVID-19_cases_casesByDay","cases","default","all","all",2020,3,14,2020-03-31,3816,FALSE
"infectious_disease","respiratory","COVID-19","Nation","England","E92000001","COVID-19_cases_casesByDay","cases","default","all","all",2020,4,14,2020-04-01,4150,FALSE
"infectious_disease","respiratory","COVID-19","Nation","England","E92000001","COVID-19_cases_casesByDay","cases","default","all","all",2020,4,14,2020-04-02,4097,FALSE
"infectious_disease","respiratory","COVID-19","Nation","England","E92000001","COVID-19_cases_casesByDay","cases","default","all","all",2020,4,14,2020-04-03,4102,FALSE
"infectious_disease","respiratory","COVID-19","Nation","England","E92000001","COVID-19_cases_casesByDay","cases","default","all","all",2020,4,14,2020-04-04,3405,FALSE
"infectious_disease","respiratory","COVID-19","Nation","England","E92000001","COVID-19_cases_casesByDay","cases","default","all","all",2020,4,14,2020-04-05,3094,FALSE
"infectious_disease","respiratory","COVID-19","Nation","England","E92000001","COVID-19_cases_casesByDay","cases","default","all","all",2020,4,15,2020-04-06,4407,FALSE
"infectious_disease","respiratory","COVID-19","Nation","England","E92000001","COVID-19_cases_casesByDay","cases","default","all","all",2020,4,15,2020-04-07,4605,FALSE
"infectious_disease","respiratory","COVID-19","Nation","England","E92000001","COVID-19_cases_casesByDay","cases","default","all","all",2020,4,15,2020-04-08,4315,FALSE
"infectious_disease","respiratory","COVID-19","Nation","England","E92000001","COVID-19_cases_casesByDay","cases","default","all","all",2020,4,15,2020-04-09,4076,FALSE
"infectious_disease","respiratory","COVID-19","Nation","England","E92000001","COVID-19_cases_casesByDay","cases","default","all","all",2020,4,15,2020-04-10,3590,FALSE
"infectious_disease","respiratory","COVID-19","Nation","England","E92000001","COVID-19_cases_casesByDay","cases","default","all","all",2020,4,15,2020-04-11,3085,FALSE
"infectious_disease","respiratory","COVID-19","Nation","England","E92000001","COVID-19_cases_casesByDay","cases","default","all","all",2020,4,15,2020-04-12,2958,FALSE
"infectious_disease","respiratory","COVID-19","Nation","England","E92000001","COVID-19_cases_casesByDay","cases","default","all","all",2020,4,16,2020-04-13,3463,FALSE
"infectious_disease","respiratory","COVID-19","Nation","England","E92000001","COVID-19_cases_casesByDay","cases","default","all","all",2020,4,16,2020-04-14,3568,FALSE
"infectious_disease","respiratory","COVID-19","Nation","England","E92000001","COVID-19_cases_casesByDay","cases","default","all","all",2020,4,16,2020-04-15,4240,FALSE
"infectious_disease","respiratory","COVID-19","Nation","England","E92000001","COVID-19_cases_casesByDay","cases","default","all","all",2020,4,16,2020-04-16,4360,FALSE
"infectious_disease","respiratory","COVID-19","Nation","England","E92000001","COVID-19_cases_casesByDay","cases","default","all","all",2020,4,16,2020-04-17,4088,FALSE
"infectious_disease","respiratory","COVID-19","Nation","England","E92000001","COVID-19_cases_casesByDay","cases","default","all","all",2020,4,16,2020-04-18,4142,FALSE
"infectious_disease","respiratory","COVID-19","Nation","England","E92000001","COVID-19_cases_casesByDay","cases","default","all","all",2020,4,16,2020-04-19,3494,FALSE
"infectious_disease","respiratory","COVID-19","Nation","England","E92000001","COVID-19_cases_casesByDay","cases","default","all","all",2020,4,17,2020-04-20,3698,FALSE
"infectious_disease","respiratory","COVID-19","Nation","England","E92000001","COVID-19_cases_casesByDay","cases","default","all","all",2020,4,17,2020-04-21,3996,FALSE
"infectious_disease","respiratory","COVID-19","Nation","England","E92000001","COVID-19_cases_casesByDay","cases","default","all","all",2020,4,17,2020-04-22,4812,FALSE
"infectious_disease","respiratory","COVID-19","Nation","England","E92000001","COVID-19_cases_casesByDay","cases","default","all","all",2020,4,17,2020-04-23,4574,FALSE
"infectious_disease","respiratory","COVID-19","Nation","England","E92000001","COVID-19_cases_casesByDay","cases","default","all","all",2020,4,17,2020-04-24,4351,FALSE
"infectious_disease","respiratory","COVID-19","Nation","England","E92000001","COVID-19_cases_casesByDay","cases","default","all","all",2020,4,17,2020-04-25,3381,FALSE
"infectious_disease","respiratory","COVID-19","Nation","England","E92000001","COVID-19_cases_casesByDay","cases","default","all","all",2020,4,17,2020-04-26,3137,FALSE
"infectious_disease","respiratory","COVID-19","Nation","England","E92000001","COVID-19_cases_casesByDay","cases","default","all","all",2020,4,18,2020-04-27,4056,FALSE
"infectious_disease","respiratory","COVID-19","Nation","England","E92000001","COVID-19_cases_casesByDay","cases","default","all","all",2020,4,18,2020-04-28,4113,FALSE
"infectious_disease","respiratory","COVID-19","Nation","England","E92000001","COVID-19_cases_casesByDay","cases","default","all","all",2020,4,18,2020-04-29,4737,FALSE
"infectious_disease","respiratory","COVID-19","Nation","England","E92000001","COVID-19_cases_casesByDay","cases","default","all","all",2020,4,18,2020-04-30,4314,FALSE
"infectious_disease","respiratory","COVID-19","Nation","England","E92000001","COVID-19_cases_casesByDay","cases","default","all","all",2020,5,18,2020-05-01,4109,FALSE
"infectious_disease","respiratory","COVID-19","Nation","England","E92000001","COVID-19_cases_casesByDay","cases","default","all","all",2020,5,18,2020-05-02,2762,FALSE
"infectious_disease","respiratory","COVID-19","Nation","England","E92000001","COVID-19_cases_casesByDay","cases","default","all","all",2020,5,18,2020-05-03,2648,FALSE
"infectious_disease","respiratory","COVID-19","Nation","England","E92000001","COVID-19_cases_casesByDay","cases","default","all","all",2020,5,19,2020-05-04,2851,FALSE
"infectious_disease","respiratory","COVID-19","Nation","England","E92000001","COVID-19_cases_casesByDay","cases","default","all","all",2020,5,19,2020-05-05,3148,FALSE
"infectious_disease","respiratory","COVID-19","Nation","England","E92000001","COVID-19_cases_casesByDay","cases","default","all","all",2020,5,19,2020-05-06,3264,FALSE
"infectious_disease","respiratory","COVID-19","Nation","England","E92000001","COVID-19_cases_casesByDay","cases","default","all","all",2020,5,19,2020-05-07,3205,FALSE
"infectious_disease","respiratory","COVID-19","Nation","England","E92000001","COVID-19_cases_casesByDay","cases","default","all","all",2020,5,19,2020-05-08,2622,FALSE
"infectious_disease","respiratory","COVID-19","Nation","England","E92000001","COVID-19_cases_casesByDay","cases","default","all","all",2020,5,19,2020-05-09,1797,FALSE
"infectious_disease","respiratory","COVID-19","Nation","England","E92000001","COVID-19_cases_casesByDay","cases","default","all","all",2020,5,19,2020-05-10,2013,FALSE
"infectious_disease","respiratory","COVID-19","Nation","England","E92000001","COVID-19_cases_casesByDay","cases","default","all","all",2020,5,20,2020-05-11,3088,FALSE
"infectious_disease","respiratory","COVID-19","Nation","England","E92000001","COVID-19_cases_casesByDay","cases","default","all","all",2020,5,20,2020-05-12,2940,FALSE
"infectious_disease","respiratory","COVID-19","Nation","England","E92000001","COVID-19_cases_casesByDay","cases","default","all","all",2020,5,20,2020-05-13,2899,FALSE
"infectious_disease","respiratory","COVID-19","Nation","England","E92000001","COVID-19_cases_casesByDay","cases","default","all","all",2020,5,20,2020-05-14,2222,FALSE
"infectious_disease","respiratory","COVID-19","Nation","England","E92000001","COVID-19_cases_casesByDay","cases","default","all","all",2020,5,20,2020-05-15,2145,FALSE
"infectious_disease","respiratory","COVID-19","Nation","England","E92000001","COVID-19_cases_casesByDay","cases","default","all","all",2020,5,20,2020-05-16,1781,FALSE
"infectious_disease","respiratory","COVID-19","Nation","England","E92000001","COVID-19_cases_casesByDay","cases","default","all","all",2020,5,20,2020-05-17,1593,FALSE
"infectious_disease","respiratory","COVID-19","Nation","England","E92000001","COVID-19_cases_casesByDay","cases","default","all","all",2020,5,21,2020-05-18,2226,FALSE
"infectious_disease","respiratory","COVID-19","Nation","England","E92000001","COVID-19_cases_casesByDay","cases","default","all","all",2020,5,21,2020-05-19,2602,FALSE
"infectious_disease","respiratory","COVID-19","Nation","England","E92000001","COVID-19_cases_casesByDay","cases","default","all","all",2020,5,21,2020-05-20,2359,FALSE
"infectious_disease","respiratory","COVID-19","Nation","England","E92000001","COVID-19_cases_casesByDay","cases","default","all","all",2020,5,21,2020-05-21,2277,FALSE
"infectious_disease","respiratory","COVID-19","Nation","England","E92000001","COVID-19_cases_casesByDay","cases","default","all","all",2020,5,21,2020-05-22,1798,FALSE
"infectious_disease","respiratory","COVID-19","Nation","England","E92000001","COVID-19_cases_casesByDay","cases","default","all","all",2020,5,21,2020-05-23,1309,FALSE
"infectious_disease","respiratory","COVID-19","Nation","England","E92000001","COVID-19_cases_casesByDay","cases","default","all","all",2020,5,21,2020-05-24,1206,FALSE
"infectious_disease","respiratory","COVID-19","Nation","England","E92000001","COVID-19_cases_casesByDay","cases","default","all","all",2020,5,22,2020-05-25,1389,FALSE
"infectious_disease","respiratory","COVID-19","Nation","England","E92000001","COVID-19_cases_casesByDay","cases","default","all","all",2020,5,22,2020-05-26,1461,FALSE
"infectious_disease","respiratory","COVID-19","Nation","England","E92000001","COVID-19_cases_casesByDay","cases","default","all","all",2020,5,22,2020-05-27,1616,FALSE
"infectious_disease","respiratory","COVID-19","Nation","England","E92000001","COVID-19_cases_casesByDay","cases","default","all","all",2020,5,22,2020-05-28,1575,FALSE
"infectious_disease","respiratory","COVID-19","Nation","England","E92000001","COVID-19_cases_casesByDay","cases","default","all","all",2020,5,22,2020-05-29,1374,FALSE
"infectious_disease","respiratory","COVID-19","Nation","England","E92000001","COVID-19_cases_casesByDay","cases","default","all","all",2020,5,22,2020-05-30,1010,FALSE
"infectious_disease","respiratory","COVID-19","Nation","England","E92000001","COVID-19_cases_casesByDay","cases","default","all","all",2020,5,22,2020-05-31,984,FALSE
"infectious_disease","respiratory","COVID-19","Nation","England","E92000001","COVID-19_cases_casesByDay","cases","default","all","all",2020,6,23,2020-06-01,1319,FALSE
"infectious_disease","respiratory","COVID-19","Nation","England","E92000001","COVID-19_cases_casesByDay","cases","default","all","all",2020,6,23,2020-06-02,1365,FALSE
"infectious_disease","respiratory","COVID-19","Nation","England","E92000001","COVID-19_cases_casesByDay","cases","default","all","all",2020,6,23,2020-06-03,1251,FALSE
"infectious_disease","respiratory","COVID-19","Nation","England","E92000001","COVID-19_cases_casesByDay","cases","default","all","all",2020,6,23,2020-06-04,1147,FALSE
"infectious_disease","respiratory","COVID-19","Nation","England","E92000001","COVID-19_cases_casesByDay","cases","default","all","all",2020,6,23,2020-06-05,1020,FALSE
"infectious_disease","respiratory","COVID-19","Nation","England","E92000001","COVID-19_cases_casesByDay","cases","default","all","all",2020,6,23,2020-06-06,723,FALSE
"infectious_disease","respiratory","COVID-19","Nation","England","E92000001","COVID-19_cases_casesByDay","cases","default","all","all",2020,6,23,2020-06-07,668,FALSE
"infectious_disease","respiratory","COVID-19","Nation","England","E92000001","COVID-19_cases_casesByDay","cases","default","all","all",2020,6,24,2020-06-08,990,FALSE
"infectious_disease","respiratory","COVID-19","Nation","England","E92000001","COVID-19_cases_casesByDay","cases","default","all","all",2020,6,24,2020-06-09,1066,FALSE
"infectious_disease","respiratory","COVID-19","Nation","England","E92000001","COVID-19_cases_casesByDay","cases","default","all","all",2020,6,24,2020-06-10,1086,FALSE
"infectious_disease","respiratory","COVID-19","Nation","England","E92000001","COVID-19_cases_casesByDay","cases","default","all","all",2020,6,24,2020-06-11,915,FALSE
"infectious_disease","respiratory","COVID-19","Nation","England","E92000001","COVID-19_cases_casesByDay","cases","default","all","all",2020,6,24,2020-06-12,938,FALSE
"infectious_disease","respiratory","COVID-19","Nation","England","E92000001","COVID-19_cases_casesByDay","cases","default","all","all",2020,6,24,2020-06-13,785,FALSE
"infectious_disease","respiratory","COVID-19","Nation","England","E92000001","COVID-19_cases_casesByDay","cases","default","all","all",2020,6,24,2020-06-14,752,FALSE
"infectious_disease","respiratory","COVID-19","Nation","England","E92000001","COVID-19_cases_casesByDay","cases","default","all","all",2020,6,25,2020-06-15,944,FALSE
"infectious_disease","respiratory","COVID-19","Nation","England","E92000001","COVID-19_cases_casesByDay","cases","default","all","all",2020,6,25,2020-06-16,996,FALSE
"infectious_disease","respiratory","COVID-19","Nation","England","E92000001","COVID-19_cases_casesByDay","cases","default","all","all",2020,6,25,2020-06-17,914,FALSE
"infectious_disease","respiratory","COVID-19","Nation","England","E92000001","COVID-19_cases_casesByDay","cases","default","all","all",2020,6,25,2020-06-18,938,FALSE
"infectious_disease","respiratory","COVID-19","Nation","England","E92000001","COVID-19_cases_casesByDay","cases","default","all","all",2020,6,25,2020-06-19,818,FALSE
"infectious_disease","respiratory","COVID-19","Nation","England","E92000001","COVID-19_cases_casesByDay","cases","default","all","all",2020,6,25,2020-06-20,626,FALSE
"infectious_disease","respiratory","COVID-19","Nation","England","E92000001","COVID-19_cases_casesByDay","cases","default","all","all",2020,6,25,2020-06-21,550,FALSE
"infectious_disease","respiratory","COVID-19","Nation","England","E92000001","COVID-19_cases_casesByDay","cases","default","all","all",2020,6,26,2020-06-22,821,FALSE
"infectious_disease","respiratory","COVID-19","Nation","England","E92000001","COVID-19_cases_casesByDay","cases","default","all","all",2020,6,26,2020-06-23,726,FALSE
"infectious_disease","respiratory","COVID-19","Nation","England","E92000001","COVID-19_cases_casesByDay","cases","default","all","all",2020,6,26,2020-06-24,732,FALSE
"infectious_disease","respiratory","COVID-19","Nation","England","E92000001","COVID-19_cases_casesByDay","cases","default","all","all",2020,6,26,2020-06-25,643,FALSE
"infectious_disease","respiratory","COVID-19","Nation","England","E92000001","COVID-19_cases_casesByDay","cases","default","all","all",2020,6,26,2020-06-26,640,FALSE
"infectious_disease","respiratory","COVID-19","Nation","England","E92000001","COVID-19_cases_casesByDay","cases","default","all","all",2020,6,26,2020-06-27,506,FALSE
"infectious_disease","respiratory","COVID-19","Nation","England","E92000001","COVID-19_cases_casesByDay","cases","default","all","all",2020,6,26,2020-06-28,413,FALSE
"infectious_disease","respiratory","COVID-19","Nation","England","E92000001","COVID-19_cases_casesByDay","cases","default","all","all",2020,6,27,2020-06-29,666,FALSE
"infectious_disease","respiratory","COVID-19","Nation","England","E92000001","COVID-19_cases_casesByDay","cases","default","all","all",2020,6,27,2020-06-30,578,FALSE
"infectious_disease","respiratory","COVID-19","Nation","England","E92000001","COVID-19_cases_casesByDay","cases","default","all","all",2020,7,27,2020-07-01,607,FALSE
"infectious_disease","respiratory","COVID-19","Nation","England","E92000001","COVID-19_cases_casesByDay","cases","default","all","all",2020,7,27,2020-07-02,561,FALSE
"infectious_disease","respiratory","COVID-19","Nation","England","E92000001","COVID-19_cases_casesByDay","cases","default","all","all",2020,7,27,2020-07-03,536,FALSE
"infectious_disease","respiratory","COVID-19","Nation","England","E92000001","COVID-19_cases_casesByDay","cases","default","all","all",2020,7,27,2020-07-04,385,FALSE
"infectious_disease","respiratory","COVID-19","Nation","England","E92000001","COVID-19_cases_casesByDay","cases","default","all","all",2020,7,27,2020-07-05,544,FALSE
"infectious_disease","respiratory","COVID-19","Nation","England","E92000001","COVID-19_cases_casesByDay","cases","default","all","all",2020,7,28,2020-07-06,664,FALSE
"infectious_disease","respiratory","COVID-19","Nation","England","E92000001","COVID-19_cases_casesByDay","cases","default","all","all",2020,7,28,2020-07-07,565,FALSE
"infectious_disease","respiratory","COVID-19","Nation","England","E92000001","COVID-19_cases_casesByDay","cases","default","all","all",2020,7,28,2020-07-08,682,FALSE
"infectious_disease","respiratory","COVID-19","Nation","England","E92000001","COVID-19_cases_casesByDay","cases","default","all","all",2020,7,28,2020-07-09,688,FALSE
"infectious_disease","respiratory","COVID-19","Nation","England","E92000001","COVID-19_cases_casesByDay","cases","default","all","all",2020,7,28,2020-07-10,524,FALSE
"infectious_disease","respiratory","COVID-19","Nation","England","E92000001","COVID-19_cases_casesByDay","cases","default","all","all",2020,7,28,2020-07-11,432,FALSE
"infectious_disease","respiratory","COVID-19","Nation","England","E92000001","COVID-19_cases_casesByDay","cases","default","all","all",2020,7,28,2020-07-12,351,FALSE
"infectious_disease","respiratory","COVID-19","Nation","England","E92000001","COVID-19_cases_casesByDay","cases","default","all","all",2020,7,29,2020-07-13,694,FALSE
"infectious_disease","respiratory","COVID-19","Nation","England","E92000001","COVID-19_cases_casesByDay","cases","default","all","all",2020,7,29,2020-07-14,661,FALSE
"infectious_disease","respiratory","COVID-19","Nation","England","E92000001","COVID-19_cases_casesByDay","cases","default","all","all",2020,7,29,2020-07-15,726,FALSE
"infectious_disease","respiratory","COVID-19","Nation","England","E92000001","COVID-19_cases_casesByDay","cases","default","all","all",2020,7,29,2020-07-16,644,FALSE
"infectious_disease","respiratory","COVID-19","Nation","England","E92000001","COVID-19_cases_casesByDay","cases","default","all","all",2020,7,29,2020-07-17,548,FALSE
"infectious_disease","respiratory","COVID-19","Nation","England","E92000001","COVID-19_cases_casesByDay","cases","default","all","all",2020,7,29,2020-07-18,473,FALSE
"infectious_disease","respiratory","COVID-19","Nation","England","E92000001","COVID-19_cases_casesByDay","cases","default","all","all",2020,7,29,2020-07-19,419,FALSE
"infectious_disease","respiratory","COVID-19","Nation","England","E92000001","COVID-19_cases_casesByDay","cases","default","all","all",2020,7,30,2020-07-20,769,FALSE
"infectious_disease","respiratory","COVID-19","Nation","England","E92000001","COVID-19_cases_casesByDay","cases","default","all","all",2020,7,30,2020-07-21,697,FALSE
"infectious_disease","respiratory","COVID-19","Nation","England","E92000001","COVID-19_cases_casesByDay","cases","default","all","all",2020,7,30,2020-07-22,764,FALSE
"infectious_disease","respiratory","COVID-19","Nation","England","E92000001","COVID-19_cases_casesByDay","cases","default","all","all",2020,7,30,2020-07-23,741,FALSE
"infectious_disease","respiratory","COVID-19","Nation","England","E92000001","COVID-19_cases_casesByDay","cases","default","all","all",2020,7,30,2020-07-24,720,FALSE
"infectious_disease","respiratory","COVID-19","Nation","England","E92000001","COVID-19_cases_casesByDay","cases","default","all","all",2020,7,30,2020-07-25,500,FALSE
"infectious_disease","respiratory","COVID-19","Nation","England","E92000001","COVID-19_cases_casesByDay","cases","default","all","all",2020,7,30,2020-07-26,518,FALSE
"infectious_disease","respiratory","COVID-19","Nation","England","E92000001","COVID-19_cases_casesByDay","cases","default","all","all",2020,7,31,2020-07-27,824,FALSE
"infectious_disease","respiratory","COVID-19","Nation","England","E92000001","COVID-19_cases_casesByDay","cases","default","all","all",2020,7,31,2020-07-28,796,FALSE
"infectious_disease","respiratory","COVID-19","Nation","England","E92000001","COVID-19_cases_casesByDay","cases","default","all","all",2020,7,31,2020-07-29,994,FALSE
"infectious_disease","respiratory","COVID-19","Nation","England","E92000001","COVID-19_cases_casesByDay","cases","default","all","all",2020,7,31,2020-07-30,879,FALSE
"infectious_disease","respiratory","COVID-19","Nation","England","E92000001","COVID-19_cases_casesByDay","cases","default","all","all",2020,7,31,2020-07-31,644,FALSE
"infectious_disease","respiratory","COVID-19","Nation","England","E92000001","COVID-19_cases_casesByDay","cases","default","all","all",2020,8,31,2020-08-01,508,FALSE
"infectious_disease","respiratory","COVID-19","Nation","England","E92000001","COVID-19_cases_casesByDay","cases","default","all","all",2020,8,31,2020-08-02,518,FALSE
"infectious_disease","respiratory","COVID-19","Nation","England","E92000001","COVID-19_cases_casesByDay","cases","default","all","all",2020,8,32,2020-08-03,963,FALSE
"infectious_disease","respiratory","COVID-19","Nation","England","E92000001","COVID-19_cases_casesByDay","cases","default","all","all",2020,8,32,2020-08-04,965,FALSE
"infectious_disease","respiratory","COVID-19","Nation","England","E92000001","COVID-19_cases_casesByDay","cases","default","all","all",2020,8,32,2020-08-05,973,FALSE
"infectious_disease","respiratory","COVID-19","Nation","England","E92000001","COVID-19_cases_casesByDay","cases","default","all","all",2020,8,32,2020-08-06,1005,FALSE
"infectious_disease","respiratory","COVID-19","Nation","England","E92000001","COVID-19_cases_casesByDay","cases","default","all","all",2020,8,32,2020-08-07,892,FALSE
"infectious_disease","respiratory","COVID-19","Nation","England","E92000001","COVID-19_cases_casesByDay","cases","default","all","all",2020,8,32,2020-08-08,648,FALSE
"infectious_disease","respiratory","COVID-19","Nation","England","E92000001","COVID-19_cases_casesByDay","cases","default","all","all",2020,8,32,2020-08-09,569,FALSE
"infectious_disease","respiratory","COVID-19","Nation","England","E92000001","COVID-19_cases_casesByDay","cases","default","all","all",2020,8,33,2020-08-10,1375,FALSE
"infectious_disease","respiratory","COVID-19","Nation","England","E92000001","COVID-19_cases_casesByDay","cases","default","all","all",2020,8,33,2020-08-11,1247,FALSE
"infectious_disease","respiratory","COVID-19","Nation","England","E92000001","COVID-19_cases_casesByDay","cases","default","all","all",2020,8,33,2020-08-12,1126,FALSE
"infectious_disease","respiratory","COVID-19","Nation","England","E92000001","COVID-19_cases_casesByDay","cases","default","all","all",2020,8,33,2020-08-13,1036,FALSE
"infectious_disease","respiratory","COVID-19","Nation","England","E92000001","COVID-19_cases_casesByDay","cases","default","all","all",2020,8,33,2020-08-14,1059,FALSE
"infectious_disease","respiratory","COVID-19","Nation","England","E92000001","COVID-19_cases_casesByDay","cases","default","all","all",2020,8,33,2020-08-15,656,FALSE
"infectious_disease","respiratory","COVID-19","Nation","England","E92000001","COVID-19_cases_casesByDay","cases","default","all","all",2020,8,33,2020-08-16,535,FALSE
"infectious_disease","respiratory","COVID-19","Nation","England","E92000001","COVID-19_cases_casesByDay","cases","default","all","all",2020,8,34,2020-08-17,1158,FALSE
"infectious_disease","respiratory","COVID-19","Nation","England","E92000001","COVID-19_cases_casesByDay","cases","default","all","all",2020,8,34,2020-08-18,955,FALSE
"infectious_disease","respiratory","COVID-19","Nation","England","E92000001","COVID-19_cases_casesByDay","cases","default","all","all",2020,8,34,2020-08-19,1106,FALSE
"infectious_disease","respiratory","COVID-19","Nation","England","E92000001","COVID-19_cases_casesByDay","cases","default","all","all",2020,8,34,2020-08-20,1254,FALSE
"infectious_disease","respiratory","COVID-19","Nation","England","E92000001","COVID-19_cases_casesByDay","cases","default","all","all",2020,8,34,2020-08-21,1031,FALSE
"infectious_disease","respiratory","COVID-19","Nation","England","E92000001","COVID-19_cases_casesByDay","cases","default","all","all",2020,8,34,2020-08-22,732,FALSE
"infectious_disease","respiratory","COVID-19","Nation","England","E92000001","COVID-19_cases_casesByDay","cases","default","all","all",2020,8,34,2020-08-23,704,FALSE
"infectious_disease","respiratory","COVID-19","Nation","England","E92000001","COVID-19_cases_casesByDay","cases","default","all","all",2020,8,35,2020-08-24,1156,FALSE
"infectious_disease","respiratory","COVID-19","Nation","England","E92000001","COVID-19_cases_casesByDay","cases","default","all","all",2020,8,35,2020-08-25,1085,FALSE
"infectious_disease","respiratory","COVID-19","Nation","England","E92000001","COVID-19_cases_casesByDay","cases","default","all","all",2020,8,35,2020-08-26,1181,FALSE
"infectious_disease","respiratory","COVID-19","Nation","England","E92000001","COVID-19_cases_casesByDay","cases","default","all","all",2020,8,35,2020-08-27,1356,FALSE
"infectious_disease","respiratory","COVID-19","Nation","England","E92000001","COVID-19_cases_casesByDay","cases","default","all","all",2020,8,35,2020-08-28,1395,FALSE
"infectious_disease","respiratory","COVID-19","Nation","England","E92000001","COVID-19_cases_casesByDay","cases","default","all","all",2020,8,35,2020-08-29,1051,FALSE
"infectious_disease","respiratory","COVID-19","Nation","England","E92000001","COVID-19_cases_casesByDay","cases","default","all","all",2020,8,35,2020-08-30,987,FALSE
"infectious_disease","respiratory","COVID-19","Nation","England","E92000001","COVID-19_cases_casesByDay","cases","default","all","all",2020,8,36,2020-08-31,1279,FALSE
"infectious_disease","respiratory","COVID-19","Nation","England","E92000001","COVID-19_cases_casesByDay","cases","default","all","all",2020,9,36,2020-09-01,1962,FALSE
"infectious_disease","respiratory","COVID-19","Nation","England","E92000001","COVID-19_cases_casesByDay","cases","default","all","all",2020,9,36,2020-09-02,2696,FALSE
"infectious_disease","respiratory","COVID-19","Nation","England","E92000001","COVID-19_cases_casesByDay","cases","default","all","all",2020,9,36,2020-09-03,2716,FALSE
"infectious_disease","respiratory","COVID-19","Nation","England","E92000001","COVID-19_cases_casesByDay","cases","default","all","all",2020,9,36,2020-09-04,2637,FALSE
"infectious_disease","respiratory","COVID-19","Nation","England","E92000001","COVID-19_cases_casesByDay","cases","default","all","all",2020,9,36,2020-09-05,2200,FALSE
"infectious_disease","respiratory","COVID-19","Nation","England","E92000001","COVID-19_cases_casesByDay","cases","default","all","all",2020,9,36,2020-09-06,2079,FALSE
"infectious_disease","respiratory","COVID-19","Nation","England","E92000001","COVID-19_cases_casesByDay","cases","default","all","all",2020,9,37,2020-09-07,3530,FALSE
"infectious_disease","respiratory","COVID-19","Nation","England","E92000001","COVID-19_cases_casesByDay","cases","default","all","all",2020,9,37,2020-09-08,3071,FALSE
"infectious_disease","respiratory","COVID-19","Nation","England","E92000001","COVID-19_cases_casesByDay","cases","default","all","all",2020,9,37,2020-09-09,2893,FALSE
"infectious_disease","respiratory","COVID-19","Nation","England","E92000001","COVID-19_cases_casesByDay","cases","default","all","all",2020,9,37,2020-09-10,3143,FALSE
"infectious_disease","respiratory","COVID-19","Nation","England","E92000001","COVID-19_cases_casesByDay","cases","default","all","all",2020,9,37,2020-09-11,2893,FALSE
"infectious_disease","respiratory","COVID-19","Nation","England","E92000001","COVID-19_cases_casesByDay","cases","default","all","all",2020,9,37,2020-09-12,2224,FALSE
"infectious_disease","respiratory","COVID-19","Nation","England","E92000001","COVID-19_cases_casesByDay","cases","default","all","all",2020,9,37,2020-09-13,1722,FALSE
"infectious_disease","respiratory","COVID-19","Nation","England","E92000001","COVID-19_cases_casesByDay","cases","default","all","all",2020,9,38,2020-09-14,2941,FALSE
"infectious_disease","respiratory","COVID-19","Nation","England","E92000001","COVID-19_cases_casesByDay","cases","default","all","all",2020,9,38,2020-09-15,3057,FALSE
"infectious_disease","respiratory","COVID-19","Nation","England","E92000001","COVID-19_cases_casesByDay","cases","default","all","all",2020,9,38,2020-09-16,3778,FALSE
"infectious_disease","respiratory","COVID-19","Nation","England","E92000001","COVID-19_cases_casesByDay","cases","default","all","all",2020,9,38,2020-09-17,3979,FALSE
"infectious_disease","respiratory","COVID-19","Nation","England","E92000001","COVID-19_cases_casesByDay","cases","default","all","all",2020,9,38,2020-09-18,4290,FALSE
"infectious_disease","respiratory","COVID-19","Nation","England","E92000001","COVID-19_cases_casesByDay","cases","default","all","all",2020,9,38,2020-09-19,4215,FALSE
"infectious_disease","respiratory","COVID-19","Nation","England","E92000001","COVID-19_cases_casesByDay","cases","default","all","all",2020,9,38,2020-09-20,4652,FALSE
"infectious_disease","respiratory","COVID-19","Nation","England","E92000001","COVID-19_cases_casesByDay","cases","default","all","all",2020,9,39,2020-09-21,4727,FALSE
"infectious_disease","respiratory","COVID-19","Nation","England","E92000001","COVID-19_cases_casesByDay","cases","default","all","all",2020,9,39,2020-09-22,5400,FALSE
"infectious_disease","respiratory","COVID-19","Nation","England","E92000001","COVID-19_cases_casesByDay","cases","default","all","all",2020,9,39,2020-09-23,5934,FALSE
"infectious_disease","respiratory","COVID-19","Nation","England","E92000001","COVID-19_cases_casesByDay","cases","default","all","all",2020,9,39,2020-09-24,6361,FALSE
"infectious_disease","respiratory","COVID-19","Nation","England","E92000001","COVID-19_cases_casesByDay","cases","default","all","all",2020,9,39,2020-09-25,6105,FALSE
"infectious_disease","respiratory","COVID-19","Nation","England","E92000001","COVID-19_cases_casesByDay","cases","default","all","all",2020,9,39,2020-09-26,5704,FALSE
"infectious_disease","respiratory","COVID-19","Nation","England","E92000001","COVID-19_cases_casesByDay","cases","default","all","all",2020,9,39,2020-09-27,6084,FALSE
"infectious_disease","respiratory","COVID-19","Nation","England","E92000001","COVID-19_cases_casesByDay","cases","default","all","all",2020,9,40,2020-09-28,8641,FALSE
"infectious_disease","respiratory","COVID-19","Nation","England","E92000001","COVID-19_cases_casesByDay","cases","default","all","all",2020,9,40,2020-09-29,8832,FALSE
"infectious_disease","respiratory","COVID-19","Nation","England","E92000001","COVID-19_cases_casesByDay","cases","default","all","all",2020,9,40,2020-09-30,10663,FALSE
"infectious_disease","respiratory","COVID-19","Nation","England","E92000001","COVID-19_cases_casesByDay","cases","default","all","all",2020,10,40,2020-10-01,11444,FALSE
"infectious_disease","respiratory","COVID-19","Nation","England","E92000001","COVID-19_cases_casesByDay","cases","default","all","all",2020,10,40,2020-10-02,11719,FALSE
"infectious_disease","respiratory","COVID-19","Nation","England","E92000001","COVID-19_cases_casesByDay","cases","default","all","all",2020,10,40,2020-10-03,9820,FALSE
"infectious_disease","respiratory","COVID-19","Nation","England","E92000001","COVID-19_cases_casesByDay","cases","default","all","all",2020,10,40,2020-10-04,9966,FALSE
"infectious_disease","respiratory","COVID-19","Nation","England","E92000001","COVID-19_cases_casesByDay","cases","default","all","all",2020,10,41,2020-10-05,14218,FALSE
"infectious_disease","respiratory","COVID-19","Nation","England","E92000001","COVID-19_cases_casesByDay","cases","default","all","all",2020,10,41,2020-10-06,14458,FALSE
"infectious_disease","respiratory","COVID-19","Nation","England","E92000001","COVID-19_cases_casesByDay","cases","default","all","all",2020,10,41,2020-10-07,15418,FALSE
"infectious_disease","respiratory","COVID-19","Nation","England","E92000001","COVID-19_cases_casesByDay","cases","default","all","all",2020,10,41,2020-10-08,15452,FALSE
"infectious_disease","respiratory","COVID-19","Nation","England","E92000001","COVID-19_cases_casesByDay","cases","default","all","all",2020,10,41,2020-10-09,13158,FALSE
"infectious_disease","respiratory","COVID-19","Nation","England","E92000001","COVID-19_cases_casesByDay","cases","default","all","all",2020,10,41,2020-10-10,10301,FALSE
"infectious_disease","respiratory","COVID-19","Nation","England","E92000001","COVID-19_cases_casesByDay","cases","default","all","all",2020,10,41,2020-10-11,9781,FALSE
"infectious_disease","respiratory","COVID-19","Nation","England","E92000001","COVID-19_cases_casesByDay","cases","default","all","all",2020,10,42,2020-10-12,16420,FALSE
"infectious_disease","respiratory","COVID-19","Nation","England","E92000001","COVID-19_cases_casesByDay","cases","default","all","all",2020,10,42,2020-10-13,15660,FALSE
"infectious_disease","respiratory","COVID-19","Nation","England","E92000001","COVID-19_cases_casesByDay","cases","default","all","all",2020,10,42,2020-10-14,16644,FALSE
"infectious_disease","respiratory","COVID-19","Nation","England","E92000001","COVID-19_cases_casesByDay","cases","default","all","all",2020,10,42,2020-10-15,15428,FALSE
"infectious_disease","respiratory","COVID-19","Nation","England","E92000001","COVID-19_cases_casesByDay","cases","default","all","all",2020,10,42,2020-10-16,14761,FALSE
"infectious_disease","respiratory","COVID-19","Nation","England","E92000001","COVID-19_cases_casesByDay","cases","default","all","all",2020,10,42,2020-10-17,12488,FALSE
"infectious_disease","respiratory","COVID-19","Nation","England","E92000001","COVID-19_cases_casesByDay","cases","default","all","all",2020,10,42,2020-10-18,11982,FALSE
"infectious_disease","respiratory","COVID-19","Nation","England","E92000001","COVID-19_cases_casesByDay","cases","default","all","all",2020,10,43,2020-10-19,22369,FALSE
"infectious_disease","respiratory","COVID-19","Nation","England","E92000001","COVID-19_cases_casesByDay","cases","default","all","all",2020,10,43,2020-10-20,21638,FALSE
"infectious_disease","respiratory","COVID-19","Nation","England","E92000001","COVID-19_cases_casesByDay","cases","default","all","all",2020,10,43,2020-10-21,21762,FALSE
"infectious_disease","respiratory","COVID-19","Nation","England","E92000001","COVID-19_cases_casesByDay","cases","default","all","all",2020,10,43,2020-10-22,19866,FALSE
"infectious_disease","respiratory","COVID-19","Nation","England","E92000001","COVID-19_cases_casesByDay","cases","default","all","all",2020,10,43,2020-10-23,18359,FALSE
"infectious_disease","respiratory","COVID-19","Nation","England","E92000001","COVID-19_cases_casesByDay","cases","default","all","all",2020,10,43,2020-10-24,13713,FALSE
"infectious_disease","respiratory","COVID-19","Nation","England","E92000001","COVID-19_cases_casesByDay","cases","default","all","all",2020,10,43,2020-10-25,13353,FALSE
"infectious_disease","respiratory","COVID-19","Nation","England","E92000001","COVID-19_cases_casesByDay","cases","default","all","all",2020,10,44,2020-10-26,23033,FALSE
"infectious_disease","respiratory","COVID-19","Nation","England","E92000001","COVID-19_cases_casesByDay","cases","default","all","all",2020,10,44,2020-10-27,20762,FALSE
"infectious_disease","respiratory","COVID-19","Nation","England","E92000001","COVID-19_cases_casesByDay","cases","default","all","all",2020,10,44,2020-10-28,20548,FALSE
"infectious_disease","respiratory","COVID-19","Nation","England","E92000001","COVID-19_cases_casesByDay","cases","default","all","all",2020,10,44,2020-10-29,20256,FALSE
"infectious_disease","respiratory","COVID-19","Nation","England","E92000001","COVID-19_cases_casesByDay","cases","default","all","all",2020,10,44,2020-10-30,19899,FALSE
"infectious_disease","respiratory","COVID-19","Nation","England","E92000001","COVID-19_cases_casesByDay","cases","default","all","all",2020,10,44,2020-10-31,14565,FALSE
"infectious_disease","respiratory","COVID-19","Nation","England","E92000001","COVID-19_cases_casesByDay","cases","default","all","all",2020,11,44,2020-11-01,13611,FALSE
"infectious_disease","respiratory","COVID-19","Nation","England","E92000001","COVID-19_cases_casesByDay","cases","default","all","all",2020,11,45,2020-11-02,28394,FALSE
"infectious_disease","respiratory","COVID-19","Nation","England","E92000001","COVID-19_cases_casesByDay","cases","default","all","all",2020,11,45,2020-11-03,22690,FALSE
"infectious_disease","respiratory","COVID-19","Nation","England","E92000001","COVID-19_cases_casesByDay","cases","default","all","all",2020,11,45,2020-11-04,21053,FALSE
"infectious_disease","respiratory","COVID-19","Nation","England","E92000001","COVID-19_cases_casesByDay","cases","default","all","all",2020,11,45,2020-11-05,21206,FALSE
"infectious_disease","respiratory","COVID-19","Nation","England","E92000001","COVID-19_cases_casesByDay","cases","default","all","all",2020,11,45,2020-11-06,21179,FALSE
"infectious_disease","respiratory","COVID-19","Nation","England","E92000001","COVID-19_cases_casesByDay","cases","default","all","all",2020,11,45,2020-11-07,16888,FALSE
"infectious_disease","respiratory","COVID-19","Nation","England","E92000001","COVID-19_cases_casesByDay","cases","default","all","all",2020,11,45,2020-11-08,18272,FALSE
"infectious_disease","respiratory","COVID-19","Nation","England","E92000001","COVID-19_cases_casesByDay","cases","default","all","all",2020,11,46,2020-11-09,28562,FALSE
"infectious_disease","respiratory","COVID-19","Nation","England","E92000001","COVID-19_cases_casesByDay","cases","default","all","all",2020,11,46,2020-11-10,24836,FALSE
"infectious_disease","respiratory","COVID-19","Nation","England","E92000001","COVID-19_cases_casesByDay","cases","default","all","all",2020,11,46,2020-11-11,25064,FALSE
"infectious_disease","respiratory","COVID-19","Nation","England","E92000001","COVID-19_cases_casesByDay","cases","default","all","all",2020,11,46,2020-11-12,22320,FALSE
"infectious_disease","respiratory","COVID-19","Nation","England","E92000001","COVID-19_cases_casesByDay","cases","default","all","all",2020,11,46,2020-11-13,22009,FALSE
"infectious_disease","respiratory","COVID-19","Nation","England","E92000001","COVID-19_cases_casesByDay","cases","default","all","all",2020,11,46,2020-11-14,16290,FALSE
"infectious_disease","respiratory","COVID-19","Nation","England","E92000001","COVID-19_cases_casesByDay","cases","default","all","all",2020,11,46,2020-11-15,14430,FALSE
"infectious_disease","respiratory","COVID-19","Nation","England","E92000001","COVID-19_cases_casesByDay","cases","default","all","all",2020,11,47,2020-11-16,24147,FALSE
"infectious_disease","respiratory","COVID-19","Nation","England","E92000001","COVID-19_cases_casesByDay","cases","default","all","all",2020,11,47,2020-11-17,20675,FALSE
"infectious_disease","respiratory","COVID-19","Nation","England","E92000001","COVID-19_cases_casesByDay","cases","default","all","all",2020,11,47,2020-11-18,18545,FALSE
"infectious_disease","respiratory","COVID-19","Nation","England","E92000001","COVID-19_cases_casesByDay","cases","default","all","all",2020,11,47,2020-11-19,15797,FALSE
"infectious_disease","respiratory","COVID-19","Nation","England","E92000001","COVID-19_cases_casesByDay","cases","default","all","all",2020,11,47,2020-11-20,14960,FALSE
"infectious_disease","respiratory","COVID-19","Nation","England","E92000001","COVID-19_cases_casesByDay","cases","default","all","all",2020,11,47,2020-11-21,10806,FALSE
"infectious_disease","respiratory","COVID-19","Nation","England","E92000001","COVID-19_cases_casesByDay","cases","default","all","all",2020,11,47,2020-11-22,10216,FALSE
"infectious_disease","respiratory","COVID-19","Nation","England","E92000001","COVID-19_cases_casesByDay","cases","default","all","all",2020,11,48,2020-11-23,16472,FALSE
"infectious_disease","respiratory","COVID-19","Nation","England","E92000001","COVID-19_cases_casesByDay","cases","default","all","all",2020,11,48,2020-11-24,14267,FALSE
"infectious_disease","respiratory","COVID-19","Nation","England","E92000001","COVID-19_cases_casesByDay","cases","default","all","all",2020,11,48,2020-11-25,14153,FALSE
"infectious_disease","respiratory","COVID-19","Nation","England","E92000001","COVID-19_cases_casesByDay","cases","default","all","all",2020,11,48,2020-11-26,12458,FALSE
"infectious_disease","respiratory","COVID-19","Nation","England","E92000001","COVID-19_cases_casesByDay","cases","default","all","all",2020,11,48,2020-11-27,12459,FALSE
"infectious_disease","respiratory","COVID-19","Nation","England","E92000001","COVID-19_cases_casesByDay","cases","default","all","all",2020,11,48,2020-11-28,9348,FALSE
"infectious_disease","respiratory","COVID-19","Nation","England","E92000001","COVID-19_cases_casesByDay","cases","default","all","all",2020,11,48,2020-11-29,9067,FALSE
"infectious_disease","respiratory","COVID-19","Nation","England","E92000001","COVID-19_cases_casesByDay","cases","default","all","all",2020,11,49,2020-11-30,15228,FALSE
"infectious_disease","respiratory","COVID-19","Nation","England","E92000001","COVID-19_cases_casesByDay","cases","default","all","all",2020,12,49,2020-12-01,13732,FALSE
"infectious_disease","respiratory","COVID-19","Nation","England","E92000001","COVID-19_cases_casesByDay","cases","default","all","all",2020,12,49,2020-12-02,13661,FALSE
"infectious_disease","respiratory","COVID-19","Nation","England","E92000001","COVID-19_cases_casesByDay","cases","default","all","all",2020,12,49,2020-12-03,12761,FALSE
"infectious_disease","respiratory","COVID-19","Nation","England","E92000001","COVID-19_cases_casesByDay","cases","default","all","all",2020,12,49,2020-12-04,13065,FALSE
"infectious_disease","respiratory","COVID-19","Nation","England","E92000001","COVID-19_cases_casesByDay","cases","default","all","all",2020,12,49,2020-12-05,10302,FALSE
"infectious_disease","respiratory","COVID-19","Nation","England","E92000001","COVID-19_cases_casesByDay","cases","default","all","all",2020,12,49,2020-12-06,11036,FALSE
"infectious_disease","respiratory","COVID-19","Nation","England","E92000001","COVID-19_cases_casesByDay","cases","default","all","all",2020,12,50,2020-12-07,17662,FALSE
"infectious_disease","respiratory","COVID-19","Nation","England","E92000001","COVID-19_cases_casesByDay","cases","default","all","all",2020,12,50,2020-12-08,16937,FALSE
"infectious_disease","respiratory","COVID-19","Nation","England","E92000001","COVID-19_cases_casesByDay","cases","default","all","all",2020,12,50,2020-12-09,17744,FALSE
"infectious_disease","respiratory","COVID-19","Nation","England","E92000001","COVID-19_cases_casesByDay","cases","default","all","all",2020,12,50,2020-12-10,18850,FALSE
"infectious_disease","respiratory","COVID-19","Nation","England","E92000001","COVID-19_cases_casesByDay","cases","default","all","all",2020,12,50,2020-12-11,20177,FALSE
"infectious_disease","respiratory","COVID-19","Nation","England","E92000001","COVID-19_cases_casesByDay","cases","default","all","all",2020,12,50,2020-12-12,16268,FALSE
"infectious_disease","respiratory","COVID-19","Nation","England","E92000001","COVID-19_cases_casesByDay","cases","default","all","all",2020,12,50,2020-12-13,18409,FALSE
"infectious_disease","respiratory","COVID-19","Nation","England","E92000001","COVID-19_cases_casesByDay","cases","default","all","all",2020,12,51,2020-12-14,30019,FALSE
"infectious_disease","respiratory","COVID-19","Nation","England","E92000001","COVID-19_cases_casesByDay","cases","default","all","all",2020,12,51,2020-12-15,29652,FALSE
"infectious_disease","respiratory","COVID-19","Nation","England","E92000001","COVID-19_cases_casesByDay","cases","default","all","all",2020,12,51,2020-12-16,30648,FALSE
"infectious_disease","respiratory","COVID-19","Nation","England","E92000001","COVID-19_cases_casesByDay","cases","default","all","all",2020,12,51,2020-12-17,30160,FALSE
"infectious_disease","respiratory","COVID-19","Nation","England","E92000001","COVID-19_cases_casesByDay","cases","default","all","all",2020,12,51,2020-12-18,32426,FALSE
"infectious_disease","respiratory","COVID-19","Nation","England","E92000001","COVID-19_cases_casesByDay","cases","default","all","all",2020,12,51,2020-12-19,22195,FALSE
"infectious_disease","respiratory","COVID-19","Nation","England","E92000001","COVID-19_cases_casesByDay","cases","default","all","all",2020,12,51,2020-12-20,29556,FALSE
"infectious_disease","respiratory","COVID-19","Nation","England","E92000001","COVID-19_cases_casesByDay","cases","default","all","all",2020,12,52,2020-12-21,43446,FALSE
"infectious_disease","respiratory","COVID-19","Nation","England","E92000001","COVID-19_cases_casesByDay","cases","default","all","all",2020,12,52,2020-12-22,41741,FALSE
"infectious_disease","respiratory","COVID-19","Nation","England","E92000001","COVID-19_cases_casesByDay","cases","default","all","all",2020,12,52,2020-12-23,38382,FALSE
"infectious_disease","respiratory","COVID-19","Nation","England","E92000001","COVID-19_cases_casesByDay","cases","default","all","all",2020,12,52,2020-12-24,29287,FALSE
"infectious_disease","respiratory","COVID-19","Nation","England","E92000001","COVID-19_cases_casesByDay","cases","default","all","all",2020,12,52,2020-12-25,12926,FALSE
"infectious_disease","respiratory","COVID-19","Nation","England","E92000001","COVID-19_cases_casesByDay","cases","default","all","all",2020,12,52,2020-12-26,37462,FALSE
"infectious_disease","respiratory","COVID-19","Nation","England","E92000001","COVID-19_cases_casesByDay","cases","default","all","all",2020,12,52,2020-12-27,43250,FALSE
"infectious_disease","respiratory","COVID-19","Nation","England","E92000001","COVID-19_cases_casesByDay","cases","default","all","all",2020,12,53,2020-12-28,40845,FALSE
"infectious_disease","respiratory","COVID-19","Nation","England","E92000001","COVID-19_cases_casesByDay","cases","default","all","all",2020,12,53,2020-12-29,74058,FALSE
"infectious_disease","respiratory","COVID-19","Nation","England","E92000001","COVID-19_cases_casesByDay","cases","default","all","all",2020,12,53,2020-12-30,64243,FALSE
"infectious_disease","respiratory","COVID-19","Nation","England","E92000001","COVID-19_cases_casesByDay","cases","default","all","all",2020,12,53,2020-12-31,47824,FALSE
"infectious_disease","respiratory","COVID-19","Nation","England","E92000001","COVID-19_cases_casesByDay","cases","default","all","all",2021,1,53,2021-01-01,28879,FALSE
"infectious_disease","respiratory","COVID-19","Nation","England","E92000001","COVID-19_cases_casesByDay","cases","default","all","all",2021,1,53,2021-01-02,55429,FALSE
"infectious_disease","respiratory","COVID-19","Nation","England","E92000001","COVID-19_cases_casesByDay","cases","default","all","all",2021,1,53,2021-01-03,50664,FALSE
"infectious_disease","respiratory","COVID-19","Nation","England","E92000001","COVID-19_cases_casesByDay","cases","default","all","all",2021,1,1,2021-01-04,70920,FALSE
"infectious_disease","respiratory","COVID-19","Nation","England","E92000001","COVID-19_cases_casesByDay","cases","default","all","all",2021,1,1,2021-01-05,59601,FALSE
"infectious_disease","respiratory","COVID-19","Nation","England","E92000001","COVID-19_cases_casesByDay","cases","default","all","all",2021,1,1,2021-01-06,52752,FALSE
"infectious_disease","respiratory","COVID-19","Nation","England","E92000001","COVID-19_cases_casesByDay","cases","default","all","all",2021,1,1,2021-01-07,48132,FALSE
"infectious_disease","respiratory","COVID-19","Nation","England","E92000001","COVID-19_cases_casesByDay","cases","default","all","all",2021,1,1,2021-01-08,43494,FALSE
"infectious_disease","respiratory","COVID-19","Nation","England","E92000001","COVID-19_cases_casesByDay","cases","default","all","all",2021,1,1,2021-01-09,36420,FALSE
"infectious_disease","respiratory","COVID-19","Nation","England","E92000001","COVID-19_cases_casesByDay","cases","default","all","all",2021,1,1,2021-01-10,33749,FALSE
"infectious_disease","respiratory","COVID-19","Nation","England","E92000001","COVID-19_cases_casesByDay","cases","default","all","all",2021,1,2,2021-01-11,53519,FALSE
"infectious_disease","respiratory","COVID-19","Nation","England","E92000001","COVID-19_cases_casesByDay","cases","default","all","all",2021,1,2,2021-01-12,45968,FALSE
"infectious_disease","respiratory","COVID-19","Nation","England","E92000001","COVID-19_cases_casesByDay","cases","default","all","all",2021,1,2,2021-01-13,42302,FALSE
"infectious_disease","respiratory","COVID-19","Nation","England","E92000001","COVID-19_cases_casesByDay","cases","default","all","all",2021,1,2,2021-01-14,39660,FALSE
"infectious_disease","respiratory","COVID-19","Nation","England","E92000001","COVID-19_cases_casesByDay","cases","default","all","all",2021,1,2,2021-01-15,37878,FALSE
"infectious_disease","respiratory","COVID-19","Nation","England","E92000001","COVID-19_cases_casesByDay","cases","default","all","all",2021,1,2,2021-01-16,28413,FALSE
"infectious_disease","respiratory","COVID-19","Nation","England","E92000001","COVID-19_cases_casesByDay","cases","default","all","all",2021,1,2,2021-01-17,26976,FALSE
"infectious_disease","respiratory","COVID-19","Nation","England","E92000001","COVID-19_cases_casesByDay","cases","default","all","all",2021,1,3,2021-01-18,41936,FALSE
"infectious_disease","respiratory","COVID-19","Nation","England","E92000001","COVID-19_cases_casesByDay","cases","default","all","all",2021,1,3,2021-01-19,37054,FALSE
"infectious_disease","respiratory","COVID-19","Nation","England","E92000001","COVID-19_cases_casesByDay","cases","default","all","all",2021,1,3,2021-01-20,32678,FALSE
"infectious_disease","respiratory","COVID-19","Nation","England","E92000001","COVID-19_cases_casesByDay","cases","default","all","all",2021,1,3,2021-01-21,29632,FALSE
"infectious_disease","respiratory","COVID-19","Nation","England","E92000001","COVID-19_cases_casesByDay","cases","default","all","all",2021,1,3,2021-01-22,27741,FALSE
"infectious_disease","respiratory","COVID-19","Nation","England","E92000001","COVID-19_cases_casesByDay","cases","default","all","all",2021,1,3,2021-01-23,20425,FALSE
"infectious_disease","respiratory","COVID-19","Nation","England","E92000001","COVID-19_cases_casesByDay","cases","default","all","all",2021,1,3,2021-01-24,15883,FALSE
"infectious_disease","respiratory","COVID-19","Nation","England","E92000001","COVID-19_cases_casesByDay","cases","default","all","all",2021,1,4,2021-01-25,27972,FALSE
"infectious_disease","respiratory","COVID-19","Nation","England","E92000001","COVID-19_cases_casesByDay","cases","default","all","all",2021,1,4,2021-01-26,25209,FALSE
"infectious_disease","respiratory","COVID-19","Nation","England","E92000001","COVID-19_cases_casesByDay","cases","default","all","all",2021,1,4,2021-01-27,23899,FALSE
"infectious_disease","respiratory","COVID-19","Nation","England","E92000001","COVID-19_cases_casesByDay","cases","default","all","all",2021,1,4,2021-01-28,22523,FALSE
"infectious_disease","respiratory","COVID-19","Nation","England","E92000001","COVID-19_cases_casesByDay","cases","default","all","all",2021,1,4,2021-01-29,20363,FALSE
"infectious_disease","respiratory","COVID-19","Nation","England","E92000001","COVID-19_cases_casesByDay","cases","default","all","all",2021,1,4,2021-01-30,15524,FALSE
"infectious_disease","respiratory","COVID-19","Nation","England","E92000001","COVID-19_cases_casesByDay","cases","default","all","all",2021,1,4,2021-01-31,14138,FALSE
"infectious_disease","respiratory","COVID-19","Nation","England","E92000001","COVID-19_cases_casesByDay","cases","default","all","all",2021,2,5,2021-02-01,20764,FALSE
"infectious_disease","respiratory","COVID-19","Nation","England","E92000001","COVID-19_cases_casesByDay","cases","default","all","all",2021,2,5,2021-02-02,18193,FALSE
"infectious_disease","respiratory","COVID-19","Nation","England","E92000001","COVID-19_cases_casesByDay","cases","default","all","all",2021,2,5,2021-02-03,17948,FALSE
"infectious_disease","respiratory","COVID-19","Nation","England","E92000001","COVID-19_cases_casesByDay","cases","default","all","all",2021,2,5,2021-02-04,16717,FALSE
"infectious_disease","respiratory","COVID-19","Nation","England","E92000001","COVID-19_cases_casesByDay","cases","default","all","all",2021,2,5,2021-02-05,14461,FALSE
"infectious_disease","respiratory","COVID-19","Nation","England","E92000001","COVID-19_cases_casesByDay","cases","default","all","all",2021,2,5,2021-02-06,10951,FALSE
"infectious_disease","respiratory","COVID-19","Nation","England","E92000001","COVID-19_cases_casesByDay","cases","default","all","all",2021,2,5,2021-02-07,10458,FALSE
"infectious_disease","respiratory","COVID-19","Nation","England","E92000001","COVID-19_cases_casesByDay","cases","default","all","all",2021,2,6,2021-02-08,14370,FALSE
"infectious_disease","respiratory","COVID-19","Nation","England","E92000001","COVID-19_cases_casesByDay","cases","default","all","all",2021,2,6,2021-02-09,12696,FALSE
"infectious_disease","respiratory","COVID-19","Nation","England","E92000001","COVID-19_cases_casesByDay","cases","default","all","all",2021,2,6,2021-02-10,12272,FALSE
"infectious_disease","respiratory","COVID-19","Nation","England","E92000001","COVID-19_cases_casesByDay","cases","default","all","all",2021,2,6,2021-02-11,11637,FALSE
"infectious_disease","respiratory","COVID-19","Nation","England","E92000001","COVID-19_cases_casesByDay","cases","default","all","all",2021,2,6,2021-02-12,10986,FALSE
"infectious_disease","respiratory","COVID-19","Nation","England","E92000001","COVID-19_cases_casesByDay","cases","default","all","all",2021,2,6,2021-02-13,8025,FALSE
"infectious_disease","respiratory","COVID-19","Nation","England","E92000001","COVID-19_cases_casesByDay","cases","default","all","all",2021,2,6,2021-02-14,7781,FALSE
"infectious_disease","respiratory","COVID-19","Nation","England","E92000001","COVID-19_cases_casesByDay","cases","default","all","all",2021,2,7,2021-02-15,12953,FALSE
"infectious_disease","respiratory","COVID-19","Nation","England","E92000001","COVID-19_cases_casesByDay","cases","default","all","all",2021,2,7,2021-02-16,11268,FALSE
"infectious_disease","respiratory","COVID-19","Nation","England","E92000001","COVID-19_cases_casesByDay","cases","default","all","all",2021,2,7,2021-02-17,10419,FALSE
"infectious_disease","respiratory","COVID-19","Nation","England","E92000001","COVID-19_cases_casesByDay","cases","default","all","all",2021,2,7,2021-02-18,10303,FALSE
"infectious_disease","respiratory","COVID-19","Nation","England","E92000001","COVID-19_cases_casesByDay","cases","default","all","all",2021,2,7,2021-02-19,9246,FALSE
"infectious_disease","respiratory","COVID-19","Nation","England","E92000001","COVID-19_cases_casesByDay","cases","default","all","all",2021,2,7,2021-02-20,7161,FALSE
"infectious_disease","respiratory","COVID-19","Nation","England","E92000001","COVID-19_cases_casesByDay","cases","default","all","all",2021,2,7,2021-02-21,7033,FALSE
"infectious_disease","respiratory","COVID-19","Nation","England","E92000001","COVID-19_cases_casesByDay","cases","default","all","all",2021,2,8,2021-02-22,10279,FALSE
"infectious_disease","respiratory","COVID-19","Nation","England","E92000001","COVID-19_cases_casesByDay","cases","default","all","all",2021,2,8,2021-02-23,8536,FALSE
"infectious_disease","respiratory","COVID-19","Nation","England","E92000001","COVID-19_cases_casesByDay","cases","default","all","all",2021,2,8,2021-02-24,7620,FALSE
"infectious_disease","respiratory","COVID-19","Nation","England","E92000001","COVID-19_cases_casesByDay","cases","default","all","all",2021,2,8,2021-02-25,6933,FALSE
"infectious_disease","respiratory","COVID-19","Nation","England","E92000001","COVID-19_cases_casesByDay","cases","default","all","all",2021,2,8,2021-02-26,5883,FALSE
"infectious_disease","respiratory","COVID-19","Nation","England","E92000001","COVID-19_cases_casesByDay","cases","default","all","all",2021,2,8,2021-02-27,4254,FALSE
"infectious_disease","respiratory","COVID-19","Nation","England","E92000001","COVID-19_cases_casesByDay","cases","default","all","all",2021,2,8,2021-02-28,4112,FALSE
"infectious_disease","respiratory","COVID-19","Nation","England","E92000001","COVID-19_cases_casesByDay","cases","default","all","all",2021,3,9,2021-03-01,6215,FALSE
"infectious_disease","respiratory","COVID-19","Nation","England","E92000001","COVID-19_cases_casesByDay","cases","default","all","all",2021,3,9,2021-03-02,5950,FALSE
"infectious_disease","respiratory","COVID-19","Nation","England","E92000001","COVID-19_cases_casesByDay","cases","default","all","all",2021,3,9,2021-03-03,5305,FALSE
"infectious_disease","respiratory","COVID-19","Nation","England","E92000001","COVID-19_cases_casesByDay","cases","default","all","all",2021,3,9,2021-03-04,5011,FALSE
"infectious_disease","respiratory","COVID-19","Nation","England","E92000001","COVID-19_cases_casesByDay","cases","default","all","all",2021,3,9,2021-03-05,4728,FALSE
"infectious_disease","respiratory","COVID-19","Nation","England","E92000001","COVID-19_cases_casesByDay","cases","default","all","all",2021,3,9,2021-03-06,3832,FALSE
"infectious_disease","respiratory","COVID-19","Nation","England","E92000001","COVID-19_cases_casesByDay","cases","default","all","all",2021,3,9,2021-03-07,3677,FALSE
"infectious_disease","respiratory","COVID-19","Nation","England","E92000001","COVID-19_cases_casesByDay","cases","default","all","all",2021,3,10,2021-03-08,5818,FALSE
"infectious_disease","respiratory","COVID-19","Nation","England","E92000001","COVID-19_cases_casesByDay","cases","default","all","all",2021,3,10,2021-03-09,5488,FALSE
"infectious_disease","respiratory","COVID-19","Nation","England","E92000001","COVID-19_cases_casesByDay","cases","default","all","all",2021,3,10,2021-03-10,5222,FALSE
"infectious_disease","respiratory","COVID-19","Nation","England","E92000001","COVID-19_cases_casesByDay","cases","default","all","all",2021,3,10,2021-03-11,4848,FALSE
"infectious_disease","respiratory","COVID-19","Nation","England","E92000001","COVID-19_cases_casesByDay","cases","default","all","all",2021,3,10,2021-03-12,4767,FALSE
"infectious_disease","respiratory","COVID-19","Nation","England","E92000001","COVID-19_cases_casesByDay","cases","default","all","all",2021,3,10,2021-03-13,3592,FALSE
"infectious_disease","respiratory","COVID-19","Nation","England","E92000001","COVID-19_cases_casesByDay","cases","default","all","all",2021,3,10,2021-03-14,3707,FALSE
"infectious_disease","respiratory","COVID-19","Nation","England","E92000001","COVID-19_cases_casesByDay","cases","default","all","all",2021,3,11,2021-03-15,5643,FALSE
"infectious_disease","respiratory","COVID-19","Nation","England","E92000001","COVID-19_cases_casesByDay","cases","default","all","all",2021,3,11,2021-03-16,4933,FALSE
"infectious_disease","respiratory","COVID-19","Nation","England","E92000001","COVID-19_cases_casesByDay","cases","default","all","all",2021,3,11,2021-03-17,5047,FALSE
"infectious_disease","respiratory","COVID-19","Nation","England","E92000001","COVID-19_cases_casesByDay","cases","default","all","all",2021,3,11,2021-03-18,4689,FALSE
"infectious_disease","respiratory","COVID-19","Nation","England","E92000001","COVID-19_cases_casesByDay","cases","default","all","all",2021,3,11,2021-03-19,4333,FALSE
"infectious_disease","respiratory","COVID-19","Nation","England","E92000001","COVID-19_cases_casesByDay","cases","default","all","all",2021,3,11,2021-03-20,3514,FALSE
"infectious_disease","respiratory","COVID-19","Nation","England","E92000001","COVID-19_cases_casesByDay","cases","default","all","all",2021,3,11,2021-03-21,4679,FALSE
"infectious_disease","respiratory","COVID-19","Nation","England","E92000001","COVID-19_cases_casesByDay","cases","default","all","all",2021,3,12,2021-03-22,5400,FALSE
"infectious_disease","respiratory","COVID-19","Nation","England","E92000001","COVID-19_cases_casesByDay","cases","default","all","all",2021,3,12,2021-03-23,4566,FALSE
"infectious_disease","respiratory","COVID-19","Nation","England","E92000001","COVID-19_cases_casesByDay","cases","default","all","all",2021,3,12,2021-03-24,5321,FALSE
"infectious_disease","respiratory","COVID-19","Nation","England","E92000001","COVID-19_cases_casesByDay","cases","default","all","all",2021,3,12,2021-03-25,4674,FALSE
"infectious_disease","respiratory","COVID-19","Nation","England","E92000001","COVID-19_cases_casesByDay","cases","default","all","all",2021,3,12,2021-03-26,3803,FALSE
"infectious_disease","respiratory","COVID-19","Nation","England","E92000001","COVID-19_cases_casesByDay","cases","default","all","all",2021,3,12,2021-03-27,3136,FALSE
"infectious_disease","respiratory","COVID-19","Nation","England","E92000001","COVID-19_cases_casesByDay","cases","default","all","all",2021,3,12,2021-03-28,4477,FALSE
"infectious_disease","respiratory","COVID-19","Nation","England","E92000001","COVID-19_cases_casesByDay","cases","default","all","all",2021,3,13,2021-03-29,3422,FALSE
"infectious_disease","respiratory","COVID-19","Nation","England","E92000001","COVID-19_cases_casesByDay","cases","default","all","all",2021,3,13,2021-03-30,3135,FALSE
"infectious_disease","respiratory","COVID-19","Nation","England","E92000001","COVID-19_cases_casesByDay","cases","default","all","all",2021,3,13,2021-03-31,3340,FALSE
"infectious_disease","respiratory","COVID-19","Nation","England","E92000001","COVID-19_cases_casesByDay","cases","default","all","all",2021,4,13,2021-04-01,3067,FALSE
"infectious_disease","respiratory","COVID-19","Nation","England","E92000001","COVID-19_cases_casesByDay","cases","default","all","all",2021,4,13,2021-04-02,2248,FALSE
"infectious_disease","respiratory","COVID-19","Nation","England","E92000001","COVID-19_cases_casesByDay","cases","default","all","all",2021,4,13,2021-04-03,2121,FALSE
"infectious_disease","respiratory","COVID-19","Nation","England","E92000001","COVID-19_cases_casesByDay","cases","default","all","all",2021,4,13,2021-04-04,2042,FALSE
"infectious_disease","respiratory","COVID-19","Nation","England","E92000001","COVID-19_cases_casesByDay","cases","default","all","all",2021,4,14,2021-04-05,2314,FALSE
"infectious_disease","respiratory","COVID-19","Nation","England","E92000001","COVID-19_cases_casesByDay","cases","default","all","all",2021,4,14,2021-04-06,2756,FALSE
"infectious_disease","respiratory","COVID-19","Nation","England","E92000001","COVID-19_cases_casesByDay","cases","default","all","all",2021,4,14,2021-04-07,2752,FALSE
"infectious_disease","respiratory","COVID-19","Nation","England","E92000001","COVID-19_cases_casesByDay","cases","default","all","all",2021,4,14,2021-04-08,2651,FALSE
"infectious_disease","respiratory","COVID-19","Nation","England","E92000001","COVID-19_cases_casesByDay","cases","default","all","all",2021,4,14,2021-04-09,2482,FALSE
"infectious_disease","respiratory","COVID-19","Nation","England","E92000001","COVID-19_cases_casesByDay","cases","default","all","all",2021,4,14,2021-04-10,2009,FALSE
"infectious_disease","respiratory","COVID-19","Nation","England","E92000001","COVID-19_cases_casesByDay","cases","default","all","all",2021,4,14,2021-04-11,2020,FALSE
"infectious_disease","respiratory","COVID-19","Nation","England","E92000001","COVID-19_cases_casesByDay","cases","default","all","all",2021,4,15,2021-04-12,2399,FALSE
"infectious_disease","respiratory","COVID-19","Nation","England","E92000001","COVID-19_cases_casesByDay","cases","default","all","all",2021,4,15,2021-04-13,2060,FALSE
"infectious_disease","respiratory","COVID-19","Nation","England","E92000001","COVID-19_cases_casesByDay","cases","default","all","all",2021,4,15,2021-04-14,2068,FALSE
"infectious_disease","respiratory","COVID-19","Nation","England","E92000001","COVID-19_cases_casesByDay","cases","default","all","all",2021,4,15,2021-04-15,1959,FALSE
"infectious_disease","respiratory","COVID-19","Nation","England","E92000001","COVID-19_cases_casesByDay","cases","default","all","all",2021,4,15,2021-04-16,1963,FALSE
"infectious_disease","respiratory","COVID-19","Nation","England","E92000001","COVID-19_cases_casesByDay","cases","default","all","all",2021,4,15,2021-04-17,1398,FALSE
"infectious_disease","respiratory","COVID-19","Nation","England","E92000001","COVID-19_cases_casesByDay","cases","default","all","all",2021,4,15,2021-04-18,2281,FALSE
"infectious_disease","respiratory","COVID-19","Nation","England","E92000001","COVID-19_cases_casesByDay","cases","default","all","all",2021,4,16,2021-04-19,2268,FALSE
"infectious_disease","respiratory","COVID-19","Nation","England","E92000001","COVID-19_cases_casesByDay","cases","default","all","all",2021,4,16,2021-04-20,2112,FALSE
"infectious_disease","respiratory","COVID-19","Nation","England","E92000001","COVID-19_cases_casesByDay","cases","default","all","all",2021,4,16,2021-04-21,2298,FALSE
"infectious_disease","respiratory","COVID-19","Nation","England","E92000001","COVID-19_cases_casesByDay","cases","default","all","all",2021,4,16,2021-04-22,2032,FALSE
"infectious_disease","respiratory","COVID-19","Nation","England","E92000001","COVID-19_cases_casesByDay","cases","default","all","all",2021,4,16,2021-04-23,1701,FALSE
"infectious_disease","respiratory","COVID-19","Nation","England","E92000001","COVID-19_cases_casesByDay","cases","default","all","all",2021,4,16,2021-04-24,1300,FALSE
"infectious_disease","respiratory","COVID-19","Nation","England","E92000001","COVID-19_cases_casesByDay","cases","default","all","all",2021,4,16,2021-04-25,1897,FALSE
"infectious_disease","respiratory","COVID-19","Nation","England","E92000001","COVID-19_cases_casesByDay","cases","default","all","all",2021,4,17,2021-04-26,2267,FALSE
"infectious_disease","respiratory","COVID-19","Nation","England","E92000001","COVID-19_cases_casesByDay","cases","default","all","all",2021,4,17,2021-04-27,1809,FALSE
"infectious_disease","respiratory","COVID-19","Nation","England","E92000001","COVID-19_cases_casesByDay","cases","default","all","all",2021,4,17,2021-04-28,2153,FALSE
"infectious_disease","respiratory","COVID-19","Nation","England","E92000001","COVID-19_cases_casesByDay","cases","default","all","all",2021,4,17,2021-04-29,1901,FALSE
"infectious_disease","respiratory","COVID-19","Nation","England","E92000001","COVID-19_cases_casesByDay","cases","default","all","all",2021,4,17,2021-04-30,1528,FALSE
"infectious_disease","respiratory","COVID-19","Nation","England","E92000001","COVID-19_cases_casesByDay","cases","default","all","all",2021,5,17,2021-05-01,1211,FALSE
"infectious_disease","respiratory","COVID-19","Nation","England","E92000001","COVID-19_cases_casesByDay","cases","default","all","all",2021,5,17,2021-05-02,1305,FALSE
"infectious_disease","respiratory","COVID-19","Nation","England","E92000001","COVID-19_cases_casesByDay","cases","default","all","all",2021,5,18,2021-05-03,1806,FALSE
"infectious_disease","respiratory","COVID-19","Nation","England","E92000001","COVID-19_cases_casesByDay","cases","default","all","all",2021,5,18,2021-05-04,2200,FALSE
"infectious_disease","respiratory","COVID-19","Nation","England","E92000001","COVID-19_cases_casesByDay","cases","default","all","all",2021,5,18,2021-05-05,2203,FALSE
"infectious_disease","respiratory","COVID-19","Nation","England","E92000001","COVID-19_cases_casesByDay","cases","default","all","all",2021,5,18,2021-05-06,1967,FALSE
"infectious_disease","respiratory","COVID-19","Nation","England","E92000001","COVID-19_cases_casesByDay","cases","default","all","all",2021,5,18,2021-05-07,1657,FALSE
"infectious_disease","respiratory","COVID-19","Nation","England","E92000001","COVID-19_cases_casesByDay","cases","default","all","all",2021,5,18,2021-05-08,1301,FALSE
"infectious_disease","respiratory","COVID-19","Nation","England","E92000001","COVID-19_cases_casesByDay","cases","default","all","all",2021,5,18,2021-05-09,1985,FALSE
"infectious_disease","respiratory","COVID-19","Nation","England","E92000001","COVID-19_cases_casesByDay","cases","default","all","all",2021,5,19,2021-05-10,2325,FALSE
"infectious_disease","respiratory","COVID-19","Nation","England","E92000001","COVID-19_cases_casesByDay","cases","default","all","all",2021,5,19,2021-05-11,1872,FALSE
"infectious_disease","respiratory","COVID-19","Nation","England","E92000001","COVID-19_cases_casesByDay","cases","default","all","all",2021,5,19,2021-05-12,1869,FALSE
"infectious_disease","respiratory","COVID-19","Nation","England","E92000001","COVID-19_cases_casesByDay","cases","default","all","all",2021,5,19,2021-05-13,1737,FALSE
"infectious_disease","respiratory","COVID-19","Nation","England","E92000001","COVID-19_cases_casesByDay","cases","default","all","all",2021,5,19,2021-05-14,1540,FALSE
"infectious_disease","respiratory","COVID-19","Nation","England","E92000001","COVID-19_cases_casesByDay","cases","default","all","all",2021,5,19,2021-05-15,1306,FALSE
"infectious_disease","respiratory","COVID-19","Nation","England","E92000001","COVID-19_cases_casesByDay","cases","default","all","all",2021,5,19,2021-05-16,1587,FALSE
"infectious_disease","respiratory","COVID-19","Nation","England","E92000001","COVID-19_cases_casesByDay","cases","default","all","all",2021,5,20,2021-05-17,2341,FALSE
"infectious_disease","respiratory","COVID-19","Nation","England","E92000001","COVID-19_cases_casesByDay","cases","default","all","all",2021,5,20,2021-05-18,2241,FALSE
"infectious_disease","respiratory","COVID-19","Nation","England","E92000001","COVID-19_cases_casesByDay","cases","default","all","all",2021,5,20,2021-05-19,2261,FALSE
"infectious_disease","respiratory","COVID-19","Nation","England","E92000001","COVID-19_cases_casesByDay","cases","default","all","all",2021,5,20,2021-05-20,2000,FALSE
"infectious_disease","respiratory","COVID-19","Nation","England","E92000001","COVID-19_cases_casesByDay","cases","default","all","all",2021,5,20,2021-05-21,1872,FALSE
"infectious_disease","respiratory","COVID-19","Nation","England","E92000001","COVID-19_cases_casesByDay","cases","default","all","all",2021,5,20,2021-05-22,1606,FALSE
"infectious_disease","respiratory","COVID-19","Nation","England","E92000001","COVID-19_cases_casesByDay","cases","default","all","all",2021,5,20,2021-05-23,1918,FALSE
"infectious_disease","respiratory","COVID-19","Nation","England","E92000001","COVID-19_cases_casesByDay","cases","default","all","all",2021,5,21,2021-05-24,2750,FALSE
"infectious_disease","respiratory","COVID-19","Nation","England","E92000001","COVID-19_cases_casesByDay","cases","default","all","all",2021,5,21,2021-05-25,2797,FALSE
"infectious_disease","respiratory","COVID-19","Nation","England","E92000001","COVID-19_cases_casesByDay","cases","default","all","all",2021,5,21,2021-05-26,3179,FALSE
"infectious_disease","respiratory","COVID-19","Nation","England","E92000001","COVID-19_cases_casesByDay","cases","default","all","all",2021,5,21,2021-05-27,3075,FALSE
"infectious_disease","respiratory","COVID-19","Nation","England","E92000001","COVID-19_cases_casesByDay","cases","default","all","all",2021,5,21,2021-05-28,2929,FALSE
"infectious_disease","respiratory","COVID-19","Nation","England","E92000001","COVID-19_cases_casesByDay","cases","default","all","all",2021,5,21,2021-05-29,2462,FALSE
"infectious_disease","respiratory","COVID-19","Nation","England","E92000001","COVID-19_cases_casesByDay","cases","default","all","all",2021,5,21,2021-05-30,2598,FALSE
"infectious_disease","respiratory","COVID-19","Nation","England","E92000001","COVID-19_cases_casesByDay","cases","default","all","all",2021,5,22,2021-05-31,3170,FALSE
"infectious_disease","respiratory","COVID-19","Nation","England","E92000001","COVID-19_cases_casesByDay","cases","default","all","all",2021,6,22,2021-06-01,4515,FALSE
"infectious_disease","respiratory","COVID-19","Nation","England","E92000001","COVID-19_cases_casesByDay","cases","default","all","all",2021,6,22,2021-06-02,5039,FALSE
"infectious_disease","respiratory","COVID-19","Nation","England","E92000001","COVID-19_cases_casesByDay","cases","default","all","all",2021,6,22,2021-06-03,5131,FALSE
"infectious_disease","respiratory","COVID-19","Nation","England","E92000001","COVID-19_cases_casesByDay","cases","default","all","all",2021,6,22,2021-06-04,4886,FALSE
"infectious_disease","respiratory","COVID-19","Nation","England","E92000001","COVID-19_cases_casesByDay","cases","default","all","all",2021,6,22,2021-06-05,3964,FALSE
"infectious_disease","respiratory","COVID-19","Nation","England","E92000001","COVID-19_cases_casesByDay","cases","default","all","all",2021,6,22,2021-06-06,4730,FALSE
"infectious_disease","respiratory","COVID-19","Nation","England","E92000001","COVID-19_cases_casesByDay","cases","default","all","all",2021,6,23,2021-06-07,6791,FALSE
"infectious_disease","respiratory","COVID-19","Nation","England","E92000001","COVID-19_cases_casesByDay","cases","default","all","all",2021,6,23,2021-06-08,6627,FALSE
"infectious_disease","respiratory","COVID-19","Nation","England","E92000001","COVID-19_cases_casesByDay","cases","default","all","all",2021,6,23,2021-06-09,6919,FALSE
"infectious_disease","respiratory","COVID-19","Nation","England","E92000001","COVID-19_cases_casesByDay","cases","default","all","all",2021,6,23,2021-06-10,6718,FALSE
"infectious_disease","respiratory","COVID-19","Nation","England","E92000001","COVID-19_cases_casesByDay","cases","default","all","all",2021,6,23,2021-06-11,6510,FALSE
"infectious_disease","respiratory","COVID-19","Nation","England","E92000001","COVID-19_cases_casesByDay","cases","default","all","all",2021,6,23,2021-06-12,5422,FALSE
"infectious_disease","respiratory","COVID-19","Nation","England","E92000001","COVID-19_cases_casesByDay","cases","default","all","all",2021,6,23,2021-06-13,6075,FALSE
"infectious_disease","respiratory","COVID-19","Nation","England","E92000001","COVID-19_cases_casesByDay","cases","default","all","all",2021,6,24,2021-06-14,8941,FALSE
"infectious_disease","respiratory","COVID-19","Nation","England","E92000001","COVID-19_cases_casesByDay","cases","default","all","all",2021,6,24,2021-06-15,9153,FALSE
"infectious_disease","respiratory","COVID-19","Nation","England","E92000001","COVID-19_cases_casesByDay","cases","default","all","all",2021,6,24,2021-06-16,9411,FALSE
"infectious_disease","respiratory","COVID-19","Nation","England","E92000001","COVID-19_cases_casesByDay","cases","default","all","all",2021,6,24,2021-06-17,9523,FALSE
"infectious_disease","respiratory","COVID-19","Nation","England","E92000001","COVID-19_cases_casesByDay","cases","default","all","all",2021,6,24,2021-06-18,8770,FALSE
"infectious_disease","respiratory","COVID-19","Nation","England","E92000001","COVID-19_cases_casesByDay","cases","default","all","all",2021,6,24,2021-06-19,7127,FALSE
"infectious_disease","respiratory","COVID-19","Nation","England","E92000001","COVID-19_cases_casesByDay","cases","default","all","all",2021,6,24,2021-06-20,8203,FALSE
"infectious_disease","respiratory","COVID-19","Nation","England","E92000001","COVID-19_cases_casesByDay","cases","default","all","all",2021,6,25,2021-06-21,12707,FALSE
"infectious_disease","respiratory","COVID-19","Nation","England","E92000001","COVID-19_cases_casesByDay","cases","default","all","all",2021,6,25,2021-06-22,13563,FALSE
"infectious_disease","respiratory","COVID-19","Nation","England","E92000001","COVID-19_cases_casesByDay","cases","default","all","all",2021,6,25,2021-06-23,14806,FALSE
"infectious_disease","respiratory","COVID-19","Nation","England","E92000001","COVID-19_cases_casesByDay","cases","default","all","all",2021,6,25,2021-06-24,15084,FALSE
"infectious_disease","respiratory","COVID-19","Nation","England","E92000001","COVID-19_cases_casesByDay","cases","default","all","all",2021,6,25,2021-06-25,14901,FALSE
"infectious_disease","respiratory","COVID-19","Nation","England","E92000001","COVID-19_cases_casesByDay","cases","default","all","all",2021,6,25,2021-06-26,13486,FALSE
"infectious_disease","respiratory","COVID-19","Nation","England","E92000001","COVID-19_cases_casesByDay","cases","default","all","all",2021,6,25,2021-06-27,15407,FALSE
"infectious_disease","respiratory","COVID-19","Nation","England","E92000001","COVID-19_cases_casesByDay","cases","default","all","all",2021,6,26,2021-06-28,23511,FALSE
"infectious_disease","respiratory","COVID-19","Nation","England","E92000001","COVID-19_cases_casesByDay","cases","default","all","all",2021,6,26,2021-06-29,23250,FALSE
"infectious_disease","respiratory","COVID-19","Nation","England","E92000001","COVID-19_cases_casesByDay","cases","default","all","all",2021,6,26,2021-06-30,23941,FALSE
"infectious_disease","respiratory","COVID-19","Nation","England","E92000001","COVID-19_cases_casesByDay","cases","default","all","all",2021,7,26,2021-07-01,24267,FALSE
"infectious_disease","respiratory","COVID-19","Nation","England","E92000001","COVID-19_cases_casesByDay","cases","default","all","all",2021,7,26,2021-07-02,22287,FALSE
"infectious_disease","respiratory","COVID-19","Nation","England","E92000001","COVID-19_cases_casesByDay","cases","default","all","all",2021,7,26,2021-07-03,20638,FALSE
"infectious_disease","respiratory","COVID-19","Nation","England","E92000001","COVID-19_cases_casesByDay","cases","default","all","all",2021,7,26,2021-07-04,21806,FALSE
"infectious_disease","respiratory","COVID-19","Nation","England","E92000001","COVID-19_cases_casesByDay","cases","default","all","all",2021,7,27,2021-07-05,30215,FALSE
"infectious_disease","respiratory","COVID-19","Nation","England","E92000001","COVID-19_cases_casesByDay","cases","default","all","all",2021,7,27,2021-07-06,31626,FALSE
"infectious_disease","respiratory","COVID-19","Nation","England","E92000001","COVID-19_cases_casesByDay","cases","default","all","all",2021,7,27,2021-07-07,34274,FALSE
"infectious_disease","respiratory","COVID-19","Nation","England","E92000001","COVID-19_cases_casesByDay","cases","default","all","all",2021,7,27,2021-07-08,29929,FALSE
"infectious_disease","respiratory","COVID-19","Nation","England","E92000001","COVID-19_cases_casesByDay","cases","default","all","all",2021,7,27,2021-07-09,29050,FALSE
"infectious_disease","respiratory","COVID-19","Nation","England","E92000001","COVID-19_cases_casesByDay","cases","default","all","all",2021,7,27,2021-07-10,25411,FALSE
"infectious_disease","respiratory","COVID-19","Nation","England","E92000001","COVID-19_cases_casesByDay","cases","default","all","all",2021,7,27,2021-07-11,27418,FALSE
"infectious_disease","respiratory","COVID-19","Nation","England","E92000001","COVID-19_cases_casesByDay","cases","default","all","all",2021,7,28,2021-07-12,40477,FALSE
"infectious_disease","respiratory","COVID-19","Nation","England","E92000001","COVID-19_cases_casesByDay","cases","default","all","all",2021,7,28,2021-07-13,43247,FALSE
"infectious_disease","respiratory","COVID-19","Nation","England","E92000001","COVID-19_cases_casesByDay","cases","default","all","all",2021,7,28,2021-07-14,50320,FALSE
"infectious_disease","respiratory","COVID-19","Nation","England","E92000001","COVID-19_cases_casesByDay","cases","default","all","all",2021,7,28,2021-07-15,57583,FALSE
"infectious_disease","respiratory","COVID-19","Nation","England","E92000001","COVID-19_cases_casesByDay","cases","default","all","all",2021,7,28,2021-07-16,51138,FALSE
"infectious_disease","respiratory","COVID-19","Nation","England","E92000001","COVID-19_cases_casesByDay","cases","default","all","all",2021,7,28,2021-07-17,35281,FALSE
"infectious_disease","respiratory","COVID-19","Nation","England","E92000001","COVID-19_cases_casesByDay","cases","default","all","all",2021,7,28,2021-07-18,33164,FALSE
"infectious_disease","respiratory","COVID-19","Nation","England","E92000001","COVID-19_cases_casesByDay","cases","default","all","all",2021,7,29,2021-07-19,43401,FALSE
"infectious_disease","respiratory","COVID-19","Nation","England","E92000001","COVID-19_cases_casesByDay","cases","default","all","all",2021,7,29,2021-07-20,35947,FALSE
"infectious_disease","respiratory","COVID-19","Nation","England","E92000001","COVID-19_cases_casesByDay","cases","default","all","all",2021,7,29,2021-07-21,31679,FALSE
"infectious_disease","respiratory","COVID-19","Nation","England","E92000001","COVID-19_cases_casesByDay","cases","default","all","all",2021,7,29,2021-07-22,27711,FALSE
"infectious_disease","respiratory","COVID-19","Nation","England","E92000001","COVID-19_cases_casesByDay","cases","default","all","all",2021,7,29,2021-07-23,24586,FALSE
"infectious_disease","respiratory","COVID-19","Nation","England","E92000001","COVID-19_cases_casesByDay","cases","default","all","all",2021,7,29,2021-07-24,20275,FALSE
"infectious_disease","respiratory","COVID-19","Nation","England","E92000001","COVID-19_cases_casesByDay","cases","default","all","all",2021,7,29,2021-07-25,19657,FALSE
"infectious_disease","respiratory","COVID-19","Nation","England","E92000001","COVID-19_cases_casesByDay","cases","default","all","all",2021,7,30,2021-07-26,26542,FALSE
"infectious_disease","respiratory","COVID-19","Nation","England","E92000001","COVID-19_cases_casesByDay","cases","default","all","all",2021,7,30,2021-07-27,26025,FALSE
"infectious_disease","respiratory","COVID-19","Nation","England","E92000001","COVID-19_cases_casesByDay","cases","default","all","all",2021,7,30,2021-07-28,26925,FALSE
"infectious_disease","respiratory","COVID-19","Nation","England","E92000001","COVID-19_cases_casesByDay","cases","default","all","all",2021,7,30,2021-07-29,25361,FALSE
"infectious_disease","respiratory","COVID-19","Nation","England","E92000001","COVID-19_cases_casesByDay","cases","default","all","all",2021,7,30,2021-07-30,22109,FALSE
"infectious_disease","respiratory","COVID-19","Nation","England","E92000001","COVID-19_cases_casesByDay","cases","default","all","all",2021,7,30,2021-07-31,18451,FALSE
"infectious_disease","respiratory","COVID-19","Nation","England","E92000001","COVID-19_cases_casesByDay","cases","default","all","all",2021,8,30,2021-08-01,18714,FALSE
"infectious_disease","respiratory","COVID-19","Nation","England","E92000001","COVID-19_cases_casesByDay","cases","default","all","all",2021,8,31,2021-08-02,26580,FALSE
"infectious_disease","respiratory","COVID-19","Nation","England","E92000001","COVID-19_cases_casesByDay","cases","default","all","all",2021,8,31,2021-08-03,27062,FALSE
"infectious_disease","respiratory","COVID-19","Nation","England","E92000001","COVID-19_cases_casesByDay","cases","default","all","all",2021,8,31,2021-08-04,28895,FALSE
"infectious_disease","respiratory","COVID-19","Nation","England","E92000001","COVID-19_cases_casesByDay","cases","default","all","all",2021,8,31,2021-08-05,28126,FALSE
"infectious_disease","respiratory","COVID-19","Nation","England","E92000001","COVID-19_cases_casesByDay","cases","default","all","all",2021,8,31,2021-08-06,24851,FALSE
"infectious_disease","respiratory","COVID-19","Nation","England","E92000001","COVID-19_cases_casesByDay","cases","default","all","all",2021,8,31,2021-08-07,19957,FALSE
"infectious_disease","respiratory","COVID-19","Nation","England","E92000001","COVID-19_cases_casesByDay","cases","default","all","all",2021,8,31,2021-08-08,20157,FALSE
"infectious_disease","respiratory","COVID-19","Nation","England","E92000001","COVID-19_cases_casesByDay","cases","default","all","all",2021,8,32,2021-08-09,28292,FALSE
"infectious_disease","respiratory","COVID-19","Nation","England","E92000001","COVID-19_cases_casesByDay","cases","default","all","all",2021,8,32,2021-08-10,27610,FALSE
"infectious_disease","respiratory","COVID-19","Nation","England","E92000001","COVID-19_cases_casesByDay","cases","default","all","all",2021,8,32,2021-08-11,29135,FALSE
"infectious_disease","respiratory","COVID-19","Nation","England","E92000001","COVID-19_cases_casesByDay","cases","default","all","all",2021,8,32,2021-08-12,27689,FALSE
"infectious_disease","respiratory","COVID-19","Nation","England","E92000001","COVID-19_cases_casesByDay","cases","default","all","all",2021,8,32,2021-08-13,24992,FALSE
"infectious_disease","respiratory","COVID-19","Nation","England","E92000001","COVID-19_cases_casesByDay","cases","default","all","all",2021,8,32,2021-08-14,21337,FALSE
"infectious_disease","respiratory","COVID-19","Nation","England","E92000001","COVID-19_cases_casesByDay","cases","default","all","all",2021,8,32,2021-08-15,21280,FALSE
"infectious_disease","respiratory","COVID-19","Nation","England","E92000001","COVID-19_cases_casesByDay","cases","default","all","all",2021,8,33,2021-08-16,30861,FALSE
"infectious_disease","respiratory","COVID-19","Nation","England","E92000001","COVID-19_cases_casesByDay","cases","default","all","all",2021,8,33,2021-08-17,31095,FALSE
"infectious_disease","respiratory","COVID-19","Nation","England","E92000001","COVID-19_cases_casesByDay","cases","default","all","all",2021,8,33,2021-08-18,31426,FALSE
"infectious_disease","respiratory","COVID-19","Nation","England","E92000001","COVID-19_cases_casesByDay","cases","default","all","all",2021,8,33,2021-08-19,29075,FALSE
"infectious_disease","respiratory","COVID-19","Nation","England","E92000001","COVID-19_cases_casesByDay","cases","default","all","all",2021,8,33,2021-08-20,25555,FALSE
"infectious_disease","respiratory","COVID-19","Nation","England","E92000001","COVID-19_cases_casesByDay","cases","default","all","all",2021,8,33,2021-08-21,22605,FALSE
"infectious_disease","respiratory","COVID-19","Nation","England","E92000001","COVID-19_cases_casesByDay","cases","default","all","all",2021,8,33,2021-08-22,22409,FALSE
"infectious_disease","respiratory","COVID-19","Nation","England","E92000001","COVID-19_cases_casesByDay","cases","default","all","all",2021,8,34,2021-08-23,30333,FALSE
"infectious_disease","respiratory","COVID-19","Nation","England","E92000001","COVID-19_cases_casesByDay","cases","default","all","all",2021,8,34,2021-08-24,28211,FALSE
"infectious_disease","respiratory","COVID-19","Nation","England","E92000001","COVID-19_cases_casesByDay","cases","default","all","all",2021,8,34,2021-08-25,27901,FALSE
"infectious_disease","respiratory","COVID-19","Nation","England","E92000001","COVID-19_cases_casesByDay","cases","default","all","all",2021,8,34,2021-08-26,26482,FALSE
"infectious_disease","respiratory","COVID-19","Nation","England","E92000001","COVID-19_cases_casesByDay","cases","default","all","all",2021,8,34,2021-08-27,24252,FALSE
"infectious_disease","respiratory","COVID-19","Nation","England","E92000001","COVID-19_cases_casesByDay","cases","default","all","all",2021,8,34,2021-08-28,20137,FALSE
"infectious_disease","respiratory","COVID-19","Nation","England","E92000001","COVID-19_cases_casesByDay","cases","default","all","all",2021,8,34,2021-08-29,19152,FALSE
"infectious_disease","respiratory","COVID-19","Nation","England","E92000001","COVID-19_cases_casesByDay","cases","default","all","all",2021,8,35,2021-08-30,24973,FALSE
"infectious_disease","respiratory","COVID-19","Nation","England","E92000001","COVID-19_cases_casesByDay","cases","default","all","all",2021,8,35,2021-08-31,33565,FALSE
"infectious_disease","respiratory","COVID-19","Nation","England","E92000001","COVID-19_cases_casesByDay","cases","default","all","all",2021,9,35,2021-09-01,31600,FALSE
"infectious_disease","respiratory","COVID-19","Nation","England","E92000001","COVID-19_cases_casesByDay","cases","default","all","all",2021,9,35,2021-09-02,30636,FALSE
"infectious_disease","respiratory","COVID-19","Nation","England","E92000001","COVID-19_cases_casesByDay","cases","default","all","all",2021,9,35,2021-09-03,28730,FALSE
"infectious_disease","respiratory","COVID-19","Nation","England","E92000001","COVID-19_cases_casesByDay","cases","default","all","all",2021,9,35,2021-09-04,23409,FALSE
"infectious_disease","respiratory","COVID-19","Nation","England","E92000001","COVID-19_cases_casesByDay","cases","default","all","all",2021,9,35,2021-09-05,23457,FALSE
"infectious_disease","respiratory","COVID-19","Nation","England","E92000001","COVID-19_cases_casesByDay","cases","default","all","all",2021,9,36,2021-09-06,33134,FALSE
"infectious_disease","respiratory","COVID-19","Nation","England","E92000001","COVID-19_cases_casesByDay","cases","default","all","all",2021,9,36,2021-09-07,27938,FALSE
"infectious_disease","respiratory","COVID-19","Nation","England","E92000001","COVID-19_cases_casesByDay","cases","default","all","all",2021,9,36,2021-09-08,25659,FALSE
"infectious_disease","respiratory","COVID-19","Nation","England","E92000001","COVID-19_cases_casesByDay","cases","default","all","all",2021,9,36,2021-09-09,24440,FALSE
"infectious_disease","respiratory","COVID-19","Nation","England","E92000001","COVID-19_cases_casesByDay","cases","default","all","all",2021,9,36,2021-09-10,21031,FALSE
"infectious_disease","respiratory","COVID-19","Nation","England","E92000001","COVID-19_cases_casesByDay","cases","default","all","all",2021,9,36,2021-09-11,16956,FALSE
"infectious_disease","respiratory","COVID-19","Nation","England","E92000001","COVID-19_cases_casesByDay","cases","default","all","all",2021,9,36,2021-09-12,17879,FALSE
"infectious_disease","respiratory","COVID-19","Nation","England","E92000001","COVID-19_cases_casesByDay","cases","default","all","all",2021,9,37,2021-09-13,25199,FALSE
"infectious_disease","respiratory","COVID-19","Nation","England","E92000001","COVID-19_cases_casesByDay","cases","default","all","all",2021,9,37,2021-09-14,22641,FALSE
"infectious_disease","respiratory","COVID-19","Nation","England","E92000001","COVID-19_cases_casesByDay","cases","default","all","all",2021,9,37,2021-09-15,22414,FALSE
"infectious_disease","respiratory","COVID-19","Nation","England","E92000001","COVID-19_cases_casesByDay","cases","default","all","all",2021,9,37,2021-09-16,22320,FALSE
"infectious_disease","respiratory","COVID-19","Nation","England","E92000001","COVID-19_cases_casesByDay","cases","default","all","all",2021,9,37,2021-09-17,22377,FALSE
"infectious_disease","respiratory","COVID-19","Nation","England","E92000001","COVID-19_cases_casesByDay","cases","default","all","all",2021,9,37,2021-09-18,20927,FALSE
"infectious_disease","respiratory","COVID-19","Nation","England","E92000001","COVID-19_cases_casesByDay","cases","default","all","all",2021,9,37,2021-09-19,24790,FALSE
"infectious_disease","respiratory","COVID-19","Nation","England","E92000001","COVID-19_cases_casesByDay","cases","default","all","all",2021,9,38,2021-09-20,32121,FALSE
"infectious_disease","respiratory","COVID-19","Nation","England","E92000001","COVID-19_cases_casesByDay","cases","default","all","all",2021,9,38,2021-09-21,30547,FALSE
"infectious_disease","respiratory","COVID-19","Nation","England","E92000001","COVID-19_cases_casesByDay","cases","default","all","all",2021,9,38,2021-09-22,28788,FALSE
"infectious_disease","respiratory","COVID-19","Nation","England","E92000001","COVID-19_cases_casesByDay","cases","default","all","all",2021,9,38,2021-09-23,28340,FALSE
"infectious_disease","respiratory","COVID-19","Nation","England","E92000001","COVID-19_cases_casesByDay","cases","default","all","all",2021,9,38,2021-09-24,25754,FALSE
"infectious_disease","respiratory","COVID-19","Nation","England","E92000001","COVID-19_cases_casesByDay","cases","default","all","all",2021,9,38,2021-09-25,23388,FALSE
"infectious_disease","respiratory","COVID-19","Nation","England","E92000001","COVID-19_cases_casesByDay","cases","default","all","all",2021,9,38,2021-09-26,26814,FALSE
"infectious_disease","respiratory","COVID-19","Nation","England","E92000001","COVID-19_cases_casesByDay","cases","default","all","all",2021,9,39,2021-09-27,34595,FALSE
"infectious_disease","respiratory","COVID-19","Nation","England","E92000001","COVID-19_cases_casesByDay","cases","default","all","all",2021,9,39,2021-09-28,29628,FALSE
"infectious_disease","respiratory","COVID-19","Nation","England","E92000001","COVID-19_cases_casesByDay","cases","default","all","all",2021,9,39,2021-09-29,28689,FALSE
"infectious_disease","respiratory","COVID-19","Nation","England","E92000001","COVID-19_cases_casesByDay","cases","default","all","all",2021,9,39,2021-09-30,26807,FALSE
"infectious_disease","respiratory","COVID-19","Nation","England","E92000001","COVID-19_cases_casesByDay","cases","default","all","all",2021,10,39,2021-10-01,24134,FALSE
"infectious_disease","respiratory","COVID-19","Nation","England","E92000001","COVID-19_cases_casesByDay","cases","default","all","all",2021,10,39,2021-10-02,21873,FALSE
"infectious_disease","respiratory","COVID-19","Nation","England","E92000001","COVID-19_cases_casesByDay","cases","default","all","all",2021,10,39,2021-10-03,27138,FALSE
"infectious_disease","respiratory","COVID-19","Nation","England","E92000001","COVID-19_cases_casesByDay","cases","default","all","all",2021,10,40,2021-10-04,36475,FALSE
"infectious_disease","respiratory","COVID-19","Nation","England","E92000001","COVID-19_cases_casesByDay","cases","default","all","all",2021,10,40,2021-10-05,32269,FALSE
"infectious_disease","respiratory","COVID-19","Nation","England","E92000001","COVID-19_cases_casesByDay","cases","default","all","all",2021,10,40,2021-10-06,32547,FALSE
"infectious_disease","respiratory","COVID-19","Nation","England","E92000001","COVID-19_cases_casesByDay","cases","default","all","all",2021,10,40,2021-10-07,32156,FALSE
"infectious_disease","respiratory","COVID-19","Nation","England","E92000001","COVID-19_cases_casesByDay","cases","default","all","all",2021,10,40,2021-10-08,29848,FALSE
"infectious_disease","respiratory","COVID-19","Nation","England","E92000001","COVID-19_cases_casesByDay","cases","default","all","all",2021,10,40,2021-10-09,27180,FALSE
"infectious_disease","respiratory","COVID-19","Nation","England","E92000001","COVID-19_cases_casesByDay","cases","default","all","all",2021,10,40,2021-10-10,31499,FALSE
"infectious_disease","respiratory","COVID-19","Nation","England","E92000001","COVID-19_cases_casesByDay","cases","default","all","all",2021,10,41,2021-10-11,43115,FALSE
"infectious_disease","respiratory","COVID-19","Nation","England","E92000001","COVID-19_cases_casesByDay","cases","default","all","all",2021,10,41,2021-10-12,40892,FALSE
"infectious_disease","respiratory","COVID-19","Nation","England","E92000001","COVID-19_cases_casesByDay","cases","default","all","all",2021,10,41,2021-10-13,40547,FALSE
"infectious_disease","respiratory","COVID-19","Nation","England","E92000001","COVID-19_cases_casesByDay","cases","default","all","all",2021,10,41,2021-10-14,39262,FALSE
"infectious_disease","respiratory","COVID-19","Nation","England","E92000001","COVID-19_cases_casesByDay","cases","default","all","all",2021,10,41,2021-10-15,36631,FALSE
"infectious_disease","respiratory","COVID-19","Nation","England","E92000001","COVID-19_cases_casesByDay","cases","default","all","all",2021,10,41,2021-10-16,31638,FALSE
"infectious_disease","respiratory","COVID-19","Nation","England","E92000001","COVID-19_cases_casesByDay","cases","default","all","all",2021,10,41,2021-10-17,37501,FALSE
"infectious_disease","respiratory","COVID-19","Nation","England","E92000001","COVID-19_cases_casesByDay","cases","default","all","all",2021,10,42,2021-10-18,49257,FALSE
"infectious_disease","respiratory","COVID-19","Nation","England","E92000001","COVID-19_cases_casesByDay","cases","default","all","all",2021,10,42,2021-10-19,44630,FALSE
"infectious_disease","respiratory","COVID-19","Nation","England","E92000001","COVID-19_cases_casesByDay","cases","default","all","all",2021,10,42,2021-10-20,43963,FALSE
"infectious_disease","respiratory","COVID-19","Nation","England","E92000001","COVID-19_cases_casesByDay","cases","default","all","all",2021,10,42,2021-10-21,38581,FALSE
"infectious_disease","respiratory","COVID-19","Nation","England","E92000001","COVID-19_cases_casesByDay","cases","default","all","all",2021,10,42,2021-10-22,34506,FALSE
"infectious_disease","respiratory","COVID-19","Nation","England","E92000001","COVID-19_cases_casesByDay","cases","default","all","all",2021,10,42,2021-10-23,29748,FALSE
"infectious_disease","respiratory","COVID-19","Nation","England","E92000001","COVID-19_cases_casesByDay","cases","default","all","all",2021,10,42,2021-10-24,30091,FALSE
"infectious_disease","respiratory","COVID-19","Nation","England","E92000001","COVID-19_cases_casesByDay","cases","default","all","all",2021,10,43,2021-10-25,39958,FALSE
"infectious_disease","respiratory","COVID-19","Nation","England","E92000001","COVID-19_cases_casesByDay","cases","default","all","all",2021,10,43,2021-10-26,35276,FALSE
"infectious_disease","respiratory","COVID-19","Nation","England","E92000001","COVID-19_cases_casesByDay","cases","default","all","all",2021,10,43,2021-10-27,36523,FALSE
"infectious_disease","respiratory","COVID-19","Nation","England","E92000001","COVID-19_cases_casesByDay","cases","default","all","all",2021,10,43,2021-10-28,35077,FALSE
"infectious_disease","respiratory","COVID-19","Nation","England","E92000001","COVID-19_cases_casesByDay","cases","default","all","all",2021,10,43,2021-10-29,33995,FALSE
"infectious_disease","respiratory","COVID-19","Nation","England","E92000001","COVID-19_cases_casesByDay","cases","default","all","all",2021,10,43,2021-10-30,28243,FALSE
"infectious_disease","respiratory","COVID-19","Nation","England","E92000001","COVID-19_cases_casesByDay","cases","default","all","all",2021,10,43,2021-10-31,29564,FALSE
"infectious_disease","respiratory","COVID-19","Nation","England","E92000001","COVID-19_cases_casesByDay","cases","default","all","all",2021,11,44,2021-11-01,37663,FALSE
"infectious_disease","respiratory","COVID-19","Nation","England","E92000001","COVID-19_cases_casesByDay","cases","default","all","all",2021,11,44,2021-11-02,31328,FALSE
"infectious_disease","respiratory","COVID-19","Nation","England","E92000001","COVID-19_cases_casesByDay","cases","default","all","all",2021,11,44,2021-11-03,29396,FALSE
"infectious_disease","respiratory","COVID-19","Nation","England","E92000001","COVID-19_cases_casesByDay","cases","default","all","all",2021,11,44,2021-11-04,27378,FALSE
"infectious_disease","respiratory","COVID-19","Nation","England","E92000001","COVID-19_cases_casesByDay","cases","default","all","all",2021,11,44,2021-11-05,24405,FALSE
"infectious_disease","respiratory","COVID-19","Nation","England","E92000001","COVID-19_cases_casesByDay","cases","default","all","all",2021,11,44,2021-11-06,22581,FALSE
"infectious_disease","respiratory","COVID-19","Nation","England","E92000001","COVID-19_cases_casesByDay","cases","default","all","all",2021,11,44,2021-11-07,25447,FALSE
"infectious_disease","respiratory","COVID-19","Nation","England","E92000001","COVID-19_cases_casesByDay","cases","default","all","all",2021,11,45,2021-11-08,36138,FALSE
"infectious_disease","respiratory","COVID-19","Nation","England","E92000001","COVID-19_cases_casesByDay","cases","default","all","all",2021,11,45,2021-11-09,34679,FALSE
"infectious_disease","respiratory","COVID-19","Nation","England","E92000001","COVID-19_cases_casesByDay","cases","default","all","all",2021,11,45,2021-11-10,35390,FALSE
"infectious_disease","respiratory","COVID-19","Nation","England","E92000001","COVID-19_cases_casesByDay","cases","default","all","all",2021,11,45,2021-11-11,33700,FALSE
"infectious_disease","respiratory","COVID-19","Nation","England","E92000001","COVID-19_cases_casesByDay","cases","default","all","all",2021,11,45,2021-11-12,31336,FALSE
"infectious_disease","respiratory","COVID-19","Nation","England","E92000001","COVID-19_cases_casesByDay","cases","default","all","all",2021,11,45,2021-11-13,27358,FALSE
"infectious_disease","respiratory","COVID-19","Nation","England","E92000001","COVID-19_cases_casesByDay","cases","default","all","all",2021,11,45,2021-11-14,29599,FALSE
"infectious_disease","respiratory","COVID-19","Nation","England","E92000001","COVID-19_cases_casesByDay","cases","default","all","all",2021,11,46,2021-11-15,42477,FALSE
"infectious_disease","respiratory","COVID-19","Nation","England","E92000001","COVID-19_cases_casesByDay","cases","default","all","all",2021,11,46,2021-11-16,38655,FALSE
"infectious_disease","respiratory","COVID-19","Nation","England","E92000001","COVID-19_cases_casesByDay","cases","default","all","all",2021,11,46,2021-11-17,38257,FALSE
"infectious_disease","respiratory","COVID-19","Nation","England","E92000001","COVID-19_cases_casesByDay","cases","default","all","all",2021,11,46,2021-11-18,37099,FALSE
"infectious_disease","respiratory","COVID-19","Nation","England","E92000001","COVID-19_cases_casesByDay","cases","default","all","all",2021,11,46,2021-11-19,33184,FALSE
"infectious_disease","respiratory","COVID-19","Nation","England","E92000001","COVID-19_cases_casesByDay","cases","default","all","all",2021,11,46,2021-11-20,29869,FALSE
"infectious_disease","respiratory","COVID-19","Nation","England","E92000001","COVID-19_cases_casesByDay","cases","default","all","all",2021,11,46,2021-11-21,31761,FALSE
"infectious_disease","respiratory","COVID-19","Nation","England","E92000001","COVID-19_cases_casesByDay","cases","default","all","all",2021,11,47,2021-11-22,42870,FALSE
"infectious_disease","respiratory","COVID-19","Nation","England","E92000001","COVID-19_cases_casesByDay","cases","default","all","all",2021,11,47,2021-11-23,41013,FALSE
"infectious_disease","respiratory","COVID-19","Nation","England","E92000001","COVID-19_cases_casesByDay","cases","default","all","all",2021,11,47,2021-11-24,39881,FALSE
"infectious_disease","respiratory","COVID-19","Nation","England","E92000001","COVID-19_cases_casesByDay","cases","default","all","all",2021,11,47,2021-11-25,37143,FALSE
"infectious_disease","respiratory","COVID-19","Nation","England","E92000001","COVID-19_cases_casesByDay","cases","default","all","all",2021,11,47,2021-11-26,33666,FALSE
"infectious_disease","respiratory","COVID-19","Nation","England","E92000001","COVID-19_cases_casesByDay","cases","default","all","all",2021,11,47,2021-11-27,28459,FALSE
"infectious_disease","respiratory","COVID-19","Nation","England","E92000001","COVID-19_cases_casesByDay","cases","default","all","all",2021,11,47,2021-11-28,33857,FALSE
"infectious_disease","respiratory","COVID-19","Nation","England","E92000001","COVID-19_cases_casesByDay","cases","default","all","all",2021,11,48,2021-11-29,47939,FALSE
"infectious_disease","respiratory","COVID-19","Nation","England","E92000001","COVID-19_cases_casesByDay","cases","default","all","all",2021,11,48,2021-11-30,47632,FALSE
"infectious_disease","respiratory","COVID-19","Nation","England","E92000001","COVID-19_cases_casesByDay","cases","default","all","all",2021,12,48,2021-12-01,47263,FALSE
"infectious_disease","respiratory","COVID-19","Nation","England","E92000001","COVID-19_cases_casesByDay","cases","default","all","all",2021,12,48,2021-12-02,43045,FALSE
"infectious_disease","respiratory","COVID-19","Nation","England","E92000001","COVID-19_cases_casesByDay","cases","default","all","all",2021,12,48,2021-12-03,39222,FALSE
"infectious_disease","respiratory","COVID-19","Nation","England","E92000001","COVID-19_cases_casesByDay","cases","default","all","all",2021,12,48,2021-12-04,33380,FALSE
"infectious_disease","respiratory","COVID-19","Nation","England","E92000001","COVID-19_cases_casesByDay","cases","default","all","all",2021,12,48,2021-12-05,35037,FALSE
"infectious_disease","respiratory","COVID-19","Nation","England","E92000001","COVID-19_cases_casesByDay","cases","default","all","all",2021,12,49,2021-12-06,51121,FALSE
"infectious_disease","respiratory","COVID-19","Nation","England","E92000001","COVID-19_cases_casesByDay","cases","default","all","all",2021,12,49,2021-12-07,48146,FALSE
"infectious_disease","respiratory","COVID-19","Nation","England","E92000001","COVID-19_cases_casesByDay","cases","default","all","all",2021,12,49,2021-12-08,50057,FALSE
"infectious_disease","respiratory","COVID-19","Nation","England","E92000001","COVID-19_cases_casesByDay","cases","default","all","all",2021,12,49,2021-12-09,48817,FALSE
"infectious_disease","respiratory","COVID-19","Nation","England","E92000001","COVID-19_cases_casesByDay","cases","default","all","all",2021,12,49,2021-12-10,45018,FALSE
"infectious_disease","respiratory","COVID-19","Nation","England","E92000001","COVID-19_cases_casesByDay","cases","default","all","all",2021,12,49,2021-12-11,41940,FALSE
"infectious_disease","respiratory","COVID-19","Nation","England","E92000001","COVID-19_cases_casesByDay","cases","default","all","all",2021,12,49,2021-12-12,46366,FALSE
"infectious_disease","respiratory","COVID-19","Nation","England","E92000001","COVID-19_cases_casesByDay","cases","default","all","all",2021,12,50,2021-12-13,76507,FALSE
"infectious_disease","respiratory","COVID-19","Nation","England","E92000001","COVID-19_cases_casesByDay","cases","default","all","all",2021,12,50,2021-12-14,90718,FALSE
"infectious_disease","respiratory","COVID-19","Nation","England","E92000001","COVID-19_cases_casesByDay","cases","default","all","all",2021,12,50,2021-12-15,99654,FALSE
"infectious_disease","respiratory","COVID-19","Nation","England","E92000001","COVID-19_cases_casesByDay","cases","default","all","all",2021,12,50,2021-12-16,93804,FALSE
"infectious_disease","respiratory","COVID-19","Nation","England","E92000001","COVID-19_cases_casesByDay","cases","default","all","all",2021,12,50,2021-12-17,84964,FALSE
"infectious_disease","respiratory","COVID-19","Nation","England","E92000001","COVID-19_cases_casesByDay","cases","default","all","all",2021,12,50,2021-12-18,78929,FALSE
"infectious_disease","respiratory","COVID-19","Nation","England","E92000001","COVID-19_cases_casesByDay","cases","default","all","all",2021,12,50,2021-12-19,78496,FALSE
"infectious_disease","respiratory","COVID-19","Nation","England","E92000001","COVID-19_cases_casesByDay","cases","default","all","all",2021,12,51,2021-12-20,117576,FALSE
"infectious_disease","respiratory","COVID-19","Nation","England","E92000001","COVID-19_cases_casesByDay","cases","default","all","all",2021,12,51,2021-12-21,129598,FALSE
"infectious_disease","respiratory","COVID-19","Nation","England","E92000001","COVID-19_cases_casesByDay","cases","default","all","all",2021,12,51,2021-12-22,138140,FALSE
"infectious_disease","respiratory","COVID-19","Nation","England","E92000001","COVID-19_cases_casesByDay","cases","default","all","all",2021,12,51,2021-12-23,137019,FALSE
"infectious_disease","respiratory","COVID-19","Nation","England","E92000001","COVID-19_cases_casesByDay","cases","default","all","all",2021,12,51,2021-12-24,117561,FALSE
"infectious_disease","respiratory","COVID-19","Nation","England","E92000001","COVID-19_cases_casesByDay","cases","default","all","all",2021,12,51,2021-12-25,59912,FALSE
"infectious_disease","respiratory","COVID-19","Nation","England","E92000001","COVID-19_cases_casesByDay","cases","default","all","all",2021,12,51,2021-12-26,98918,FALSE
"infectious_disease","respiratory","COVID-19","Nation","England","E92000001","COVID-19_cases_casesByDay","cases","default","all","all",2021,12,52,2021-12-27,155567,FALSE
"infectious_disease","respiratory","COVID-19","Nation","England","E92000001","COVID-19_cases_casesByDay","cases","default","all","all",2021,12,52,2021-12-28,170584,FALSE
"infectious_disease","respiratory","COVID-19","Nation","England","E92000001","COVID-19_cases_casesByDay","cases","default","all","all",2021,12,52,2021-12-29,224031,FALSE
"infectious_disease","respiratory","COVID-19","Nation","England","E92000001","COVID-19_cases_casesByDay","cases","default","all","all",2021,12,52,2021-12-30,192825,FALSE
"infectious_disease","respiratory","COVID-19","Nation","England","E92000001","COVID-19_cases_casesByDay","cases","default","all","all",2021,12,52,2021-12-31,152887,FALSE
"infectious_disease","respiratory","COVID-19","Nation","England","E92000001","COVID-19_cases_casesByDay","cases","default","all","all",2022,1,52,2022-01-01,99303,FALSE
"infectious_disease","respiratory","COVID-19","Nation","England","E92000001","COVID-19_cases_casesByDay","cases","default","all","all",2022,1,52,2022-01-02,148609,FALSE
"infectious_disease","respiratory","COVID-19","Nation","England","E92000001","COVID-19_cases_casesByDay","cases","default","all","all",2022,1,1,2022-01-03,193617,FALSE
"infectious_disease","respiratory","COVID-19","Nation","England","E92000001","COVID-19_cases_casesByDay","cases","default","all","all",2022,1,1,2022-01-04,234874,FALSE
"infectious_disease","respiratory","COVID-19","Nation","England","E92000001","COVID-19_cases_casesByDay","cases","default","all","all",2022,1,1,2022-01-05,183797,FALSE
"infectious_disease","respiratory","COVID-19","Nation","England","E92000001","COVID-19_cases_casesByDay","cases","default","all","all",2022,1,1,2022-01-06,150785,FALSE
"infectious_disease","respiratory","COVID-19","Nation","England","E92000001","COVID-19_cases_casesByDay","cases","default","all","all",2022,1,1,2022-01-07,105082,FALSE
"infectious_disease","respiratory","COVID-19","Nation","England","E92000001","COVID-19_cases_casesByDay","cases","default","all","all",2022,1,1,2022-01-08,81222,FALSE
"infectious_disease","respiratory","COVID-19","Nation","England","E92000001","COVID-19_cases_casesByDay","cases","default","all","all",2022,1,1,2022-01-09,83082,FALSE
"infectious_disease","respiratory","COVID-19","Nation","England","E92000001","COVID-19_cases_casesByDay","cases","default","all","all",2022,1,2,2022-01-10,116343,FALSE
"infectious_disease","respiratory","COVID-19","Nation","England","E92000001","COVID-19_cases_casesByDay","cases","default","all","all",2022,1,2,2022-01-11,100980,FALSE
"infectious_disease","respiratory","COVID-19","Nation","England","E92000001","COVID-19_cases_casesByDay","cases","default","all","all",2022,1,2,2022-01-12,90000,FALSE
"infectious_disease","respiratory","COVID-19","Nation","England","E92000001","COVID-19_cases_casesByDay","cases","default","all","all",2022,1,2,2022-01-13,84131,FALSE
"infectious_disease","respiratory","COVID-19","Nation","England","E92000001","COVID-19_cases_casesByDay","cases","default","all","all",2022,1,2,2022-01-14,75175,FALSE
"infectious_disease","respiratory","COVID-19","Nation","England","E92000001","COVID-19_cases_casesByDay","cases","default","all","all",2022,1,2,2022-01-15,67820,FALSE
"infectious_disease","respiratory","COVID-19","Nation","England","E92000001","COVID-19_cases_casesByDay","cases","default","all","all",2022,1,2,2022-01-16,85599,FALSE
"infectious_disease","respiratory","COVID-19","Nation","England","E92000001","COVID-19_cases_casesByDay","cases","default","all","all",2022,1,3,2022-01-17,114776,FALSE
"infectious_disease","respiratory","COVID-19","Nation","England","E92000001","COVID-19_cases_casesByDay","cases","default","all","all",2022,1,3,2022-01-18,103308,FALSE
"infectious_disease","respiratory","COVID-19","Nation","England","E92000001","COVID-19_cases_casesByDay","cases","default","all","all",2022,1,3,2022-01-19,97335,FALSE
"infectious_disease","respiratory","COVID-19","Nation","England","E92000001","COVID-19_cases_casesByDay","cases","default","all","all",2022,1,3,2022-01-20,86952,FALSE
"infectious_disease","respiratory","COVID-19","Nation","England","E92000001","COVID-19_cases_casesByDay","cases","default","all","all",2022,1,3,2022-01-21,79174,FALSE
"infectious_disease","respiratory","COVID-19","Nation","England","E92000001","COVID-19_cases_casesByDay","cases","default","all","all",2022,1,3,2022-01-22,70483,FALSE
"infectious_disease","respiratory","COVID-19","Nation","England","E92000001","COVID-19_cases_casesByDay","cases","default","all","all",2022,1,3,2022-01-23,88560,FALSE
"infectious_disease","respiratory","COVID-19","Nation","England","E92000001","COVID-19_cases_casesByDay","cases","default","all","all",2022,1,4,2022-01-24,109232,FALSE
"infectious_disease","respiratory","COVID-19","Nation","England","E92000001","COVID-19_cases_casesByDay","cases","default","all","all",2022,1,4,2022-01-25,96955,FALSE
"infectious_disease","respiratory","COVID-19","Nation","England","E92000001","COVID-19_cases_casesByDay","cases","default","all","all",2022,1,4,2022-01-26,93211,FALSE
"infectious_disease","respiratory","COVID-19","Nation","England","E92000001","COVID-19_cases_casesByDay","cases","default","all","all",2022,1,4,2022-01-27,82727,FALSE
"infectious_disease","respiratory","COVID-19","Nation","England","E92000001","COVID-19_cases_casesByDay","cases","default","all","all",2022,1,4,2022-01-28,71682,FALSE
"infectious_disease","respiratory","COVID-19","Nation","England","E92000001","COVID-19_cases_casesByDay","cases","default","all","all",2022,1,4,2022-01-29,63023,FALSE
"infectious_disease","respiratory","COVID-19","Nation","England","E92000001","COVID-19_cases_casesByDay","cases","default","all","all",2022,1,4,2022-01-30,74980,FALSE
"infectious_disease","respiratory","COVID-19","Nation","England","E92000001","COVID-19_cases_casesByDay","cases","default","all","all",2022,1,5,2022-01-31,88501,FALSE
"infectious_disease","respiratory","COVID-19","Nation","England","E92000001","COVID-19_cases_casesByDay","cases","default","all","all",2022,2,5,2022-02-01,78512,FALSE
"infectious_disease","respiratory","COVID-19","Nation","England","E92000001","COVID-19_cases_casesByDay","cases","default","all","all",2022,2,5,2022-02-02,73908,FALSE
"infectious_disease","respiratory","COVID-19","Nation","England","E92000001","COVID-19_cases_casesByDay","cases","default","all","all",2022,2,5,2022-02-03,64035,FALSE
"infectious_disease","respiratory","COVID-19","Nation","England","E92000001","COVID-19_cases_casesByDay","cases","default","all","all",2022,2,5,2022-02-04,52557,FALSE
"infectious_disease","respiratory","COVID-19","Nation","England","E92000001","COVID-19_cases_casesByDay","cases","default","all","all",2022,2,5,2022-02-05,43233,FALSE
"infectious_disease","respiratory","COVID-19","Nation","England","E92000001","COVID-19_cases_casesByDay","cases","default","all","all",2022,2,5,2022-02-06,50148,FALSE
"infectious_disease","respiratory","COVID-19","Nation","England","E92000001","COVID-19_cases_casesByDay","cases","default","all","all",2022,2,6,2022-02-07,62672,FALSE
"infectious_disease","respiratory","COVID-19","Nation","England","E92000001","COVID-19_cases_casesByDay","cases","default","all","all",2022,2,6,2022-02-08,55437,FALSE
"infectious_disease","respiratory","COVID-19","Nation","England","E92000001","COVID-19_cases_casesByDay","cases","default","all","all",2022,2,6,2022-02-09,51013,FALSE
"infectious_disease","respiratory","COVID-19","Nation","England","E92000001","COVID-19_cases_casesByDay","cases","default","all","all",2022,2,6,2022-02-10,41331,FALSE
"infectious_disease","respiratory","COVID-19","Nation","England","E92000001","COVID-19_cases_casesByDay","cases","default","all","all",2022,2,6,2022-02-11,34944,FALSE
"infectious_disease","respiratory","COVID-19","Nation","England","E92000001","COVID-19_cases_casesByDay","cases","default","all","all",2022,2,6,2022-02-12,29142,FALSE
"infectious_disease","respiratory","COVID-19","Nation","England","E92000001","COVID-19_cases_casesByDay","cases","default","all","all",2022,2,6,2022-02-13,32326,FALSE
"infectious_disease","respiratory","COVID-19","Nation","England","E92000001","COVID-19_cases_casesByDay","cases","default","all","all",2022,2,7,2022-02-14,42491,FALSE
"infectious_disease","respiratory","COVID-19","Nation","England","E92000001","COVID-19_cases_casesByDay","cases","default","all","all",2022,2,7,2022-02-15,40146,FALSE
"infectious_disease","respiratory","COVID-19","Nation","England","E92000001","COVID-19_cases_casesByDay","cases","default","all","all",2022,2,7,2022-02-16,39446,FALSE
"infectious_disease","respiratory","COVID-19","Nation","England","E92000001","COVID-19_cases_casesByDay","cases","default","all","all",2022,2,7,2022-02-17,34168,FALSE
"infectious_disease","respiratory","COVID-19","Nation","England","E92000001","COVID-19_cases_casesByDay","cases","default","all","all",2022,2,7,2022-02-18,24923,FALSE
"infectious_disease","respiratory","COVID-19","Nation","England","E92000001","COVID-19_cases_casesByDay","cases","default","all","all",2022,2,7,2022-02-19,26429,FALSE
"infectious_disease","respiratory","COVID-19","Nation","England","E92000001","COVID-19_cases_casesByDay","cases","default","all","all",2022,2,7,2022-02-20,28411,FALSE
"infectious_disease","respiratory","COVID-19","Nation","England","E92000001","COVID-19_cases_casesByDay","cases","default","all","all",2022,2,8,2022-02-21,33034,FALSE
"infectious_disease","respiratory","COVID-19","Nation","England","E92000001","COVID-19_cases_casesByDay","cases","default","all","all",2022,2,8,2022-02-22,28020,FALSE
"infectious_disease","respiratory","COVID-19","Nation","England","E92000001","COVID-19_cases_casesByDay","cases","default","all","all",2022,2,8,2022-02-23,26009,FALSE
"infectious_disease","respiratory","COVID-19","Nation","England","E92000001","COVID-19_cases_casesByDay","cases","default","all","all",2022,2,8,2022-02-24,21882,FALSE
"infectious_disease","respiratory","COVID-19","Nation","England","E92000001","COVID-19_cases_casesByDay","cases","default","all","all",2022,2,8,2022-02-25,19533,FALSE
"infectious_disease","respiratory","COVID-19","Nation","England","E92000001","COVID-19_cases_casesByDay","cases","default","all","all",2022,2,8,2022-02-26,17604,FALSE
"infectious_disease","respiratory","COVID-19","Nation","England","E92000001","COVID-19_cases_casesByDay","cases","default","all","all",2022,2,8,2022-02-27,22165,FALSE
"infectious_disease","respiratory","COVID-19","Nation","England","E92000001","COVID-19_cases_casesByDay","cases","default","all","all",2022,2,9,2022-02-28,31865,FALSE
"infectious_disease","respiratory","COVID-19","Nation","England","E92000001","COVID-19_cases_casesByDay","cases","default","all","all",2022,3,9,2022-03-01,31864,FALSE
"infectious_disease","respiratory","COVID-19","Nation","England","E92000001","COVID-19_cases_casesByDay","cases","default","all","all",2022,3,9,2022-03-02,33361,FALSE
"infectious_disease","respiratory","COVID-19","Nation","England","E92000001","COVID-19_cases_casesByDay","cases","default","all","all",2022,3,9,2022-03-03,31532,FALSE
"infectious_disease","respiratory","COVID-19","Nation","England","E92000001","COVID-19_cases_casesByDay","cases","default","all","all",2022,3,9,2022-03-04,30605,FALSE
"infectious_disease","respiratory","COVID-19","Nation","England","E92000001","COVID-19_cases_casesByDay","cases","default","all","all",2022,3,9,2022-03-05,28509,FALSE
"infectious_disease","respiratory","COVID-19","Nation","England","E92000001","COVID-19_cases_casesByDay","cases","default","all","all",2022,3,9,2022-03-06,35914,FALSE
"infectious_disease","respiratory","COVID-19","Nation","England","E92000001","COVID-19_cases_casesByDay","cases","default","all","all",2022,3,10,2022-03-07,50982,FALSE
"infectious_disease","respiratory","COVID-19","Nation","England","E92000001","COVID-19_cases_casesByDay","cases","default","all","all",2022,3,10,2022-03-08,52343,FALSE
"infectious_disease","respiratory","COVID-19","Nation","England","E92000001","COVID-19_cases_casesByDay","cases","default","all","all",2022,3,10,2022-03-09,55491,FALSE
"infectious_disease","respiratory","COVID-19","Nation","England","E92000001","COVID-19_cases_casesByDay","cases","default","all","all",2022,3,10,2022-03-10,54296,FALSE
"infectious_disease","respiratory","COVID-19","Nation","England","E92000001","COVID-19_cases_casesByDay","cases","default","all","all",2022,3,10,2022-03-11,52269,FALSE
"infectious_disease","respiratory","COVID-19","Nation","England","E92000001","COVID-19_cases_casesByDay","cases","default","all","all",2022,3,10,2022-03-12,49161,FALSE
"infectious_disease","respiratory","COVID-19","Nation","England","E92000001","COVID-19_cases_casesByDay","cases","default","all","all",2022,3,10,2022-03-13,60271,FALSE
"infectious_disease","respiratory","COVID-19","Nation","England","E92000001","COVID-19_cases_casesByDay","cases","default","all","all",2022,3,11,2022-03-14,79516,FALSE
"infectious_disease","respiratory","COVID-19","Nation","England","E92000001","COVID-19_cases_casesByDay","cases","default","all","all",2022,3,11,2022-03-15,74101,FALSE
"infectious_disease","respiratory","COVID-19","Nation","England","E92000001","COVID-19_cases_casesByDay","cases","default","all","all",2022,3,11,2022-03-16,73951,FALSE
"infectious_disease","respiratory","COVID-19","Nation","England","E92000001","COVID-19_cases_casesByDay","cases","default","all","all",2022,3,11,2022-03-17,67687,FALSE
"infectious_disease","respiratory","COVID-19","Nation","England","E92000001","COVID-19_cases_casesByDay","cases","default","all","all",2022,3,11,2022-03-18,61903,FALSE
"infectious_disease","respiratory","COVID-19","Nation","England","E92000001","COVID-19_cases_casesByDay","cases","default","all","all",2022,3,11,2022-03-19,55211,FALSE
"infectious_disease","respiratory","COVID-19","Nation","England","E92000001","COVID-19_cases_casesByDay","cases","default","all","all",2022,3,11,2022-03-20,66907,FALSE
"infectious_disease","respiratory","COVID-19","Nation","England","E92000001","COVID-19_cases_casesByDay","cases","default","all","all",2022,3,12,2022-03-21,89907,FALSE
"infectious_disease","respiratory","COVID-19","Nation","England","E92000001","COVID-19_cases_casesByDay","cases","default","all","all",2022,3,12,2022-03-22,81844,FALSE
"infectious_disease","respiratory","COVID-19","Nation","England","E92000001","COVID-19_cases_casesByDay","cases","default","all","all",2022,3,12,2022-03-23,77600,FALSE
"infectious_disease","respiratory","COVID-19","Nation","England","E92000001","COVID-19_cases_casesByDay","cases","default","all","all",2022,3,12,2022-03-24,68604,FALSE
"infectious_disease","respiratory","COVID-19","Nation","England","E92000001","COVID-19_cases_casesByDay","cases","default","all","all",2022,3,12,2022-03-25,60256,FALSE
"infectious_disease","respiratory","COVID-19","Nation","England","E92000001","COVID-19_cases_casesByDay","cases","default","all","all",2022,3,12,2022-03-26,51777,FALSE
"infectious_disease","respiratory","COVID-19","Nation","England","E92000001","COVID-19_cases_casesByDay","cases","default","all","all",2022,3,12,2022-03-27,58000,FALSE
"infectious_disease","respiratory","COVID-19","Nation","England","E92000001","COVID-19_cases_casesByDay","cases","default","all","all",2022,3,13,2022-03-28,78909,FALSE
"infectious_disease","respiratory","COVID-19","Nation","England","E92000001","COVID-19_cases_casesByDay","cases","default","all","all",2022,3,13,2022-03-29,67439,FALSE
"infectious_disease","respiratory","COVID-19","Nation","England","E92000001","COVID-19_cases_casesByDay","cases","default","all","all",2022,3,13,2022-03-30,62751,FALSE
"infectious_disease","respiratory","COVID-19","Nation","England","E92000001","COVID-19_cases_casesByDay","cases","default","all","all",2022,3,13,2022-03-31,45881,FALSE
"infectious_disease","respiratory","COVID-19","Nation","England","E92000001","COVID-19_cases_casesByDay","cases","default","all","all",2022,4,13,2022-04-01,40342,FALSE
"infectious_disease","respiratory","COVID-19","Nation","England","E92000001","COVID-19_cases_casesByDay","cases","default","all","all",2022,4,13,2022-04-02,31609,FALSE
"infectious_disease","respiratory","COVID-19","Nation","England","E92000001","COVID-19_cases_casesByDay","cases","default","all","all",2022,4,13,2022-04-03,35606,FALSE
"infectious_disease","respiratory","COVID-19","Nation","England","E92000001","COVID-19_cases_casesByDay","cases","default","all","all",2022,4,14,2022-04-04,45139,FALSE
"infectious_disease","respiratory","COVID-19","Nation","England","E92000001","COVID-19_cases_casesByDay","cases","default","all","all",2022,4,14,2022-04-05,40393,FALSE
"infectious_disease","respiratory","COVID-19","Nation","England","E92000001","COVID-19_cases_casesByDay","cases","default","all","all",2022,4,14,2022-04-06,36891,FALSE
"infectious_disease","respiratory","COVID-19","Nation","England","E92000001","COVID-19_cases_casesByDay","cases","default","all","all",2022,4,14,2022-04-07,31745,FALSE
"infectious_disease","respiratory","COVID-19","Nation","England","E92000001","COVID-19_cases_casesByDay","cases","default","all","all",2022,4,14,2022-04-08,27391,FALSE
"infectious_disease","respiratory","COVID-19","Nation","England","E92000001","COVID-19_cases_casesByDay","cases","default","all","all",2022,4,14,2022-04-09,23013,FALSE
"infectious_disease","respiratory","COVID-19","Nation","England","E92000001","COVID-19_cases_casesByDay","cases","default","all","all",2022,4,14,2022-04-10,25641,FALSE
"infectious_disease","respiratory","COVID-19","Nation","England","E92000001","COVID-19_cases_casesByDay","cases","default","all","all",2022,4,15,2022-04-11,30597,FALSE
"infectious_disease","respiratory","COVID-19","Nation","England","E92000001","COVID-19_cases_casesByDay","cases","default","all","all",2022,4,15,2022-04-12,27382,FALSE
"infectious_disease","respiratory","COVID-19","Nation","England","E92000001","COVID-19_cases_casesByDay","cases","default","all","all",2022,4,15,2022-04-13,25507,FALSE
"infectious_disease","respiratory","COVID-19","Nation","England","E92000001","COVID-19_cases_casesByDay","cases","default","all","all",2022,4,15,2022-04-14,21434,FALSE
"infectious_disease","respiratory","COVID-19","Nation","England","E92000001","COVID-19_cases_casesByDay","cases","default","all","all",2022,4,15,2022-04-15,17306,FALSE
"infectious_disease","respiratory","COVID-19","Nation","England","E92000001","COVID-19_cases_casesByDay","cases","default","all","all",2022,4,15,2022-04-16,16091,FALSE
"infectious_disease","respiratory","COVID-19","Nation","England","E92000001","COVID-19_cases_casesByDay","cases","default","all","all",2022,4,15,2022-04-17,16262,FALSE
"infectious_disease","respiratory","COVID-19","Nation","England","E92000001","COVID-19_cases_casesByDay","cases","default","all","all",2022,4,16,2022-04-18,20566,FALSE
"infectious_disease","respiratory","COVID-19","Nation","England","E92000001","COVID-19_cases_casesByDay","cases","default","all","all",2022,4,16,2022-04-19,20595,FALSE
"infectious_disease","respiratory","COVID-19","Nation","England","E92000001","COVID-19_cases_casesByDay","cases","default","all","all",2022,4,16,2022-04-20,16973,FALSE
"infectious_disease","respiratory","COVID-19","Nation","England","E92000001","COVID-19_cases_casesByDay","cases","default","all","all",2022,4,16,2022-04-21,14520,FALSE
"infectious_disease","respiratory","COVID-19","Nation","England","E92000001","COVID-19_cases_casesByDay","cases","default","all","all",2022,4,16,2022-04-22,12526,FALSE
"infectious_disease","respiratory","COVID-19","Nation","England","E92000001","COVID-19_cases_casesByDay","cases","default","all","all",2022,4,16,2022-04-23,10573,FALSE
"infectious_disease","respiratory","COVID-19","Nation","England","E92000001","COVID-19_cases_casesByDay","cases","default","all","all",2022,4,16,2022-04-24,11866,FALSE
"infectious_disease","respiratory","COVID-19","Nation","England","E92000001","COVID-19_cases_casesByDay","cases","default","all","all",2022,4,17,2022-04-25,13404,FALSE
"infectious_disease","respiratory","COVID-19","Nation","England","E92000001","COVID-19_cases_casesByDay","cases","default","all","all",2022,4,17,2022-04-26,11293,FALSE
"infectious_disease","respiratory","COVID-19","Nation","England","E92000001","COVID-19_cases_casesByDay","cases","default","all","all",2022,4,17,2022-04-27,10120,FALSE
"infectious_disease","respiratory","COVID-19","Nation","England","E92000001","COVID-19_cases_casesByDay","cases","default","all","all",2022,4,17,2022-04-28,9056,FALSE
"infectious_disease","respiratory","COVID-19","Nation","England","E92000001","COVID-19_cases_casesByDay","cases","default","all","all",2022,4,17,2022-04-29,7992,FALSE
"infectious_disease","respiratory","COVID-19","Nation","England","E92000001","COVID-19_cases_casesByDay","cases","default","all","all",2022,4,17,2022-04-30,6863,FALSE
"infectious_disease","respiratory","COVID-19","Nation","England","E92000001","COVID-19_cases_casesByDay","cases","default","all","all",2022,5,17,2022-05-01,7719,FALSE
"infectious_disease","respiratory","COVID-19","Nation","England","E92000001","COVID-19_cases_casesByDay","cases","default","all","all",2022,5,18,2022-05-02,10343,FALSE
"infectious_disease","respiratory","COVID-19","Nation","England","E92000001","COVID-19_cases_casesByDay","cases","default","all","all",2022,5,18,2022-05-03,11155,FALSE
"infectious_disease","respiratory","COVID-19","Nation","England","E92000001","COVID-19_cases_casesByDay","cases","default","all","all",2022,5,18,2022-05-04,9783,FALSE
"infectious_disease","respiratory","COVID-19","Nation","England","E92000001","COVID-19_cases_casesByDay","cases","default","all","all",2022,5,18,2022-05-05,8592,FALSE
"infectious_disease","respiratory","COVID-19","Nation","England","E92000001","COVID-19_cases_casesByDay","cases","default","all","all",2022,5,18,2022-05-06,7518,FALSE
"infectious_disease","respiratory","COVID-19","Nation","England","E92000001","COVID-19_cases_casesByDay","cases","default","all","all",2022,5,18,2022-05-07,6354,FALSE
"infectious_disease","respiratory","COVID-19","Nation","England","E92000001","COVID-19_cases_casesByDay","cases","default","all","all",2022,5,18,2022-05-08,7664,FALSE
"infectious_disease","respiratory","COVID-19","Nation","England","E92000001","COVID-19_cases_casesByDay","cases","default","all","all",2022,5,19,2022-05-09,8876,FALSE
"infectious_disease","respiratory","COVID-19","Nation","England","E92000001","COVID-19_cases_casesByDay","cases","default","all","all",2022,5,19,2022-05-10,8154,FALSE
"infectious_disease","respiratory","COVID-19","Nation","England","E92000001","COVID-19_cases_casesByDay","cases","default","all","all",2022,5,19,2022-05-11,7264,FALSE
"infectious_disease","respiratory","COVID-19","Nation","England","E92000001","COVID-19_cases_casesByDay","cases","default","all","all",2022,5,19,2022-05-12,6376,FALSE
"infectious_disease","respiratory","COVID-19","Nation","England","E92000001","COVID-19_cases_casesByDay","cases","default","all","all",2022,5,19,2022-05-13,5795,FALSE
"infectious_disease","respiratory","COVID-19","Nation","England","E92000001","COVID-19_cases_casesByDay","cases","default","all","all",2022,5,19,2022-05-14,5139,FALSE
"infectious_disease","respiratory","COVID-19","Nation","England","E92000001","COVID-19_cases_casesByDay","cases","default","all","all",2022,5,19,2022-05-15,6730,FALSE
"infectious_disease","respiratory","COVID-19","Nation","England","E92000001","COVID-19_cases_casesByDay","cases","default","all","all",2022,5,20,2022-05-16,7884,FALSE
"infectious_disease","respiratory","COVID-19","Nation","England","E92000001","COVID-19_cases_casesByDay","cases","default","all","all",2022,5,20,2022-05-17,6831,FALSE
"infectious_disease","respiratory","COVID-19","Nation","England","E92000001","COVID-19_cases_casesByDay","cases","default","all","all",2022,5,20,2022-05-18,6392,FALSE
"infectious_disease","respiratory","COVID-19","Nation","England","E92000001","COVID-19_cases_casesByDay","cases","default","all","all",2022,5,20,2022-05-19,5781,FALSE
"infectious_disease","respiratory","COVID-19","Nation","England","E92000001","COVID-19_cases_casesByDay","cases","default","all","all",2022,5,20,2022-05-20,5049,FALSE
"infectious_disease","respiratory","COVID-19","Nation","England","E92000001","COVID-19_cases_casesByDay","cases","default","all","all",2022,5,20,2022-05-21,4243,FALSE
"infectious_disease","respiratory","COVID-19","Nation","England","E92000001","COVID-19_cases_casesByDay","cases","default","all","all",2022,5,20,2022-05-22,5151,FALSE
"infectious_disease","respiratory","COVID-19","Nation","England","E92000001","COVID-19_cases_casesByDay","cases","default","all","all",2022,5,21,2022-05-23,6248,FALSE
"infectious_disease","respiratory","COVID-19","Nation","England","E92000001","COVID-19_cases_casesByDay","cases","default","all","all",2022,5,21,2022-05-24,5593,FALSE
"infectious_disease","respiratory","COVID-19","Nation","England","E92000001","COVID-19_cases_casesByDay","cases","default","all","all",2022,5,21,2022-05-25,5189,FALSE
"infectious_disease","respiratory","COVID-19","Nation","England","E92000001","COVID-19_cases_casesByDay","cases","default","all","all",2022,5,21,2022-05-26,4819,FALSE
"infectious_disease","respiratory","COVID-19","Nation","England","E92000001","COVID-19_cases_casesByDay","cases","default","all","all",2022,5,21,2022-05-27,4494,FALSE
"infectious_disease","respiratory","COVID-19","Nation","England","E92000001","COVID-19_cases_casesByDay","cases","default","all","all",2022,5,21,2022-05-28,4153,FALSE
"infectious_disease","respiratory","COVID-19","Nation","England","E92000001","COVID-19_cases_casesByDay","cases","default","all","all",2022,5,21,2022-05-29,4687,FALSE
"infectious_disease","respiratory","COVID-19","Nation","England","E92000001","COVID-19_cases_casesByDay","cases","default","all","all",2022,5,22,2022-05-30,5928,FALSE
"infectious_disease","respiratory","COVID-19","Nation","England","E92000001","COVID-19_cases_casesByDay","cases","default","all","all",2022,5,22,2022-05-31,5734,FALSE
"infectious_disease","respiratory","COVID-19","Nation","England","E92000001","COVID-19_cases_casesByDay","cases","default","all","all",2022,6,22,2022-06-01,5711,FALSE
"infectious_disease","respiratory","COVID-19","Nation","England","E92000001","COVID-19_cases_casesByDay","cases","default","all","all",2022,6,22,2022-06-02,5081,FALSE
"infectious_disease","respiratory","COVID-19","Nation","England","E92000001","COVID-19_cases_casesByDay","cases","default","all","all",2022,6,22,2022-06-03,5581,FALSE
"infectious_disease","respiratory","COVID-19","Nation","England","E92000001","COVID-19_cases_casesByDay","cases","default","all","all",2022,6,22,2022-06-04,6278,FALSE
"infectious_disease","respiratory","COVID-19","Nation","England","E92000001","COVID-19_cases_casesByDay","cases","default","all","all",2022,6,22,2022-06-05,8351,FALSE
"infectious_disease","respiratory","COVID-19","Nation","England","E92000001","COVID-19_cases_casesByDay","cases","default","all","all",2022,6,23,2022-06-06,9798,FALSE
"infectious_disease","respiratory","COVID-19","Nation","England","E92000001","COVID-19_cases_casesByDay","cases","default","all","all",2022,6,23,2022-06-07,9484,FALSE
"infectious_disease","respiratory","COVID-19","Nation","England","E92000001","COVID-19_cases_casesByDay","cases","default","all","all",2022,6,23,2022-06-08,9951,FALSE
"infectious_disease","respiratory","COVID-19","Nation","England","E92000001","COVID-19_cases_casesByDay","cases","default","all","all",2022,6,23,2022-06-09,9589,FALSE
"infectious_disease","respiratory","COVID-19","Nation","England","E92000001","COVID-19_cases_casesByDay","cases","default","all","all",2022,6,23,2022-06-10,9153,FALSE
"infectious_disease","respiratory","COVID-19","Nation","England","E92000001","COVID-19_cases_casesByDay","cases","default","all","all",2022,6,23,2022-06-11,8468,FALSE
"infectious_disease","respiratory","COVID-19","Nation","England","E92000001","COVID-19_cases_casesByDay","cases","default","all","all",2022,6,23,2022-06-12,10718,FALSE
"infectious_disease","respiratory","COVID-19","Nation","England","E92000001","COVID-19_cases_casesByDay","cases","default","all","all",2022,6,24,2022-06-13,12954,FALSE
"infectious_disease","respiratory","COVID-19","Nation","England","E92000001","COVID-19_cases_casesByDay","cases","default","all","all",2022,6,24,2022-06-14,12660,FALSE
"infectious_disease","respiratory","COVID-19","Nation","England","E92000001","COVID-19_cases_casesByDay","cases","default","all","all",2022,6,24,2022-06-15,12387,FALSE
"infectious_disease","respiratory","COVID-19","Nation","England","E92000001","COVID-19_cases_casesByDay","cases","default","all","all",2022,6,24,2022-06-16,11915,FALSE
"infectious_disease","respiratory","COVID-19","Nation","England","E92000001","COVID-19_cases_casesByDay","cases","default","all","all",2022,6,24,2022-06-17,11640,FALSE
"infectious_disease","respiratory","COVID-19","Nation","England","E92000001","COVID-19_cases_casesByDay","cases","default","all","all",2022,6,24,2022-06-18,11634,FALSE
"infectious_disease","respiratory","COVID-19","Nation","England","E92000001","COVID-19_cases_casesByDay","cases","default","all","all",2022,6,24,2022-06-19,14524,FALSE
"infectious_disease","respiratory","COVID-19","Nation","England","E92000001","COVID-19_cases_casesByDay","cases","default","all","all",2022,6,25,2022-06-20,16918,FALSE
"infectious_disease","respiratory","COVID-19","Nation","England","E92000001","COVID-19_cases_casesByDay","cases","default","all","all",2022,6,25,2022-06-21,17531,FALSE
"infectious_disease","respiratory","COVID-19","Nation","England","E92000001","COVID-19_cases_casesByDay","cases","default","all","all",2022,6,25,2022-06-22,17764,FALSE
"infectious_disease","respiratory","COVID-19","Nation","England","E92000001","COVID-19_cases_casesByDay","cases","default","all","all",2022,6,25,2022-06-23,16699,FALSE
"infectious_disease","respiratory","COVID-19","Nation","England","E92000001","COVID-19_cases_casesByDay","cases","default","all","all",2022,6,25,2022-06-24,15626,FALSE
"infectious_disease","respiratory","COVID-19","Nation","England","E92000001","COVID-19_cases_casesByDay","cases","default","all","all",2022,6,25,2022-06-25,14478,FALSE
"infectious_disease","respiratory","COVID-19","Nation","England","E92000001","COVID-19_cases_casesByDay","cases","default","all","all",2022,6,25,2022-06-26,18039,FALSE
"infectious_disease","respiratory","COVID-19","Nation","England","E92000001","COVID-19_cases_casesByDay","cases","default","all","all",2022,6,26,2022-06-27,21896,FALSE
"infectious_disease","respiratory","COVID-19","Nation","England","E92000001","COVID-19_cases_casesByDay","cases","default","all","all",2022,6,26,2022-06-28,21869,FALSE
"infectious_disease","respiratory","COVID-19","Nation","England","E92000001","COVID-19_cases_casesByDay","cases","default","all","all",2022,6,26,2022-06-29,21719,FALSE
"infectious_disease","respiratory","COVID-19","Nation","England","E92000001","COVID-19_cases_casesByDay","cases","default","all","all",2022,6,26,2022-06-30,21512,FALSE
"infectious_disease","respiratory","COVID-19","Nation","England","E92000001","COVID-19_cases_casesByDay","cases","default","all","all",2022,7,26,2022-07-01,21067,FALSE
"infectious_disease","respiratory","COVID-19","Nation","England","E92000001","COVID-19_cases_casesByDay","cases","default","all","all",2022,7,26,2022-07-02,19587,FALSE
"infectious_disease","respiratory","COVID-19","Nation","England","E92000001","COVID-19_cases_casesByDay","cases","default","all","all",2022,7,26,2022-07-03,25172,FALSE
"infectious_disease","respiratory","COVID-19","Nation","England","E92000001","COVID-19_cases_casesByDay","cases","default","all","all",2022,7,27,2022-07-04,30388,FALSE
"infectious_disease","respiratory","COVID-19","Nation","England","E92000001","COVID-19_cases_casesByDay","cases","default","all","all",2022,7,27,2022-07-05,28117,FALSE
"infectious_disease","respiratory","COVID-19","Nation","England","E92000001","COVID-19_cases_casesByDay","cases","default","all","all",2022,7,27,2022-07-06,26741,FALSE
"infectious_disease","respiratory","COVID-19","Nation","England","E92000001","COVID-19_cases_casesByDay","cases","default","all","all",2022,7,27,2022-07-07,24048,FALSE
"infectious_disease","respiratory","COVID-19","Nation","England","E92000001","COVID-19_cases_casesByDay","cases","default","all","all",2022,7,27,2022-07-08,22173,FALSE
"infectious_disease","respiratory","COVID-19","Nation","England","E92000001","COVID-19_cases_casesByDay","cases","default","all","all",2022,7,27,2022-07-09,19353,FALSE
"infectious_disease","respiratory","COVID-19","Nation","England","E92000001","COVID-19_cases_casesByDay","cases","default","all","all",2022,7,27,2022-07-10,23045,FALSE
"infectious_disease","respiratory","COVID-19","Nation","England","E92000001","COVID-19_cases_casesByDay","cases","default","all","all",2022,7,28,2022-07-11,27197,FALSE
"infectious_disease","respiratory","COVID-19","Nation","England","E92000001","COVID-19_cases_casesByDay","cases","default","all","all",2022,7,28,2022-07-12,24376,FALSE
"infectious_disease","respiratory","COVID-19","Nation","England","E92000001","COVID-19_cases_casesByDay","cases","default","all","all",2022,7,28,2022-07-13,21637,FALSE
"infectious_disease","respiratory","COVID-19","Nation","England","E92000001","COVID-19_cases_casesByDay","cases","default","all","all",2022,7,28,2022-07-14,19340,FALSE
"infectious_disease","respiratory","COVID-19","Nation","England","E92000001","COVID-19_cases_casesByDay","cases","default","all","all",2022,7,28,2022-07-15,16625,FALSE
"infectious_disease","respiratory","COVID-19","Nation","England","E92000001","COVID-19_cases_casesByDay","cases","default","all","all",2022,7,28,2022-07-16,13676,FALSE
"infectious_disease","respiratory","COVID-19","Nation","England","E92000001","COVID-19_cases_casesByDay","cases","default","all","all",2022,7,28,2022-07-17,15702,FALSE
"infectious_disease","respiratory","COVID-19","Nation","England","E92000001","COVID-19_cases_casesByDay","cases","default","all","all",2022,7,29,2022-07-18,16918,FALSE
"infectious_disease","respiratory","COVID-19","Nation","England","E92000001","COVID-19_cases_casesByDay","cases","default","all","all",2022,7,29,2022-07-19,14865,FALSE
"infectious_disease","respiratory","COVID-19","Nation","England","E92000001","COVID-19_cases_casesByDay","cases","default","all","all",2022,7,29,2022-07-20,14534,FALSE
"infectious_disease","respiratory","COVID-19","Nation","England","E92000001","COVID-19_cases_casesByDay","cases","default","all","all",2022,7,29,2022-07-21,12790,FALSE
"infectious_disease","respiratory","COVID-19","Nation","England","E92000001","COVID-19_cases_casesByDay","cases","default","all","all",2022,7,29,2022-07-22,11177,FALSE
"infectious_disease","respiratory","COVID-19","Nation","England","E92000001","COVID-19_cases_casesByDay","cases","default","all","all",2022,7,29,2022-07-23,8909,FALSE
"infectious_disease","respiratory","COVID-19","Nation","England","E92000001","COVID-19_cases_casesByDay","cases","default","all","all",2022,7,29,2022-07-24,10214,FALSE
"infectious_disease","respiratory","COVID-19","Nation","England","E92000001","COVID-19_cases_casesByDay","cases","default","all","all",2022,7,30,2022-07-25,11927,FALSE
"infectious_disease","respiratory","COVID-19","Nation","England","E92000001","COVID-19_cases_casesByDay","cases","default","all","all",2022,7,30,2022-07-26,10482,FALSE
"infectious_disease","respiratory","COVID-19","Nation","England","E92000001","COVID-19_cases_casesByDay","cases","default","all","all",2022,7,30,2022-07-27,9435,FALSE
"infectious_disease","respiratory","COVID-19","Nation","England","E92000001","COVID-19_cases_casesByDay","cases","default","all","all",2022,7,30,2022-07-28,8339,FALSE
"infectious_disease","respiratory","COVID-19","Nation","England","E92000001","COVID-19_cases_casesByDay","cases","default","all","all",2022,7,30,2022-07-29,7584,FALSE
"infectious_disease","respiratory","COVID-19","Nation","England","E92000001","COVID-19_cases_casesByDay","cases","default","all","all",2022,7,30,2022-07-30,6612,FALSE
"infectious_disease","respiratory","COVID-19","Nation","England","E92000001","COVID-19_cases_casesByDay","cases","default","all","all",2022,7,30,2022-07-31,7671,FALSE
"infectious_disease","respiratory","COVID-19","Nation","England","E92000001","COVID-19_cases_casesByDay","cases","default","all","all",2022,8,31,2022-08-01,8814,FALSE
"infectious_disease","respiratory","COVID-19","Nation","England","E92000001","COVID-19_cases_casesByDay","cases","default","all","all",2022,8,31,2022-08-02,8165,FALSE
"infectious_disease","respiratory","COVID-19","Nation","England","E92000001","COVID-19_cases_casesByDay","cases","default","all","all",2022,8,31,2022-08-03,7419,FALSE
"infectious_disease","respiratory","COVID-19","Nation","England","E92000001","COVID-19_cases_casesByDay","cases","default","all","all",2022,8,31,2022-08-04,6524,FALSE
"infectious_disease","respiratory","COVID-19","Nation","England","E92000001","COVID-19_cases_casesByDay","cases","default","all","all",2022,8,31,2022-08-05,5859,FALSE
"infectious_disease","respiratory","COVID-19","Nation","England","E92000001","COVID-19_cases_casesByDay","cases","default","all","all",2022,8,31,2022-08-06,4851,FALSE
"infectious_disease","respiratory","COVID-19","Nation","England","E92000001","COVID-19_cases_casesByDay","cases","default","all","all",2022,8,31,2022-08-07,5897,FALSE
"infectious_disease","respiratory","COVID-19","Nation","England","E92000001","COVID-19_cases_casesByDay","cases","default","all","all",2022,8,32,2022-08-08,7226,FALSE
"infectious_disease","respiratory","COVID-19","Nation","England","E92000001","COVID-19_cases_casesByDay","cases","default","all","all",2022,8,32,2022-08-09,6462,FALSE
"infectious_disease","respiratory","COVID-19","Nation","England","E92000001","COVID-19_cases_casesByDay","cases","default","all","all",2022,8,32,2022-08-10,6003,FALSE
"infectious_disease","respiratory","COVID-19","Nation","England","E92000001","COVID-19_cases_casesByDay","cases","default","all","all",2022,8,32,2022-08-11,5445,FALSE
"infectious_disease","respiratory","COVID-19","Nation","England","E92000001","COVID-19_cases_casesByDay","cases","default","all","all",2022,8,32,2022-08-12,4781,FALSE
"infectious_disease","respiratory","COVID-19","Nation","England","E92000001","COVID-19_cases_casesByDay","cases","default","all","all",2022,8,32,2022-08-13,3978,FALSE
"infectious_disease","respiratory","COVID-19","Nation","England","E92000001","COVID-19_cases_casesByDay","cases","default","all","all",2022,8,32,2022-08-14,4781,FALSE
"infectious_disease","respiratory","COVID-19","Nation","England","E92000001","COVID-19_cases_casesByDay","cases","default","all","all",2022,8,33,2022-08-15,5606,FALSE
"infectious_disease","respiratory","COVID-19","Nation","England","E92000001","COVID-19_cases_casesByDay","cases","default","all","all",2022,8,33,2022-08-16,4845,FALSE
"infectious_disease","respiratory","COVID-19","Nation","England","E92000001","COVID-19_cases_casesByDay","cases","default","all","all",2022,8,33,2022-08-17,4421,FALSE
"infectious_disease","respiratory","COVID-19","Nation","England","E92000001","COVID-19_cases_casesByDay","cases","default","all","all",2022,8,33,2022-08-18,3989,FALSE
"infectious_disease","respiratory","COVID-19","Nation","England","E92000001","COVID-19_cases_casesByDay","cases","default","all","all",2022,8,33,2022-08-19,3492,FALSE
"infectious_disease","respiratory","COVID-19","Nation","England","E92000001","COVID-19_cases_casesByDay","cases","default","all","all",2022,8,33,2022-08-20,3059,FALSE
"infectious_disease","respiratory","COVID-19","Nation","England","E92000001","COVID-19_cases_casesByDay","cases","default","all","all",2022,8,33,2022-08-21,3547,FALSE
"infectious_disease","respiratory","COVID-19","Nation","England","E92000001","COVID-19_cases_casesByDay","cases","default","all","all",2022,8,34,2022-08-22,4575,FALSE
"infectious_disease","respiratory","COVID-19","Nation","England","E92000001","COVID-19_cases_casesByDay","cases","default","all","all",2022,8,34,2022-08-23,4076,FALSE
"infectious_disease","respiratory","COVID-19","Nation","England","E92000001","COVID-19_cases_casesByDay","cases","default","all","all",2022,8,34,2022-08-24,3913,FALSE
"infectious_disease","respiratory","COVID-19","Nation","England","E92000001","COVID-19_cases_casesByDay","cases","default","all","all",2022,8,34,2022-08-25,3263,FALSE
"infectious_disease","respiratory","COVID-19","Nation","England","E92000001","COVID-19_cases_casesByDay","cases","default","all","all",2022,8,34,2022-08-26,2997,FALSE
"infectious_disease","respiratory","COVID-19","Nation","England","E92000001","COVID-19_cases_casesByDay","cases","default","all","all",2022,8,34,2022-08-27,2606,FALSE
"infectious_disease","respiratory","COVID-19","Nation","England","E92000001","COVID-19_cases_casesByDay","cases","default","all","all",2022,8,34,2022-08-28,2882,FALSE
"infectious_disease","respiratory","COVID-19","Nation","England","E92000001","COVID-19_cases_casesByDay","cases","default","all","all",2022,8,35,2022-08-29,3936,FALSE
"infectious_disease","respiratory","COVID-19","Nation","England","E92000001","COVID-19_cases_casesByDay","cases","default","all","all",2022,8,35,2022-08-30,4473,FALSE
"infectious_disease","respiratory","COVID-19","Nation","England","E92000001","COVID-19_cases_casesByDay","cases","default","all","all",2022,8,35,2022-08-31,3975,FALSE
"infectious_disease","respiratory","COVID-19","Nation","England","E92000001","COVID-19_cases_casesByDay","cases","default","all","all",2022,9,35,2022-09-01,3759,FALSE
"infectious_disease","respiratory","COVID-19","Nation","England","E92000001","COVID-19_cases_casesByDay","cases","default","all","all",2022,9,35,2022-09-02,3238,FALSE
"infectious_disease","respiratory","COVID-19","Nation","England","E92000001","COVID-19_cases_casesByDay","cases","default","all","all",2022,9,35,2022-09-03,2971,FALSE
"infectious_disease","respiratory","COVID-19","Nation","England","E92000001","COVID-19_cases_casesByDay","cases","default","all","all",2022,9,35,2022-09-04,3759,FALSE
"infectious_disease","respiratory","COVID-19","Nation","England","E92000001","COVID-19_cases_casesByDay","cases","default","all","all",2022,9,36,2022-09-05,4385,FALSE
"infectious_disease","respiratory","COVID-19","Nation","England","E92000001","COVID-19_cases_casesByDay","cases","default","all","all",2022,9,36,2022-09-06,3940,FALSE
"infectious_disease","respiratory","COVID-19","Nation","England","E92000001","COVID-19_cases_casesByDay","cases","default","all","all",2022,9,36,2022-09-07,3749,FALSE
"infectious_disease","respiratory","COVID-19","Nation","England","E92000001","COVID-19_cases_casesByDay","cases","default","all","all",2022,9,36,2022-09-08,3250,FALSE
"infectious_disease","respiratory","COVID-19","Nation","England","E92000001","COVID-19_cases_casesByDay","cases","default","all","all",2022,9,36,2022-09-09,3103,FALSE
"infectious_disease","respiratory","COVID-19","Nation","England","E92000001","COVID-19_cases_casesByDay","cases","default","all","all",2022,9,36,2022-09-10,2861,FALSE
"infectious_disease","respiratory","COVID-19","Nation","England","E92000001","COVID-19_cases_casesByDay","cases","default","all","all",2022,9,36,2022-09-11,3890,FALSE
"infectious_disease","respiratory","COVID-19","Nation","England","E92000001","COVID-19_cases_casesByDay","cases","default","all","all",2022,9,37,2022-09-12,4757,FALSE
"infectious_disease","respiratory","COVID-19","Nation","England","E92000001","COVID-19_cases_casesByDay","cases","default","all","all",2022,9,37,2022-09-13,4601,FALSE
"infectious_disease","respiratory","COVID-19","Nation","England","E92000001","COVID-19_cases_casesByDay","cases","default","all","all",2022,9,37,2022-09-14,4453,FALSE
"infectious_disease","respiratory","COVID-19","Nation","England","E92000001","COVID-19_cases_casesByDay","cases","default","all","all",2022,9,37,2022-09-15,4200,FALSE
"infectious_disease","respiratory","COVID-19","Nation","England","E92000001","COVID-19_cases_casesByDay","cases","default","all","all",2022,9,37,2022-09-16,3728,FALSE
"infectious_disease","respiratory","COVID-19","Nation","England","E92000001","COVID-19_cases_casesByDay","cases","default","all","all",2022,9,37,2022-09-17,3188,FALSE
"infectious_disease","respiratory","COVID-19","Nation","England","E92000001","COVID-19_cases_casesByDay","cases","default","all","all",2022,9,37,2022-09-18,3943,FALSE
"infectious_disease","respiratory","COVID-19","Nation","England","E92000001","COVID-19_cases_casesByDay","cases","default","all","all",2022,9,38,2022-09-19,5701,FALSE
"infectious_disease","respiratory","COVID-19","Nation","England","E92000001","COVID-19_cases_casesByDay","cases","default","all","all",2022,9,38,2022-09-20,7205,FALSE
"infectious_disease","respiratory","COVID-19","Nation","England","E92000001","COVID-19_cases_casesByDay","cases","default","all","all",2022,9,38,2022-09-21,6943,FALSE
"infectious_disease","respiratory","COVID-19","Nation","England","E92000001","COVID-19_cases_casesByDay","cases","default","all","all",2022,9,38,2022-09-22,6295,FALSE
"infectious_disease","respiratory","COVID-19","Nation","England","E92000001","COVID-19_cases_casesByDay","cases","default","all","all",2022,9,38,2022-09-23,6012,FALSE
"infectious_disease","respiratory","COVID-19","Nation","England","E92000001","COVID-19_cases_casesByDay","cases","default","all","all",2022,9,38,2022-09-24,5311,FALSE
"infectious_disease","respiratory","COVID-19","Nation","England","E92000001","COVID-19_cases_casesByDay","cases","default","all","all",2022,9,38,2022-09-25,6738,FALSE
"infectious_disease","respiratory","COVID-19","Nation","England","E92000001","COVID-19_cases_casesByDay","cases","default","all","all",2022,9,39,2022-09-26,8050,FALSE
"infectious_disease","respiratory","COVID-19","Nation","England","E92000001","COVID-19_cases_casesByDay","cases","default","all","all",2022,9,39,2022-09-27,7651,FALSE
"infectious_disease","respiratory","COVID-19","Nation","England","E92000001","COVID-19_cases_casesByDay","cases","default","all","all",2022,9,39,2022-09-28,7805,FALSE
"infectious_disease","respiratory","COVID-19","Nation","England","E92000001","COVID-19_cases_casesByDay","cases","default","all","all",2022,9,39,2022-09-29,7352,FALSE
"infectious_disease","respiratory","COVID-19","Nation","England","E92000001","COVID-19_cases_casesByDay","cases","default","all","all",2022,9,39,2022-09-30,7097,FALSE
"infectious_disease","respiratory","COVID-19","Nation","England","E92000001","COVID-19_cases_casesByDay","cases","default","all","all",2022,10,39,2022-10-01,6564,FALSE
"infectious_disease","respiratory","COVID-19","Nation","England","E92000001","COVID-19_cases_casesByDay","cases","default","all","all",2022,10,39,2022-10-02,8623,FALSE
"infectious_disease","respiratory","COVID-19","Nation","England","E92000001","COVID-19_cases_casesByDay","cases","default","all","all",2022,10,40,2022-10-03,10881,FALSE
"infectious_disease","respiratory","COVID-19","Nation","England","E92000001","COVID-19_cases_casesByDay","cases","default","all","all",2022,10,40,2022-10-04,10247,FALSE
"infectious_disease","respiratory","COVID-19","Nation","England","E92000001","COVID-19_cases_casesByDay","cases","default","all","all",2022,10,40,2022-10-05,9548,FALSE
"infectious_disease","respiratory","COVID-19","Nation","England","E92000001","COVID-19_cases_casesByDay","cases","default","all","all",2022,10,40,2022-10-06,8821,FALSE
"infectious_disease","respiratory","COVID-19","Nation","England","E92000001","COVID-19_cases_casesByDay","cases","default","all","all",2022,10,40,2022-10-07,8335,FALSE
"infectious_disease","respiratory","COVID-19","Nation","England","E92000001","COVID-19_cases_casesByDay","cases","default","all","all",2022,10,40,2022-10-08,6582,FALSE
"infectious_disease","respiratory","COVID-19","Nation","England","E92000001","COVID-19_cases_casesByDay","cases","default","all","all",2022,10,40,2022-10-09,8014,FALSE
"infectious_disease","respiratory","COVID-19","Nation","England","E92000001","COVID-19_cases_casesByDay","cases","default","all","all",2022,10,41,2022-10-10,9836,FALSE
"infectious_disease","respiratory","COVID-19","Nation","England","E92000001","COVID-19_cases_casesByDay","cases","default","all","all",2022,10,41,2022-10-11,8780,FALSE
"infectious_disease","respiratory","COVID-19","Nation","England","E92000001","COVID-19_cases_casesByDay","cases","default","all","all",2022,10,41,2022-10-12,8124,FALSE
"infectious_disease","respiratory","COVID-19","Nation","England","E92000001","COVID-19_cases_casesByDay","cases","default","all","all",2022,10,41,2022-10-13,7564,FALSE
"infectious_disease","respiratory","COVID-19","Nation","England","E92000001","COVID-19_cases_casesByDay","cases","default","all","all",2022,10,41,2022-10-14,7341,FALSE
"infectious_disease","respiratory","COVID-19","Nation","England","E92000001","COVID-19_cases_casesByDay","cases","default","all","all",2022,10,41,2022-10-15,6005,FALSE
"infectious_disease","respiratory","COVID-19","Nation","England","E92000001","COVID-19_cases_casesByDay","cases","default","all","all",2022,10,41,2022-10-16,7257,FALSE
"infectious_disease","respiratory","COVID-19","Nation","England","E92000001","COVID-19_cases_casesByDay","cases","default","all","all",2022,10,42,2022-10-17,9302,FALSE
"infectious_disease","respiratory","COVID-19","Nation","England","E92000001","COVID-19_cases_casesByDay","cases","default","all","all",2022,10,42,2022-10-18,7668,FALSE
"infectious_disease","respiratory","COVID-19","Nation","England","E92000001","COVID-19_cases_casesByDay","cases","default","all","all",2022,10,42,2022-10-19,7042,FALSE
"infectious_disease","respiratory","COVID-19","Nation","England","E92000001","COVID-19_cases_casesByDay","cases","default","all","all",2022,10,42,2022-10-20,6075,FALSE
"infectious_disease","respiratory","COVID-19","Nation","England","E92000001","COVID-19_cases_casesByDay","cases","default","all","all",2022,10,42,2022-10-21,5759,FALSE
"infectious_disease","respiratory","COVID-19","Nation","England","E92000001","COVID-19_cases_casesByDay","cases","default","all","all",2022,10,42,2022-10-22,4527,FALSE
"infectious_disease","respiratory","COVID-19","Nation","England","E92000001","COVID-19_cases_casesByDay","cases","default","all","all",2022,10,42,2022-10-23,5012,FALSE
"infectious_disease","respiratory","COVID-19","Nation","England","E92000001","COVID-19_cases_casesByDay","cases","default","all","all",2022,10,43,2022-10-24,6146,FALSE
"infectious_disease","respiratory","COVID-19","Nation","England","E92000001","COVID-19_cases_casesByDay","cases","default","all","all",2022,10,43,2022-10-25,5179,FALSE
"infectious_disease","respiratory","COVID-19","Nation","England","E92000001","COVID-19_cases_casesByDay","cases","default","all","all",2022,10,43,2022-10-26,4924,FALSE
"infectious_disease","respiratory","COVID-19","Nation","England","E92000001","COVID-19_cases_casesByDay","cases","default","all","all",2022,10,43,2022-10-27,4374,FALSE
"infectious_disease","respiratory","COVID-19","Nation","England","E92000001","COVID-19_cases_casesByDay","cases","default","all","all",2022,10,43,2022-10-28,3916,FALSE
"infectious_disease","respiratory","COVID-19","Nation","England","E92000001","COVID-19_cases_casesByDay","cases","default","all","all",2022,10,43,2022-10-29,3227,FALSE
"infectious_disease","respiratory","COVID-19","Nation","England","E92000001","COVID-19_cases_casesByDay","cases","default","all","all",2022,10,43,2022-10-30,3827,FALSE
"infectious_disease","respiratory","COVID-19","Nation","England","E92000001","COVID-19_cases_casesByDay","cases","default","all","all",2022,10,44,2022-10-31,4633,FALSE
"infectious_disease","respiratory","COVID-19","Nation","England","E92000001","COVID-19_cases_casesByDay","cases","default","all","all",2022,11,44,2022-11-01,4091,FALSE
"infectious_disease","respiratory","COVID-19","Nation","England","E92000001","COVID-19_cases_casesByDay","cases","default","all","all",2022,11,44,2022-11-02,3599,FALSE
"infectious_disease","respiratory","COVID-19","Nation","England","E92000001","COVID-19_cases_casesByDay","cases","default","all","all",2022,11,44,2022-11-03,3261,FALSE
"infectious_disease","respiratory","COVID-19","Nation","England","E92000001","COVID-19_cases_casesByDay","cases","default","all","all",2022,11,44,2022-11-04,2761,FALSE
"infectious_disease","respiratory","COVID-19","Nation","England","E92000001","COVID-19_cases_casesByDay","cases","default","all","all",2022,11,44,2022-11-05,2374,FALSE
"infectious_disease","respiratory","COVID-19","Nation","England","E92000001","COVID-19_cases_casesByDay","cases","default","all","all",2022,11,44,2022-11-06,2917,FALSE
"infectious_disease","respiratory","COVID-19","Nation","England","E92000001","COVID-19_cases_casesByDay","cases","default","all","all",2022,11,45,2022-11-07,3878,FALSE
"infectious_disease","respiratory","COVID-19","Nation","England","E92000001","COVID-19_cases_casesByDay","cases","default","all","all",2022,11,45,2022-11-08,3380,FALSE
"infectious_disease","respiratory","COVID-19","Nation","England","E92000001","COVID-19_cases_casesByDay","cases","default","all","all",2022,11,45,2022-11-09,3184,FALSE
"infectious_disease","respiratory","COVID-19","Nation","England","E92000001","COVID-19_cases_casesByDay","cases","default","all","all",2022,11,45,2022-11-10,2806,FALSE
"infectious_disease","respiratory","COVID-19","Nation","England","E92000001","COVID-19_cases_casesByDay","cases","default","all","all",2022,11,45,2022-11-11,2564,FALSE
"infectious_disease","respiratory","COVID-19","Nation","England","E92000001","COVID-19_cases_casesByDay","cases","default","all","all",2022,11,45,2022-11-12,2171,FALSE
"infectious_disease","respiratory","COVID-19","Nation","England","E92000001","COVID-19_cases_casesByDay","cases","default","all","all",2022,11,45,2022-11-13,2646,FALSE
"infectious_disease","respiratory","COVID-19","Nation","England","E92000001","COVID-19_cases_casesByDay","cases","default","all","all",2022,11,46,2022-11-14,3494,FALSE
"infectious_disease","respiratory","COVID-19","Nation","England","E92000001","COVID-19_cases_casesByDay","cases","default","all","all",2022,11,46,2022-11-15,3160,FALSE
"infectious_disease","respiratory","COVID-19","Nation","England","E92000001","COVID-19_cases_casesByDay","cases","default","all","all",2022,11,46,2022-11-16,2933,FALSE
"infectious_disease","respiratory","COVID-19","Nation","England","E92000001","COVID-19_cases_casesByDay","cases","default","all","all",2022,11,46,2022-11-17,2703,FALSE
"infectious_disease","respiratory","COVID-19","Nation","England","E92000001","COVID-19_cases_casesByDay","cases","default","all","all",2022,11,46,2022-11-18,2501,FALSE
"infectious_disease","respiratory","COVID-19","Nation","England","E92000001","COVID-19_cases_casesByDay","cases","default","all","all",2022,11,46,2022-11-19,2207,FALSE
"infectious_disease","respiratory","COVID-19","Nation","England","E92000001","COVID-19_cases_casesByDay","cases","default","all","all",2022,11,46,2022-11-20,2612,FALSE
"infectious_disease","respiratory","COVID-19","Nation","England","E92000001","COVID-19_cases_casesByDay","cases","default","all","all",2022,11,47,2022-11-21,3549,FALSE
"infectious_disease","respiratory","COVID-19","Nation","England","E92000001","COVID-19_cases_casesByDay","cases","default","all","all",2022,11,47,2022-11-22,3451,FALSE
"infectious_disease","respiratory","COVID-19","Nation","England","E92000001","COVID-19_cases_casesByDay","cases","default","all","all",2022,11,47,2022-11-23,3241,FALSE
"infectious_disease","respiratory","COVID-19","Nation","England","E92000001","COVID-19_cases_casesByDay","cases","default","all","all",2022,11,47,2022-11-24,3006,FALSE
"infectious_disease","respiratory","COVID-19","Nation","England","E92000001","COVID-19_cases_casesByDay","cases","default","all","all",2022,11,47,2022-11-25,2637,FALSE
"infectious_disease","respiratory","COVID-19","Nation","England","E92000001","COVID-19_cases_casesByDay","cases","default","all","all",2022,11,47,2022-11-26,2304,FALSE
"infectious_disease","respiratory","COVID-19","Nation","England","E92000001","COVID-19_cases_casesByDay","cases","default","all","all",2022,11,47,2022-11-27,3152,FALSE
"infectious_disease","respiratory","COVID-19","Nation","England","E92000001","COVID-19_cases_casesByDay","cases","default","all","all",2022,11,48,2022-11-28,4237,FALSE
"infectious_disease","respiratory","COVID-19","Nation","England","E92000001","COVID-19_cases_casesByDay","cases","default","all","all",2022,11,48,2022-11-29,3972,FALSE
"infectious_disease","respiratory","COVID-19","Nation","England","E92000001","COVID-19_cases_casesByDay","cases","default","all","all",2022,11,48,2022-11-30,3607,FALSE
"infectious_disease","respiratory","COVID-19","Nation","England","E92000001","COVID-19_cases_casesByDay","cases","default","all","all",2022,12,48,2022-12-01,3214,FALSE
"infectious_disease","respiratory","COVID-19","Nation","England","E92000001","COVID-19_cases_casesByDay","cases","default","all","all",2022,12,48,2022-12-02,3276,FALSE
"infectious_disease","respiratory","COVID-19","Nation","England","E92000001","COVID-19_cases_casesByDay","cases","default","all","all",2022,12,48,2022-12-03,2481,FALSE
"infectious_disease","respiratory","COVID-19","Nation","England","E92000001","COVID-19_cases_casesByDay","cases","default","all","all",2022,12,48,2022-12-04,3409,FALSE
"infectious_disease","respiratory","COVID-19","Nation","England","E92000001","COVID-19_cases_casesByDay","cases","default","all","all",2022,12,49,2022-12-05,4848,FALSE
"infectious_disease","respiratory","COVID-19","Nation","England","E92000001","COVID-19_cases_casesByDay","cases","default","all","all",2022,12,49,2022-12-06,4760,FALSE
"infectious_disease","respiratory","COVID-19","Nation","England","E92000001","COVID-19_cases_casesByDay","cases","default","all","all",2022,12,49,2022-12-07,4641,FALSE
"infectious_disease","respiratory","COVID-19","Nation","England","E92000001","COVID-19_cases_casesByDay","cases","default","all","all",2022,12,49,2022-12-08,4093,FALSE
"infectious_disease","respiratory","COVID-19","Nation","England","E92000001","COVID-19_cases_casesByDay","cases","default","all","all",2022,12,49,2022-12-09,3826,FALSE
"infectious_disease","respiratory","COVID-19","Nation","England","E92000001","COVID-19_cases_casesByDay","cases","default","all","all",2022,12,49,2022-12-10,3287,FALSE
"infectious_disease","respiratory","COVID-19","Nation","England","E92000001","COVID-19_cases_casesByDay","cases","default","all","all",2022,12,49,2022-12-11,4226,FALSE
"infectious_disease","respiratory","COVID-19","Nation","England","E92000001","COVID-19_cases_casesByDay","cases","default","all","all",2022,12,50,2022-12-12,6358,FALSE
"infectious_disease","respiratory","COVID-19","Nation","England","E92000001","COVID-19_cases_casesByDay","cases","default","all","all",2022,12,50,2022-12-13,6485,FALSE
"infectious_disease","respiratory","COVID-19","Nation","England","E92000001","COVID-19_cases_casesByDay","cases","default","all","all",2022,12,50,2022-12-14,5962,FALSE
"infectious_disease","respiratory","COVID-19","Nation","England","E92000001","COVID-19_cases_casesByDay","cases","default","all","all",2022,12,50,2022-12-15,5549,FALSE
"infectious_disease","respiratory","COVID-19","Nation","England","E92000001","COVID-19_cases_casesByDay","cases","default","all","all",2022,12,50,2022-12-16,5525,FALSE
"infectious_disease","respiratory","COVID-19","Nation","England","E92000001","COVID-19_cases_casesByDay","cases","default","all","all",2022,12,50,2022-12-17,4275,FALSE
"infectious_disease","respiratory","COVID-19","Nation","England","E92000001","COVID-19_cases_casesByDay","cases","default","all","all",2022,12,50,2022-12-18,5214,FALSE
"infectious_disease","respiratory","COVID-19","Nation","England","E92000001","COVID-19_cases_casesByDay","cases","default","all","all",2022,12,51,2022-12-19,8242,FALSE
"infectious_disease","respiratory","COVID-19","Nation","England","E92000001","COVID-19_cases_casesByDay","cases","default","all","all",2022,12,51,2022-12-20,7839,FALSE
"infectious_disease","respiratory","COVID-19","Nation","England","E92000001","COVID-19_cases_casesByDay","cases","default","all","all",2022,12,51,2022-12-21,7044,FALSE
"infectious_disease","respiratory","COVID-19","Nation","England","E92000001","COVID-19_cases_casesByDay","cases","default","all","all",2022,12,51,2022-12-22,6240,FALSE
"infectious_disease","respiratory","COVID-19","Nation","England","E92000001","COVID-19_cases_casesByDay","cases","default","all","all",2022,12,51,2022-12-23,5226,FALSE
"infectious_disease","respiratory","COVID-19","Nation","England","E92000001","COVID-19_cases_casesByDay","cases","default","all","all",2022,12,51,2022-12-24,3778,FALSE
"infectious_disease","respiratory","COVID-19","Nation","England","E92000001","COVID-19_cases_casesByDay","cases","default","all","all",2022,12,51,2022-12-25,3383,FALSE
"infectious_disease","respiratory","COVID-19","Nation","England","E92000001","COVID-19_cases_casesByDay","cases","default","all","all",2022,12,52,2022-12-26,4501,FALSE
"infectious_disease","respiratory","COVID-19","Nation","England","E92000001","COVID-19_cases_casesByDay","cases","default","all","all",2022,12,52,2022-12-27,5980,FALSE
"infectious_disease","respiratory","COVID-19","Nation","England","E92000001","COVID-19_cases_casesByDay","cases","default","all","all",2022,12,52,2022-12-28,7610,FALSE
"infectious_disease","respiratory","COVID-19","Nation","England","E92000001","COVID-19_cases_casesByDay","cases","default","all","all",2022,12,52,2022-12-29,6955,FALSE
"infectious_disease","respiratory","COVID-19","Nation","England","E92000001","COVID-19_cases_casesByDay","cases","default","all","all",2022,12,52,2022-12-30,5526,FALSE
"infectious_disease","respiratory","COVID-19","Nation","England","E92000001","COVID-19_cases_casesByDay","cases","default","all","all",2022,12,52,2022-12-31,3891,FALSE
"infectious_disease","respiratory","COVID-19","Nation","England","E92000001","COVID-19_cases_casesByDay","cases","default","all","all",2023,1,52,2023-01-01,3339,FALSE
"infectious_disease","respiratory","COVID-19","Nation","England","E92000001","COVID-19_cases_casesByDay","cases","default","all","all",2023,1,1,2023-01-02,4636,FALSE
"infectious_disease","respiratory","COVID-19","Nation","England","E92000001","COVID-19_cases_casesByDay","cases","default","all","all",2023,1,1,2023-01-03,5740,FALSE
"infectious_disease","respiratory","COVID-19","Nation","England","E92000001","COVID-19_cases_casesByDay","cases","default","all","all",2023,1,1,2023-01-04,5013,FALSE
"infectious_disease","respiratory","COVID-19","Nation","England","E92000001","COVID-19_cases_casesByDay","cases","default","all","all",2023,1,1,2023-01-05,4170,FALSE
"infectious_disease","respiratory","COVID-19","Nation","England","E92000001","COVID-19_cases_casesByDay","cases","default","all","all",2023,1,1,2023-01-06,3415,FALSE
"infectious_disease","respiratory","COVID-19","Nation","England","E92000001","COVID-19_cases_casesByDay","cases","default","all","all",2023,1,1,2023-01-07,2416,FALSE
"infectious_disease","respiratory","COVID-19","Nation","England","E92000001","COVID-19_cases_casesByDay","cases","default","all","all",2023,1,1,2023-01-08,2501,FALSE
"infectious_disease","respiratory","COVID-19","Nation","England","E92000001","COVID-19_cases_casesByDay","cases","default","all","all",2023,1,2,2023-01-09,3213,FALSE
"infectious_disease","respiratory","COVID-19","Nation","England","E92000001","COVID-19_cases_casesByDay","cases","default","all","all",2023,1,2,2023-01-10,2803,FALSE
"infectious_disease","respiratory","COVID-19","Nation","England","E92000001","COVID-19_cases_casesByDay","cases","default","all","all",2023,1,2,2023-01-11,2372,FALSE
"infectious_disease","respiratory","COVID-19","Nation","England","E92000001","COVID-19_cases_casesByDay","cases","default","all","all",2023,1,2,2023-01-12,2205,FALSE
"infectious_disease","respiratory","COVID-19","Nation","England","E92000001","COVID-19_cases_casesByDay","cases","default","all","all",2023,1,2,2023-01-13,1905,FALSE
"infectious_disease","respiratory","COVID-19","Nation","England","E92000001","COVID-19_cases_casesByDay","cases","default","all","all",2023,1,2,2023-01-14,1329,FALSE
"infectious_disease","respiratory","COVID-19","Nation","England","E92000001","COVID-19_cases_casesByDay","cases","default","all","all",2023,1,2,2023-01-15,1673,FALSE
"infectious_disease","respiratory","COVID-19","Nation","England","E92000001","COVID-19_cases_casesByDay","cases","default","all","all",2023,1,3,2023-01-16,2309,FALSE
"infectious_disease","respiratory","COVID-19","Nation","England","E92000001","COVID-19_cases_casesByDay","cases","default","all","all",2023,1,3,2023-01-17,1989,FALSE
"infectious_disease","respiratory","COVID-19","Nation","England","E92000001","COVID-19_cases_casesByDay","cases","default","all","all",2023,1,3,2023-01-18,1901,FALSE
"infectious_disease","respiratory","COVID-19","Nation","England","E92000001","COVID-19_cases_casesByDay","cases","default","all","all",2023,1,3,2023-01-19,1809,FALSE
"infectious_disease","respiratory","COVID-19","Nation","England","E92000001","COVID-19_cases_casesByDay","cases","default","all","all",2023,1,3,2023-01-20,1699,FALSE
"infectious_disease","respiratory","COVID-19","Nation","England","E92000001","COVID-19_cases_casesByDay","cases","default","all","all",2023,1,3,2023-01-21,1400,FALSE
"infectious_disease","respiratory","COVID-19","Nation","England","E92000001","COVID-19_cases_casesByDay","cases","default","all","all",2023,1,3,2023-01-22,1748,FALSE
"infectious_disease","respiratory","COVID-19","Nation","England","E92000001","COVID-19_cases_casesByDay","cases","default","all","all",2023,1,4,2023-01-23,2384,FALSE
"infectious_disease","respiratory","COVID-19","Nation","England","E92000001","COVID-19_cases_casesByDay","cases","default","all","all",2023,1,4,2023-01-24,2552,FALSE
"infectious_disease","respiratory","COVID-19","Nation","England","E92000001","COVID-19_cases_casesByDay","cases","default","all","all",2023,1,4,2023-01-25,2423,FALSE
"infectious_disease","respiratory","COVID-19","Nation","England","E92000001","COVID-19_cases_casesByDay","cases","default","all","all",2023,1,4,2023-01-26,2337,FALSE
"infectious_disease","respiratory","COVID-19","Nation","England","E92000001","COVID-19_cases_casesByDay","cases","default","all","all",2023,1,4,2023-01-27,2270,FALSE
"infectious_disease","respiratory","COVID-19","Nation","England","E92000001","COVID-19_cases_casesByDay","cases","default","all","all",2023,1,4,2023-01-28,1803,FALSE
"infectious_disease","respiratory","COVID-19","Nation","England","E92000001","COVID-19_cases_casesByDay","cases","default","all","all",2023,1,4,2023-01-29,2250,FALSE
"infectious_disease","respiratory","COVID-19","Nation","England","E92000001","COVID-19_cases_casesByDay","cases","default","all","all",2023,1,5,2023-01-30,3270,FALSE
"infectious_disease","respiratory","COVID-19","Nation","England","E92000001","COVID-19_cases_casesByDay","cases","default","all","all",2023,1,5,2023-01-31,3281,FALSE
"infectious_disease","respiratory","COVID-19","Nation","England","E92000001","COVID-19_cases_casesByDay","cases","default","all","all",2023,2,5,2023-02-01,3214,FALSE
"infectious_disease","respiratory","COVID-19","Nation","England","E92000001","COVID-19_cases_casesByDay","cases","default","all","all",2023,2,5,2023-02-02,2956,FALSE
"infectious_disease","respiratory","COVID-19","Nation","England","E92000001","COVID-19_cases_casesByDay","cases","default","all","all",2023,2,5,2023-02-03,2752,FALSE
"infectious_disease","respiratory","COVID-19","Nation","England","E92000001","COVID-19_cases_casesByDay","cases","default","all","all",2023,2,5,2023-02-04,2225,FALSE
"infectious_disease","respiratory","COVID-19","Nation","England","E92000001","COVID-19_cases_casesByDay","cases","default","all","all",2023,2,5,2023-02-05,2616,FALSE
"infectious_disease","respiratory","COVID-19","Nation","England","E92000001","COVID-19_cases_casesByDay","cases","default","all","all",2023,2,6,2023-02-06,3621,FALSE
"infectious_disease","respiratory","COVID-19","Nation","England","E92000001","COVID-19_cases_casesByDay","cases","default","all","all",2023,2,6,2023-02-07,3396,FALSE
"infectious_disease","respiratory","COVID-19","Nation","England","E92000001","COVID-19_cases_casesByDay","cases","default","all","all",2023,2,6,2023-02-08,3335,FALSE
"infectious_disease","respiratory","COVID-19","Nation","England","E92000001","COVID-19_cases_casesByDay","cases","default","all","all",2023,2,6,2023-02-09,3045,FALSE
"infectious_disease","respiratory","COVID-19","Nation","England","E92000001","COVID-19_cases_casesByDay","cases","default","all","all",2023,2,6,2023-02-10,3051,FALSE
"infectious_disease","respiratory","COVID-19","Nation","England","E92000001","COVID-19_cases_casesByDay","cases","default","all","all",2023,2,6,2023-02-11,2398,FALSE
"infectious_disease","respiratory","COVID-19","Nation","England","E92000001","COVID-19_cases_casesByDay","cases","default","all","all",2023,2,6,2023-02-12,2920,FALSE
"infectious_disease","respiratory","COVID-19","Nation","England","E92000001","COVID-19_cases_casesByDay","cases","default","all","all",2023,2,7,2023-02-13,4551,FALSE
"infectious_disease","respiratory","COVID-19","Nation","England","E92000001","COVID-19_cases_casesByDay","cases","default","all","all",2023,2,7,2023-02-14,4357,FALSE
"infectious_disease","respiratory","COVID-19","Nation","England","E92000001","COVID-19_cases_casesByDay","cases","default","all","all",2023,2,7,2023-02-15,3894,FALSE
"infectious_disease","respiratory","COVID-19","Nation","England","E92000001","COVID-19_cases_casesByDay","cases","default","all","all",2023,2,7,2023-02-16,4005,FALSE
"infectious_disease","respiratory","COVID-19","Nation","England","E92000001","COVID-19_cases_casesByDay","cases","default","all","all",2023,2,7,2023-02-17,3780,FALSE
"infectious_disease","respiratory","COVID-19","Nation","England","E92000001","COVID-19_cases_casesByDay","cases","default","all","all",2023,2,7,2023-02-18,2907,FALSE
"infectious_disease","respiratory","COVID-19","Nation","England","E92000001","COVID-19_cases_casesByDay","cases","default","all","all",2023,2,7,2023-02-19,3436,FALSE
"infectious_disease","respiratory","COVID-19","Nation","England","E92000001","COVID-19_cases_casesByDay","cases","default","all","all",2023,2,8,2023-02-20,4554,FALSE
"infectious_disease","respiratory","COVID-19","Nation","England","E92000001","COVID-19_cases_casesByDay","cases","default","all","all",2023,2,8,2023-02-21,4326,FALSE
"infectious_disease","respiratory","COVID-19","Nation","England","E92000001","COVID-19_cases_casesByDay","cases","default","all","all",2023,2,8,2023-02-22,3856,FALSE
"infectious_disease","respiratory","COVID-19","Nation","England","E92000001","COVID-19_cases_casesByDay","cases","default","all","all",2023,2,8,2023-02-23,3474,FALSE
"infectious_disease","respiratory","COVID-19","Nation","England","E92000001","COVID-19_cases_casesByDay","cases","default","all","all",2023,2,8,2023-02-24,3112,FALSE
"infectious_disease","respiratory","COVID-19","Nation","England","E92000001","COVID-19_cases_casesByDay","cases","default","all","all",2023,2,8,2023-02-25,2529,FALSE
"infectious_disease","respiratory","COVID-19","Nation","England","E92000001","COVID-19_cases_casesByDay","cases","default","all","all",2023,2,8,2023-02-26,2901,FALSE
"infectious_disease","respiratory","COVID-19","Nation","England","E92000001","COVID-19_cases_casesByDay","cases","default","all","all",2023,2,9,2023-02-27,4319,FALSE
"infectious_disease","respiratory","COVID-19","Nation","England","E92000001","COVID-19_cases_casesByDay","cases","default","all","all",2023,2,9,2023-02-28,4152,FALSE
"infectious_disease","respiratory","COVID-19","Nation","England","E92000001","COVID-19_cases_casesByDay","cases","default","all","all",2023,3,9,2023-03-01,3973,FALSE
"infectious_disease","respiratory","COVID-19","Nation","England","E92000001","COVID-19_cases_casesByDay","cases","default","all","all",2023,3,9,2023-03-02,3567,FALSE
"infectious_disease","respiratory","COVID-19","Nation","England","E92000001","COVID-19_cases_casesByDay","cases","default","all","all",2023,3,9,2023-03-03,3420,FALSE
"infectious_disease","respiratory","COVID-19","Nation","England","E92000001","COVID-19_cases_casesByDay","cases","default","all","all",2023,3,9,2023-03-04,2573,FALSE
"infectious_disease","respiratory","COVID-19","Nation","England","E92000001","COVID-19_cases_casesByDay","cases","default","all","all",2023,3,9,2023-03-05,3155,FALSE
"infectious_disease","respiratory","COVID-19","Nation","England","E92000001","COVID-19_cases_casesByDay","cases","default","all","all",2023,3,10,2023-03-06,4580,FALSE
"infectious_disease","respiratory","COVID-19","Nation","England","E92000001","COVID-19_cases_casesByDay","cases","default","all","all",2023,3,10,2023-03-07,4457,FALSE
"infectious_disease","respiratory","COVID-19","Nation","England","E92000001","COVID-19_cases_casesByDay","cases","default","all","all",2023,3,10,2023-03-08,4318,FALSE
"infectious_disease","respiratory","COVID-19","Nation","England","E92000001","COVID-19_cases_casesByDay","cases","default","all","all",2023,3,10,2023-03-09,3963,FALSE
"infectious_disease","respiratory","COVID-19","Nation","England","E92000001","COVID-19_cases_casesByDay","cases","default","all","all",2023,3,10,2023-03-10,3592,FALSE
"infectious_disease","respiratory","COVID-19","Nation","England","E92000001","COVID-19_cases_casesByDay","cases","default","all","all",2023,3,10,2023-03-11,3084,FALSE
"infectious_disease","respiratory","COVID-19","Nation","England","E92000001","COVID-19_cases_casesByDay","cases","default","all","all",2023,3,10,2023-03-12,4029,FALSE
"infectious_disease","respiratory","COVID-19","Nation","England","E92000001","COVID-19_cases_casesByDay","cases","default","all","all",2023,3,11,2023-03-13,5285,FALSE
"infectious_disease","respiratory","COVID-19","Nation","England","E92000001","COVID-19_cases_casesByDay","cases","default","all","all",2023,3,11,2023-03-14,5073,FALSE
"infectious_disease","respiratory","COVID-19","Nation","England","E92000001","COVID-19_cases_casesByDay","cases","default","all","all",2023,3,11,2023-03-15,4372,FALSE
"infectious_disease","respiratory","COVID-19","Nation","England","E92000001","COVID-19_cases_casesByDay","cases","default","all","all",2023,3,11,2023-03-16,4350,FALSE
"infectious_disease","respiratory","COVID-19","Nation","England","E92000001","COVID-19_cases_casesByDay","cases","default","all","all",2023,3,11,2023-03-17,3718,FALSE
"infectious_disease","respiratory","COVID-19","Nation","England","E92000001","COVID-19_cases_casesByDay","cases","default","all","all",2023,3,11,2023-03-18,3109,FALSE
"infectious_disease","respiratory","COVID-19","Nation","England","E92000001","COVID-19_cases_casesByDay","cases","default","all","all",2023,3,11,2023-03-19,3683,FALSE
"infectious_disease","respiratory","COVID-19","Nation","England","E92000001","COVID-19_cases_casesByDay","cases","default","all","all",2023,3,12,2023-03-20,4729,FALSE
"infectious_disease","respiratory","COVID-19","Nation","England","E92000001","COVID-19_cases_casesByDay","cases","default","all","all",2023,3,12,2023-03-21,4747,FALSE
"infectious_disease","respiratory","COVID-19","Nation","England","E92000001","COVID-19_cases_casesByDay","cases","default","all","all",2023,3,12,2023-03-22,4326,FALSE
"infectious_disease","respiratory","COVID-19","Nation","England","E92000001","COVID-19_cases_casesByDay","cases","default","all","all",2023,3,12,2023-03-23,3969,FALSE
"infectious_disease","respiratory","COVID-19","Nation","England","E92000001","COVID-19_cases_casesByDay","cases","default","all","all",2023,3,12,2023-03-24,3745,FALSE
"infectious_disease","respiratory","COVID-19","Nation","England","E92000001","COVID-19_cases_casesByDay","cases","default","all","all",2023,3,12,2023-03-25,2747,FALSE
"infectious_disease","respiratory","COVID-19","Nation","England","E92000001","COVID-19_cases_casesByDay","cases","default","all","all",2023,3,12,2023-03-26,3156,FALSE
"infectious_disease","respiratory","COVID-19","Nation","England","E92000001","COVID-19_cases_casesByDay","cases","default","all","all",2023,3,13,2023-03-27,3926,FALSE
"infectious_disease","respiratory","COVID-19","Nation","England","E92000001","COVID-19_cases_casesByDay","cases","default","all","all",2023,3,13,2023-03-28,3594,FALSE
"infectious_disease","respiratory","COVID-19","Nation","England","E92000001","COVID-19_cases_casesByDay","cases","default","all","all",2023,3,13,2023-03-29,3438,FALSE
"infectious_disease","respiratory","COVID-19","Nation","England","E92000001","COVID-19_cases_casesByDay","cases","default","all","all",2023,3,13,2023-03-30,3051,FALSE
"infectious_disease","respiratory","COVID-19","Nation","England","E92000001","COVID-19_cases_casesByDay","cases","default","all","all",2023,3,13,2023-03-31,2510,FALSE
"infectious_disease","respiratory","COVID-19","Nation","England","E92000001","COVID-19_cases_casesByDay","cases","default","all","all",2023,4,13,2023-04-01,2083,FALSE
"infectious_disease","respiratory","COVID-19","Nation","England","E92000001","COVID-19_cases_casesByDay","cases","default","all","all",2023,4,13,2023-04-02,2249,FALSE
"infectious_disease","respiratory","COVID-19","Nation","England","E92000001","COVID-19_cases_casesByDay","cases","default","all","all",2023,4,14,2023-04-03,2459,FALSE
"infectious_disease","respiratory","COVID-19","Nation","England","E92000001","COVID-19_cases_casesByDay","cases","default","all","all",2023,4,14,2023-04-04,2185,FALSE
"infectious_disease","respiratory","COVID-19","Nation","England","E92000001","COVID-19_cases_casesByDay","cases","default","all","all",2023,4,14,2023-04-05,2237,FALSE
"infectious_disease","respiratory","COVID-19","Nation","England","E92000001","COVID-19_cases_casesByDay","cases","default","all","all",2023,4,14,2023-04-06,1967,FALSE
"infectious_disease","respiratory","COVID-19","Nation","England","E92000001","COVID-19_cases_casesByDay","cases","default","all","all",2023,4,14,2023-04-07,1599,FALSE
"infectious_disease","respiratory","COVID-19","Nation","England","E92000001","COVID-19_cases_casesByDay","cases","default","all","all",2023,4,14,2023-04-08,1531,FALSE
"infectious_disease","respiratory","COVID-19","Nation","England","E92000001","COVID-19_cases_casesByDay","cases","default","all","all",2023,4,14,2023-04-09,1643,FALSE
"infectious_disease","respiratory","COVID-19","Nation","England","E92000001","COVID-19_cases_casesByDay","cases","default","all","all",2023,4,15,2023-04-10,2134,FALSE
"infectious_disease","respiratory","COVID-19","Nation","England","E92000001","COVID-19_cases_casesByDay","cases","default","all","all",2023,4,15,2023-04-11,2282,FALSE
"infectious_disease","respiratory","COVID-19","Nation","England","E92000001","COVID-19_cases_casesByDay","cases","default","all","all",2023,4,15,2023-04-12,2056,FALSE
"infectious_disease","respiratory","COVID-19","Nation","England","E92000001","COVID-19_cases_casesByDay","cases","default","all","all",2023,4,15,2023-04-13,1880,FALSE
"infectious_disease","respiratory","COVID-19","Nation","England","E92000001","COVID-19_cases_casesByDay","cases","default","all","all",2023,4,15,2023-04-14,1553,FALSE
"infectious_disease","respiratory","COVID-19","Nation","England","E92000001","COVID-19_cases_casesByDay","cases","default","all","all",2023,4,15,2023-04-15,1272,FALSE
"infectious_disease","respiratory","COVID-19","Nation","England","E92000001","COVID-19_cases_casesByDay","cases","default","all","all",2023,4,15,2023-04-16,1788,FALSE
"infectious_disease","respiratory","COVID-19","Nation","England","E92000001","COVID-19_cases_casesByDay","cases","default","all","all",2023,4,16,2023-04-17,2060,FALSE
"infectious_disease","respiratory","COVID-19","Nation","England","E92000001","COVID-19_cases_casesByDay","cases","default","all","all",2023,4,16,2023-04-18,1803,FALSE
"infectious_disease","respiratory","COVID-19","Nation","England","E92000001","COVID-19_cases_casesByDay","cases","default","all","all",2023,4,16,2023-04-19,1703,FALSE
"infectious_disease","respiratory","COVID-19","Nation","England","E92000001","COVID-19_cases_casesByDay","cases","default","all","all",2023,4,16,2023-04-20,1488,FALSE
"infectious_disease","respiratory","COVID-19","Nation","England","E92000001","COVID-19_cases_casesByDay","cases","default","all","all",2023,4,16,2023-04-21,1343,FALSE
"infectious_disease","respiratory","COVID-19","Nation","England","E92000001","COVID-19_cases_casesByDay","cases","default","all","all",2023,4,16,2023-04-22,1191,FALSE
"infectious_disease","respiratory","COVID-19","Nation","England","E92000001","COVID-19_cases_casesByDay","cases","default","all","all",2023,4,16,2023-04-23,1433,FALSE
"infectious_disease","respiratory","COVID-19","Nation","England","E92000001","COVID-19_cases_casesByDay","cases","default","all","all",2023,4,17,2023-04-24,1708,FALSE
"infectious_disease","respiratory","COVID-19","Nation","England","E92000001","COVID-19_cases_casesByDay","cases","default","all","all",2023,4,17,2023-04-25,1605,FALSE
"infectious_disease","respiratory","COVID-19","Nation","England","E92000001","COVID-19_cases_casesByDay","cases","default","all","all",2023,4,17,2023-04-26,1569,FALSE
"infectious_disease","respiratory","COVID-19","Nation","England","E92000001","COVID-19_cases_casesByDay","cases","default","all","all",2023,4,17,2023-04-27,1514,FALSE
"infectious_disease","respiratory","COVID-19","Nation","England","E92000001","COVID-19_cases_casesByDay","cases","default","all","all",2023,4,17,2023-04-28,1369,FALSE
"infectious_disease","respiratory","COVID-19","Nation","England","E92000001","COVID-19_cases_casesByDay","cases","default","all","all",2023,4,17,2023-04-29,1211,FALSE
"infectious_disease","respiratory","COVID-19","Nation","England","E92000001","COVID-19_cases_casesByDay","cases","default","all","all",2023,4,17,2023-04-30,1240,FALSE
"infectious_disease","respiratory","COVID-19","Nation","England","E92000001","COVID-19_cases_casesByDay","cases","default","all","all",2023,5,18,2023-05-01,1651,FALSE
"infectious_disease","respiratory","COVID-19","Nation","England","E92000001","COVID-19_cases_casesByDay","cases","default","all","all",2023,5,18,2023-05-02,1778,FALSE
"infectious_disease","respiratory","COVID-19","Nation","England","E92000001","COVID-19_cases_casesByDay","cases","default","all","all",2023,5,18,2023-05-03,1527,FALSE
"infectious_disease","respiratory","COVID-19","Nation","England","E92000001","COVID-19_cases_casesByDay","cases","default","all","all",2023,5,18,2023-05-04,1478,FALSE
"infectious_disease","respiratory","COVID-19","Nation","England","E92000001","COVID-19_cases_casesByDay","cases","default","all","all",2023,5,18,2023-05-05,1198,FALSE
"infectious_disease","respiratory","COVID-19","Nation","England","E92000001","COVID-19_cases_casesByDay","cases","default","all","all",2023,5,18,2023-05-06,934,FALSE
"infectious_disease","respiratory","COVID-19","Nation","England","E92000001","COVID-19_cases_casesByDay","cases","default","all","all",2023,5,18,2023-05-07,1109,FALSE
"infectious_disease","respiratory","COVID-19","Nation","England","E92000001","COVID-19_cases_casesByDay","cases","default","all","all",2023,5,19,2023-05-08,1328,FALSE
"infectious_disease","respiratory","COVID-19","Nation","England","E92000001","COVID-19_cases_casesByDay","cases","default","all","all",2023,5,19,2023-05-09,1445,FALSE
"infectious_disease","respiratory","COVID-19","Nation","England","E92000001","COVID-19_cases_casesByDay","cases","default","all","all",2023,5,19,2023-05-10,1267,FALSE
"infectious_disease","respiratory","COVID-19","Nation","England","E92000001","COVID-19_cases_casesByDay","cases","default","all","all",2023,5,19,2023-05-11,1196,FALSE
"infectious_disease","respiratory","COVID-19","Nation","England","E92000001","COVID-19_cases_casesByDay","cases","default","all","all",2023,5,19,2023-05-12,945,FALSE
"infectious_disease","respiratory","COVID-19","Nation","England","E92000001","COVID-19_cases_casesByDay","cases","default","all","all",2023,5,19,2023-05-13,782,FALSE
"infectious_disease","respiratory","COVID-19","Nation","England","E92000001","COVID-19_cases_casesByDay","cases","default","all","all",2023,5,19,2023-05-14,1030,FALSE
"infectious_disease","respiratory","COVID-19","Nation","England","E92000001","COVID-19_cases_casesByDay","cases","default","all","all",2023,5,20,2023-05-15,1139,FALSE
"infectious_disease","respiratory","COVID-19","Nation","England","E92000001","COVID-19_cases_casesByDay","cases","default","all","all",2023,5,20,2023-05-16,1070,FALSE
"infectious_disease","respiratory","COVID-19","Nation","England","E92000001","COVID-19_cases_casesByDay","cases","default","all","all",2023,5,20,2023-05-17,991,FALSE
"infectious_disease","respiratory","COVID-19","Nation","England","E92000001","COVID-19_cases_casesByDay","cases","default","all","all",2023,5,20,2023-05-18,974,FALSE
"infectious_disease","respiratory","COVID-19","Nation","England","E92000001","COVID-19_cases_casesByDay","cases","default","all","all",2023,5,20,2023-05-19,882,FALSE
"infectious_disease","respiratory","COVID-19","Nation","England","E92000001","COVID-19_cases_casesByDay","cases","default","all","all",2023,5,20,2023-05-20,717,FALSE
"infectious_disease","respiratory","COVID-19","Nation","England","E92000001","COVID-19_cases_casesByDay","cases","default","all","all",2023,5,20,2023-05-21,881,FALSE
"infectious_disease","respiratory","COVID-19","Nation","England","E92000001","COVID-19_cases_casesByDay","cases","default","all","all",2023,5,21,2023-05-22,1095,FALSE
"infectious_disease","respiratory","COVID-19","Nation","England","E92000001","COVID-19_cases_casesByDay","cases","default","all","all",2023,5,21,2023-05-23,1041,FALSE
"infectious_disease","respiratory","COVID-19","Nation","England","E92000001","COVID-19_cases_casesByDay","cases","default","all","all",2023,5,21,2023-05-24,922,FALSE
"infectious_disease","respiratory","COVID-19","Nation","England","E92000001","COVID-19_cases_casesByDay","cases","default","all","all",2023,5,21,2023-05-25,821,FALSE
"infectious_disease","respiratory","COVID-19","Nation","England","E92000001","COVID-19_cases_casesByDay","cases","default","all","all",2023,5,21,2023-05-26,708,FALSE
"infectious_disease","respiratory","COVID-19","Nation","England","E92000001","COVID-19_cases_casesByDay","cases","default","all","all",2023,5,21,2023-05-27,567,FALSE
"infectious_disease","respiratory","COVID-19","Nation","England","E92000001","COVID-19_cases_casesByDay","cases","default","all","all",2023,5,21,2023-05-28,596,FALSE
"infectious_disease","respiratory","COVID-19","Nation","England","E92000001","COVID-19_cases_casesByDay","cases","default","all","all",2023,5,22,2023-05-29,746,FALSE
"infectious_disease","respiratory","COVID-19","Nation","England","E92000001","COVID-19_cases_casesByDay","cases","default","all","all",2023,5,22,2023-05-30,781,FALSE
"infectious_disease","respiratory","COVID-19","Nation","England","E92000001","COVID-19_cases_casesByDay","cases","default","all","all",2023,5,22,2023-05-31,812,FALSE
"infectious_disease","respiratory","COVID-19","Nation","England","E92000001","COVID-19_cases_casesByDay","cases","default","all","all",2023,6,22,2023-06-01,674,FALSE
"infectious_disease","respiratory","COVID-19","Nation","England","E92000001","COVID-19_cases_casesByDay","cases","default","all","all",2023,6,22,2023-06-02,578,FALSE
"infectious_disease","respiratory","COVID-19","Nation","England","E92000001","COVID-19_cases_casesByDay","cases","default","all","all",2023,6,22,2023-06-03,472,FALSE
"infectious_disease","respiratory","COVID-19","Nation","England","E92000001","COVID-19_cases_casesByDay","cases","default","all","all",2023,6,22,2023-06-04,615,FALSE
"infectious_disease","respiratory","COVID-19","Nation","England","E92000001","COVID-19_cases_casesByDay","cases","default","all","all",2023,6,23,2023-06-05,807,FALSE
"infectious_disease","respiratory","COVID-19","Nation","England","E92000001","COVID-19_cases_casesByDay","cases","default","all","all",2023,6,23,2023-06-06,756,FALSE
"infectious_disease","respiratory","COVID-19","Nation","England","E92000001","COVID-19_cases_casesByDay","cases","default","all","all",2023,6,23,2023-06-07,682,FALSE
"infectious_disease","respiratory","COVID-19","Nation","England","E92000001","COVID-19_cases_casesByDay","cases","default","all","all",2023,6,23,2023-06-08,578,FALSE
"infectious_disease","respiratory","COVID-19","Nation","England","E92000001","COVID-19_cases_casesByDay","cases","default","all","all",2023,6,23,2023-06-09,468,FALSE
"infectious_disease","respiratory","COVID-19","Nation","England","E92000001","COVID-19_cases_casesByDay","cases","default","all","all",2023,6,23,2023-06-10,382,FALSE
"infectious_disease","respiratory","COVID-19","Nation","England","E92000001","COVID-19_cases_casesByDay","cases","default","all","all",2023,6,23,2023-06-11,517,FALSE
"infectious_disease","respiratory","COVID-19","Nation","England","E92000001","COVID-19_cases_casesByDay","cases","default","all","all",2023,6,24,2023-06-12,584,FALSE
"infectious_disease","respiratory","COVID-19","Nation","England","E92000001","COVID-19_cases_casesByDay","cases","default","all","all",2023,6,24,2023-06-13,510,FALSE
"infectious_disease","respiratory","COVID-19","Nation","England","E92000001","COVID-19_cases_casesByDay","cases","default","all","all",2023,6,24,2023-06-14,464,FALSE
"infectious_disease","respiratory","COVID-19","Nation","England","E92000001","COVID-19_cases_casesByDay","cases","default","all","all",2023,6,24,2023-06-15,385,FALSE
"infectious_disease","respiratory","COVID-19","Nation","England","E92000001","COVID-19_cases_casesByDay","cases","default","all","all",2023,6,24,2023-06-16,341,FALSE
"infectious_disease","respiratory","COVID-19","Nation","England","E92000001","COVID-19_cases_casesByDay","cases","default","all","all",2023,6,24,2023-06-17,333,FALSE
"infectious_disease","respiratory","COVID-19","Nation","England","E92000001","COVID-19_cases_casesByDay","cases","default","all","all",2023,6,24,2023-06-18,350,FALSE
"infectious_disease","respiratory","COVID-19","Nation","England","E92000001","COVID-19_cases_casesByDay","cases","default","all","all",2023,6,25,2023-06-19,421,FALSE
"infectious_disease","respiratory","COVID-19","Nation","England","E92000001","COVID-19_cases_casesByDay","cases","default","all","all",2023,6,25,2023-06-20,396,FALSE
"infectious_disease","respiratory","COVID-19","Nation","England","E92000001","COVID-19_cases_casesByDay","cases","default","all","all",2023,6,25,2023-06-21,371,FALSE
"infectious_disease","respiratory","COVID-19","Nation","England","E92000001","COVID-19_cases_casesByDay","cases","default","all","all",2023,6,25,2023-06-22,347,FALSE
"infectious_disease","respiratory","COVID-19","Nation","England","E92000001","COVID-19_cases_casesByDay","cases","default","all","all",2023,6,25,2023-06-23,290,FALSE
"infectious_disease","respiratory","COVID-19","Nation","England","E92000001","COVID-19_cases_casesByDay","cases","default","all","all",2023,6,25,2023-06-24,259,FALSE
"infectious_disease","respiratory","COVID-19","Nation","England","E92000001","COVID-19_cases_casesByDay","cases","default","all","all",2023,6,25,2023-06-25,303,FALSE
"infectious_disease","respiratory","COVID-19","Nation","England","E92000001","COVID-19_cases_casesByDay","cases","default","all","all",2023,6,26,2023-06-26,308,FALSE
"infectious_disease","respiratory","COVID-19","Nation","England","E92000001","COVID-19_cases_casesByDay","cases","default","all","all",2023,6,26,2023-06-27,295,FALSE
"infectious_disease","respiratory","COVID-19","Nation","England","E92000001","COVID-19_cases_casesByDay","cases","default","all","all",2023,6,26,2023-06-28,298,FALSE
"infectious_disease","respiratory","COVID-19","Nation","England","E92000001","COVID-19_cases_casesByDay","cases","default","all","all",2023,6,26,2023-06-29,253,FALSE
"infectious_disease","respiratory","COVID-19","Nation","England","E92000001","COVID-19_cases_casesByDay","cases","default","all","all",2023,6,26,2023-06-30,236,FALSE
"infectious_disease","respiratory","COVID-19","Nation","England","E92000001","COVID-19_cases_casesByDay","cases","default","all","all",2023,7,26,2023-07-01,209,FALSE
"infectious_disease","respiratory","COVID-19","Nation","England","E92000001","COVID-19_cases_casesByDay","cases","default","all","all",2023,7,26,2023-07-02,264,FALSE
"infectious_disease","respiratory","COVID-19","Nation","England","E92000001","COVID-19_cases_casesByDay","cases","default","all","all",2023,7,27,2023-07-03,346,FALSE
"infectious_disease","respiratory","COVID-19","Nation","England","E92000001","COVID-19_cases_casesByDay","cases","default","all","all",2023,7,27,2023-07-04,309,FALSE
"infectious_disease","respiratory","COVID-19","Nation","England","E92000001","COVID-19_cases_casesByDay","cases","default","all","all",2023,7,27,2023-07-05,343,FALSE
"infectious_disease","respiratory","COVID-19","Nation","England","E92000001","COVID-19_cases_casesByDay","cases","default","all","all",2023,7,27,2023-07-06,315,FALSE
"infectious_disease","respiratory","COVID-19","Nation","England","E92000001","COVID-19_cases_casesByDay","cases","default","all","all",2023,7,27,2023-07-07,350,FALSE
"infectious_disease","respiratory","COVID-19","Nation","England","E92000001","COVID-19_cases_casesByDay","cases","default","all","all",2023,7,27,2023-07-08,309,FALSE
"infectious_disease","respiratory","COVID-19","Nation","England","E92000001","COVID-19_cases_casesByDay","cases","default","all","all",2023,7,27,2023-07-09,391,FALSE
"infectious_disease","respiratory","COVID-19","Nation","England","E92000001","COVID-19_cases_casesByDay","cases","default","all","all",2023,7,28,2023-07-10,457,FALSE
"infectious_disease","respiratory","COVID-19","Nation","England","E92000001","COVID-19_cases_casesByDay","cases","default","all","all",2023,7,28,2023-07-11,451,FALSE
"infectious_disease","respiratory","COVID-19","Nation","England","E92000001","COVID-19_cases_casesByDay","cases","default","all","all",2023,7,28,2023-07-12,419,FALSE
"infectious_disease","respiratory","COVID-19","Nation","England","E92000001","COVID-19_cases_casesByDay","cases","default","all","all",2023,7,28,2023-07-13,417,FALSE
"infectious_disease","respiratory","COVID-19","Nation","England","E92000001","COVID-19_cases_casesByDay","cases","default","all","all",2023,7,28,2023-07-14,340,FALSE
"infectious_disease","respiratory","COVID-19","Nation","England","E92000001","COVID-19_cases_casesByDay","cases","default","all","all",2023,7,28,2023-07-15,338,FALSE
"infectious_disease","respiratory","COVID-19","Nation","England","E92000001","COVID-19_cases_casesByDay","cases","default","all","all",2023,7,28,2023-07-16,384,FALSE
"infectious_disease","respiratory","COVID-19","Nation","England","E92000001","COVID-19_cases_casesByDay","cases","default","all","all",2023,7,29,2023-07-17,491,FALSE
"infectious_disease","respiratory","COVID-19","Nation","England","E92000001","COVID-19_cases_casesByDay","cases","default","all","all",2023,7,29,2023-07-18,517,FALSE
"infectious_disease","respiratory","COVID-19","Nation","England","E92000001","COVID-19_cases_casesByDay","cases","default","all","all",2023,7,29,2023-07-19,468,FALSE
"infectious_disease","respiratory","COVID-19","Nation","England","E92000001","COVID-19_cases_casesByDay","cases","default","all","all",2023,7,29,2023-07-20,498,FALSE
"infectious_disease","respiratory","COVID-19","Nation","England","E92000001","COVID-19_cases_casesByDay","cases","default","all","all",2023,7,29,2023-07-21,445,FALSE
"infectious_disease","respiratory","COVID-19","Nation","England","E92000001","COVID-19_cases_casesByDay","cases","default","all","all",2023,7,29,2023-07-22,412,FALSE
"infectious_disease","respiratory","COVID-19","Nation","England","E92000001","COVID-19_cases_casesByDay","cases","default","all","all",2023,7,29,2023-07-23,495,FALSE
"infectious_disease","respiratory","COVID-19","Nation","England","E92000001","COVID-19_cases_casesByDay","cases","default","all","all",2023,7,30,2023-07-24,630,FALSE
"infectious_disease","respiratory","COVID-19","Nation","England","E92000001","COVID-19_cases_casesByDay","cases","default","all","all",2023,7,30,2023-07-25,649,FALSE
"infectious_disease","respiratory","COVID-19","Nation","England","E92000001","COVID-19_cases_casesByDay","cases","default","all","all",2023,7,30,2023-07-26,621,FALSE
"infectious_disease","respiratory","COVID-19","Nation","England","E92000001","COVID-19_cases_casesByDay","cases","default","all","all",2023,7,30,2023-07-27,629,FALSE
"infectious_disease","respiratory","COVID-19","Nation","England","E92000001","COVID-19_cases_casesByDay","cases","default","all","all",2023,7,30,2023-07-28,625,FALSE
"infectious_disease","respiratory","COVID-19","Nation","England","E92000001","COVID-19_cases_casesByDay","cases","default","all","all",2023,7,30,2023-07-29,629,FALSE
"infectious_disease","respiratory","COVID-19","Nation","England","E92000001","COVID-19_cases_casesByDay","cases","default","all","all",2023,7,30,2023-07-30,753,FALSE
"infectious_disease","respiratory","COVID-19","Nation","England","E92000001","COVID-19_cases_casesByDay","cases","default","all","all",2023,7,31,2023-07-31,847,FALSE
"infectious_disease","respiratory","COVID-19","Nation","England","E92000001","COVID-19_cases_casesByDay","cases","default","all","all",2023,8,31,2023-08-01,846,FALSE
"infectious_disease","respiratory","COVID-19","Nation","England","E92000001","COVID-19_cases_casesByDay","cases","default","all","all",2023,8,31,2023-08-02,824,FALSE
"infectious_disease","respiratory","COVID-19","Nation","England","E92000001","COVID-19_cases_casesByDay","cases","default","all","all",2023,8,31,2023-08-03,807,FALSE
"infectious_disease","respiratory","COVID-19","Nation","England","E92000001","COVID-19_cases_casesByDay","cases","default","all","all",2023,8,31,2023-08-04,772,FALSE
"infectious_disease","respiratory","COVID-19","Nation","England","E92000001","COVID-19_cases_casesByDay","cases","default","all","all",2023,8,31,2023-08-05,681,FALSE
"infectious_disease","respiratory","COVID-19","Nation","England","E92000001","COVID-19_cases_casesByDay","cases","default","all","all",2023,8,31,2023-08-06,827,FALSE
"infectious_disease","respiratory","COVID-19","Nation","England","E92000001","COVID-19_cases_casesByDay","cases","default","all","all",2023,8,32,2023-08-07,1022,FALSE
"infectious_disease","respiratory","COVID-19","Nation","England","E92000001","COVID-19_cases_casesByDay","cases","default","all","all",2023,8,32,2023-08-08,1086,FALSE
"infectious_disease","respiratory","COVID-19","Nation","England","E92000001","COVID-19_cases_casesByDay","cases","default","all","all",2023,8,32,2023-08-09,1034,FALSE
"infectious_disease","respiratory","COVID-19","Nation","England","E92000001","COVID-19_cases_casesByDay","cases","default","all","all",2023,8,32,2023-08-10,990,FALSE
"infectious_disease","respiratory","COVID-19","Nation","England","E92000001","COVID-19_cases_casesByDay","cases","default","all","all",2023,8,32,2023-08-11,920,FALSE
"infectious_disease","respiratory","COVID-19","Nation","England","E92000001","COVID-19_cases_casesByDay","cases","default","all","all",2023,8,32,2023-08-12,854,FALSE
"infectious_disease","respiratory","COVID-19","Nation","England","E92000001","COVID-19_cases_casesByDay","cases","default","all","all",2023,8,32,2023-08-13,976,FALSE
"infectious_disease","respiratory","COVID-19","Nation","England","E92000001","COVID-19_cases_casesByDay","cases","default","all","all",2023,8,33,2023-08-14,1097,FALSE
"infectious_disease","respiratory","COVID-19","Nation","England","E92000001","COVID-19_cases_casesByDay","cases","default","all","all",2023,8,33,2023-08-15,1092,FALSE
"infectious_disease","respiratory","COVID-19","Nation","England","E92000001","COVID-19_cases_casesByDay","cases","default","all","all",2023,8,33,2023-08-16,1070,FALSE
"infectious_disease","respiratory","COVID-19","Nation","England","E92000001","COVID-19_cases_casesByDay","cases","default","all","all",2023,8,33,2023-08-17,1048,FALSE
"infectious_disease","respiratory","COVID-19","Nation","England","E92000001","COVID-19_cases_casesByDay","cases","default","all","all",2023,8,33,2023-08-18,991,FALSE
"infectious_disease","respiratory","COVID-19","Nation","England","E92000001","COVID-19_cases_casesByDay","cases","default","all","all",2023,8,33,2023-08-19,849,FALSE
"infectious_disease","respiratory","COVID-19","Nation","England","E92000001","COVID-19_cases_casesByDay","cases","default","all","all",2023,8,33,2023-08-20,964,FALSE
"infectious_disease","respiratory","COVID-19","Nation","England","E92000001","COVID-19_cases_casesByDay","cases","default","all","all",2023,8,34,2023-08-21,1181,FALSE
"infectious_disease","respiratory","COVID-19","Nation","England","E92000001","COVID-19_cases_casesByDay","cases","default","all","all",2023,8,34,2023-08-22,1177,FALSE
"infectious_disease","respiratory","COVID-19","Nation","England","E92000001","COVID-19_cases_casesByDay","cases","default","all","all",2023,8,34,2023-08-23,1095,FALSE
"infectious_disease","respiratory","COVID-19","Nation","England","E92000001","COVID-19_cases_casesByDay","cases","default","all","all",2023,8,34,2023-08-24,1098,FALSE
"infectious_disease","respiratory","COVID-19","Nation","England","E92000001","COVID-19_cases_casesByDay","cases","default","all","all",2023,8,34,2023-08-25,982,FALSE
"infectious_disease","respiratory","COVID-19","Nation","England","E92000001","COVID-19_cases_casesByDay","cases","default","all","all",2023,8,34,2023-08-26,857,FALSE
"infectious_disease","respiratory","COVID-19","Nation","England","E92000001","COVID-19_cases_casesByDay","cases","default","all","all",2023,8,34,2023-08-27,902,FALSE
"infectious_disease","respiratory","COVID-19","Nation","England","E92000001","COVID-19_cases_casesByDay","cases","default","all","all",2023,8,35,2023-08-28,1089,FALSE
"infectious_disease","respiratory","COVID-19","Nation","England","E92000001","COVID-19_cases_casesByDay","cases","default","all","all",2023,8,35,2023-08-29,1368,FALSE
"infectious_disease","respiratory","COVID-19","Nation","England","E92000001","COVID-19_cases_casesByDay","cases","default","all","all",2023,8,35,2023-08-30,1490,FALSE
"infectious_disease","respiratory","COVID-19","Nation","England","E92000001","COVID-19_cases_casesByDay","cases","default","all","all",2023,8,35,2023-08-31,1447,FALSE
"infectious_disease","respiratory","COVID-19","Nation","England","E92000001","COVID-19_cases_casesByDay","cases","default","all","all",2023,9,35,2023-09-01,1514,FALSE
"infectious_disease","respiratory","COVID-19","Nation","England","E92000001","COVID-19_cases_casesByDay","cases","default","all","all",2023,9,35,2023-09-02,1327,FALSE
"infectious_disease","respiratory","COVID-19","Nation","England","E92000001","COVID-19_cases_casesByDay","cases","default","all","all",2023,9,35,2023-09-03,1637,FALSE
"infectious_disease","respiratory","COVID-19","Nation","England","E92000001","COVID-19_cases_casesByDay","cases","default","all","all",2023,9,36,2023-09-04,1970,FALSE
"infectious_disease","respiratory","COVID-19","Nation","England","E92000001","COVID-19_cases_casesByDay","cases","default","all","all",2023,9,36,2023-09-05,1891,FALSE
"infectious_disease","respiratory","COVID-19","Nation","England","E92000001","COVID-19_cases_casesByDay","cases","default","all","all",2023,9,36,2023-09-06,1859,FALSE
"infectious_disease","respiratory","COVID-19","Nation","England","E92000001","COVID-19_cases_casesByDay","cases","default","all","all",2023,9,36,2023-09-07,1712,FALSE
"infectious_disease","respiratory","COVID-19","Nation","England","E92000001","COVID-19_cases_casesByDay","cases","default","all","all",2023,9,36,2023-09-08,1551,FALSE
"infectious_disease","respiratory","COVID-19","Nation","England","E92000001","COVID-19_cases_casesByDay","cases","default","all","all",2023,9,36,2023-09-09,1334,FALSE
"infectious_disease","respiratory","COVID-19","Nation","England","E92000001","COVID-19_cases_casesByDay","cases","default","all","all",2023,9,36,2023-09-10,1580,FALSE
"infectious_disease","respiratory","COVID-19","Nation","England","E92000001","COVID-19_cases_casesByDay","cases","default","all","all",2023,9,37,2023-09-11,1825,FALSE
"infectious_disease","respiratory","COVID-19","Nation","England","E92000001","COVID-19_cases_casesByDay","cases","default","all","all",2023,9,37,2023-09-12,1674,FALSE
"infectious_disease","respiratory","COVID-19","Nation","England","E92000001","COVID-19_cases_casesByDay","cases","default","all","all",2023,9,37,2023-09-13,1523,FALSE
"infectious_disease","respiratory","COVID-19","Nation","England","E92000001","COVID-19_cases_casesByDay","cases","default","all","all",2023,9,37,2023-09-14,1532,FALSE
"infectious_disease","respiratory","COVID-19","Nation","England","E92000001","COVID-19_cases_casesByDay","cases","default","all","all",2023,9,37,2023-09-15,1342,FALSE
"infectious_disease","respiratory","COVID-19","Nation","England","E92000001","COVID-19_cases_casesByDay","cases","default","all","all",2023,9,37,2023-09-16,1318,FALSE
"infectious_disease","respiratory","COVID-19","Nation","England","E92000001","COVID-19_cases_casesByDay","cases","default","all","all",2023,9,37,2023-09-17,1605,FALSE
"infectious_disease","respiratory","COVID-19","Nation","England","E92000001","COVID-19_cases_casesByDay","cases","default","all","all",2023,9,38,2023-09-18,1930,FALSE
"infectious_disease","respiratory","COVID-19","Nation","England","E92000001","COVID-19_cases_casesByDay","cases","default","all","all",2023,9,38,2023-09-19,1952,FALSE
"infectious_disease","respiratory","COVID-19","Nation","England","E92000001","COVID-19_cases_casesByDay","cases","default","all","all",2023,9,38,2023-09-20,1894,FALSE
"infectious_disease","respiratory","COVID-19","Nation","England","E92000001","COVID-19_cases_casesByDay","cases","default","all","all",2023,9,38,2023-09-21,1829,FALSE
"infectious_disease","respiratory","COVID-19","Nation","England","E92000001","COVID-19_cases_casesByDay","cases","default","all","all",2023,9,38,2023-09-22,1682,FALSE
"infectious_disease","respiratory","COVID-19","Nation","England","E92000001","COVID-19_cases_casesByDay","cases","default","all","all",2023,9,38,2023-09-23,1555,FALSE
"infectious_disease","respiratory","COVID-19","Nation","England","E92000001","COVID-19_cases_casesByDay","cases","default","all","all",2023,9,38,2023-09-24,2011,FALSE
"infectious_disease","respiratory","COVID-19","Nation","England","E92000001","COVID-19_cases_casesByDay","cases","default","all","all",2023,9,39,2023-09-25,2562,FALSE
"infectious_disease","respiratory","COVID-19","Nation","England","E92000001","COVID-19_cases_casesByDay","cases","default","all","all",2023,9,39,2023-09-26,2700,FALSE
"infectious_disease","respiratory","COVID-19","Nation","England","E92000001","COVID-19_cases_casesByDay","cases","default","all","all",2023,9,39,2023-09-27,2669,FALSE
"infectious_disease","respiratory","COVID-19","Nation","England","E92000001","COVID-19_cases_casesByDay","cases","default","all","all",2023,9,39,2023-09-28,2320,FALSE
"infectious_disease","respiratory","COVID-19","Nation","England","E92000001","COVID-19_cases_casesByDay","cases","default","all","all",2023,9,39,2023-09-29,2125,FALSE
"infectious_disease","respiratory","COVID-19","Nation","England","E92000001","COVID-19_cases_casesByDay","cases","default","all","all",2023,9,39,2023-09-30,1929,FALSE
"infectious_disease","respiratory","COVID-19","Nation","England","E92000001","COVID-19_cases_casesByDay","cases","default","all","all",2023,10,39,2023-10-01,2362,FALSE
"infectious_disease","respiratory","COVID-19","Nation","England","E92000001","COVID-19_cases_casesByDay","cases","default","all","all",2023,10,40,2023-10-02,2645,FALSE
"infectious_disease","respiratory","COVID-19","Nation","England","E92000001","COVID-19_cases_casesByDay","cases","default","all","all",2023,10,40,2023-10-03,2659,FALSE
"infectious_disease","respiratory","COVID-19","Nation","England","E92000001","COVID-19_cases_casesByDay","cases","default","all","all",2023,10,40,2023-10-04,2456,FALSE
"infectious_disease","respiratory","COVID-19","Nation","England","E92000001","COVID-19_cases_casesByDay","cases","default","all","all",2023,10,40,2023-10-05,2255,FALSE
"infectious_disease","respiratory","COVID-19","Nation","England","E92000001","COVID-19_cases_casesByDay","cases","default","all","all",2023,10,40,2023-10-06,2119,FALSE
"infectious_disease","respiratory","COVID-19","Nation","England","E92000001","COVID-19_cases_casesByDay","cases","default","all","all",2023,10,40,2023-10-07,1670,FALSE
"infectious_disease","respiratory","COVID-19","Nation","England","E92000001","COVID-19_cases_casesByDay","cases","default","all","all",2023,10,40,2023-10-08,2069,FALSE
"infectious_disease","respiratory","COVID-19","Nation","England","E92000001","COVID-19_cases_casesByDay","cases","default","all","all",2023,10,41,2023-10-09,2236,FALSE
"infectious_disease","respiratory","COVID-19","Nation","England","E92000001","COVID-19_cases_casesByDay","cases","default","all","all",2023,10,41,2023-10-10,2030,FALSE
"infectious_disease","respiratory","COVID-19","Nation","England","E92000001","COVID-19_cases_casesByDay","cases","default","all","all",2023,10,41,2023-10-11,1898,FALSE
"infectious_disease","respiratory","COVID-19","Nation","England","E92000001","COVID-19_cases_casesByDay","cases","default","all","all",2023,10,41,2023-10-12,1545,FALSE
"infectious_disease","respiratory","COVID-19","Nation","England","E92000001","COVID-19_cases_casesByDay","cases","default","all","all",2023,10,41,2023-10-13,1468,FALSE
"infectious_disease","respiratory","COVID-19","Nation","England","E92000001","COVID-19_cases_casesByDay","cases","default","all","all",2023,10,41,2023-10-14,1120,FALSE
"infectious_disease","respiratory","COVID-19","Nation","England","E92000001","COVID-19_cases_casesByDay","cases","default","all","all",2023,10,41,2023-10-15,1219,FALSE
"infectious_disease","respiratory","COVID-19","Nation","England","E92000001","COVID-19_cases_casesByDay","cases","default","all","all",2023,10,42,2023-10-16,1451,FALSE
"infectious_disease","respiratory","COVID-19","Nation","England","E92000001","COVID-19_cases_casesByDay","cases","default","all","all",2023,10,42,2023-10-17,1413,FALSE
"infectious_disease","respiratory","COVID-19","Nation","England","E92000001","COVID-19_cases_casesByDay","cases","default","all","all",2023,10,42,2023-10-18,1397,FALSE
"infectious_disease","respiratory","COVID-19","Nation","England","E92000001","COVID-19_cases_casesByDay","cases","default","all","all",2023,10,42,2023-10-19,1324,FALSE
"infectious_disease","respiratory","COVID-19","Nation","England","E92000001","COVID-19_cases_casesByDay","cases","default","all","all",2023,10,42,2023-10-20,1149,FALSE
"infectious_disease","respiratory","COVID-19","Nation","England","E92000001","COVID-19_cases_casesByDay","cases","default","all","all",2023,10,42,2023-10-21,871,FALSE
"infectious_disease","respiratory","COVID-19","Nation","England","E92000001","COVID-19_cases_casesByDay","cases","default","all","all",2023,10,42,2023-10-22,993,FALSE
"infectious_disease","respiratory","COVID-19","Nation","England","E92000001","COVID-19_cases_casesByDay","cases","default","all","all",2023,10,43,2023-10-23,1179,FALSE
"infectious_disease","respiratory","COVID-19","Nation","England","E92000001","COVID-19_cases_casesByDay","cases","default","all","all",2023,10,43,2023-10-24,1153,FALSE
"infectious_disease","respiratory","COVID-19","Nation","England","E92000001","COVID-19_cases_casesByDay","cases","default","all","all",2023,10,43,2023-10-25,1021,FALSE
"infectious_disease","respiratory","COVID-19","Nation","England","E92000001","COVID-19_cases_casesByDay","cases","default","all","all",2023,10,43,2023-10-26,1016,FALSE
"infectious_disease","respiratory","COVID-19","Nation","England","E92000001","COVID-19_cases_casesByDay","cases","default","all","all",2023,10,43,2023-10-27,934,FALSE
"infectious_disease","respiratory","COVID-19","Nation","England","E92000001","COVID-19_cases_casesByDay","cases","default","all","all",2023,10,43,2023-10-28,738,FALSE
"infectious_disease","respiratory","COVID-19","Nation","England","E92000001","COVID-19_cases_casesByDay","cases","default","all","all",2023,10,43,2023-10-29,848,FALSE
"infectious_disease","respiratory","COVID-19","Nation","England","E92000001","COVID-19_cases_casesByDay","cases","default","all","all",2023,10,44,2023-10-30,1013,FALSE
"infectious_disease","respiratory","COVID-19","Nation","England","E92000001","COVID-19_cases_casesByDay","cases","default","all","all",2023,10,44,2023-10-31,958,FALSE
"infectious_disease","respiratory","COVID-19","Nation","England","E92000001","COVID-19_cases_casesByDay","cases","default","all","all",2023,11,44,2023-11-01,882,FALSE
"infectious_disease","respiratory","COVID-19","Nation","England","E92000001","COVID-19_cases_casesByDay","cases","default","all","all",2023,11,44,2023-11-02,814,FALSE
"infectious_disease","respiratory","COVID-19","Nation","England","E92000001","COVID-19_cases_casesByDay","cases","default","all","all",2023,11,44,2023-11-03,736,FALSE
"infectious_disease","respiratory","COVID-19","Nation","England","E92000001","COVID-19_cases_casesByDay","cases","default","all","all",2023,11,44,2023-11-04,595,FALSE
"infectious_disease","respiratory","COVID-19","Nation","England","E92000001","COVID-19_cases_casesByDay","cases","default","all","all",2023,11,44,2023-11-05,685,FALSE
"infectious_disease","respiratory","COVID-19","Nation","England","E92000001","COVID-19_cases_casesByDay","cases","default","all","all",2023,11,45,2023-11-06,784,FALSE
"infectious_disease","respiratory","COVID-19","Nation","England","E92000001","COVID-19_cases_casesByDay","cases","default","all","all",2023,11,45,2023-11-07,818,FALSE
"infectious_disease","respiratory","COVID-19","Nation","England","E92000001","COVID-19_cases_casesByDay","cases","default","all","all",2023,11,45,2023-11-08,699,FALSE
"infectious_disease","respiratory","COVID-19","Nation","England","E92000001","COVID-19_cases_casesByDay","cases","default","all","all",2023,11,45,2023-11-09,499,FALSE
"infectious_disease","respiratory","COVID-19","Nation","England","E92000001","COVID-19_cases_casesByDay","cases","default","all","all",2023,11,45,2023-11-10,281,FALSE
"infectious_disease","respiratory","COVID-19","Nation","England","E92000001","COVID-19_cases_casesByDay","cases","default","all","all",2023,11,45,2023-11-11,297,FALSE
"infectious_disease","respiratory","COVID-19","Nation","England","E92000001","COVID-19_cases_casesByDay","cases","default","all","all",2023,11,45,2023-11-12,602,FALSE
"infectious_disease","respiratory","COVID-19","Nation","England","E92000001","COVID-19_cases_casesByDay","cases","default","all","all",2023,11,46,2023-11-13,747,FALSE
"infectious_disease","respiratory","COVID-19","Nation","England","E92000001","COVID-19_cases_casesByDay","cases","default","all","all",2023,11,46,2023-11-14,766,FALSE
"infectious_disease","respiratory","COVID-19","Nation","England","E92000001","COVID-19_cases_casesByDay","cases","default","all","all",2023,11,46,2023-11-15,629,FALSE
"infectious_disease","respiratory","COVID-19","Nation","England","E92000001","COVID-19_cases_casesByDay","cases","default","all","all",2023,11,46,2023-11-16,671,FALSE
"infectious_disease","respiratory","COVID-19","Nation","England","E92000001","COVID-19_cases_casesByDay","cases","default","all","all",2023,11,46,2023-11-17,515,FALSE
"infectious_disease","respiratory","COVID-19","Nation","England","E92000001","COVID-19_cases_casesByDay","cases","default","all","all",2023,11,46,2023-11-18,452,FALSE
"infectious_disease","respiratory","COVID-19","Nation","England","E92000001","COVID-19_cases_casesByDay","cases","default","all","all",2023,11,46,2023-11-19,557,FALSE
"infectious_disease","respiratory","COVID-19","Nation","England","E92000001","COVID-19_cases_casesByDay","cases","default","all","all",2023,11,47,2023-11-20,702,FALSE
"infectious_disease","respiratory","COVID-19","Nation","England","E92000001","COVID-19_cases_casesByDay","cases","default","all","all",2023,11,47,2023-11-21,595,FALSE
"infectious_disease","respiratory","COVID-19","Nation","England","E92000001","COVID-19_cases_casesByDay","cases","default","all","all",2023,11,47,2023-11-22,615,FALSE
"infectious_disease","respiratory","COVID-19","Nation","England","E92000001","COVID-19_cases_casesByDay","cases","default","all","all",2023,11,47,2023-11-23,567,FALSE
"infectious_disease","respiratory","COVID-19","Nation","England","E92000001","COVID-19_cases_casesByDay","cases","default","all","all",2023,11,47,2023-11-24,547,FALSE
"infectious_disease","respiratory","COVID-19","Nation","England","E92000001","COVID-19_cases_casesByDay","cases","default","all","all",2023,11,47,2023-11-25,429,FALSE
"infectious_disease","respiratory","COVID-19","Nation","England","E92000001","COVID-19_cases_casesByDay","cases","default","all","all",2023,11,47,2023-11-26,507,FALSE
"infectious_disease","respiratory","COVID-19","Nation","England","E92000001","COVID-19_cases_casesByDay","cases","default","all","all",2023,11,48,2023-11-27,696,FALSE
"infectious_disease","respiratory","COVID-19","Nation","England","E92000001","COVID-19_cases_casesByDay","cases","default","all","all",2023,11,48,2023-11-28,695,FALSE
"infectious_disease","respiratory","COVID-19","Nation","England","E92000001","COVID-19_cases_casesByDay","cases","default","all","all",2023,11,48,2023-11-29,737,FALSE
"infectious_disease","respiratory","COVID-19","Nation","England","E92000001","COVID-19_cases_casesByDay","cases","default","all","all",2023,11,48,2023-11-30,666,FALSE
"infectious_disease","respiratory","COVID-19","Nation","England","E92000001","COVID-19_cases_casesByDay","cases","default","all","all",2023,12,48,2023-12-01,560,FALSE
"infectious_disease","respiratory","COVID-19","Nation","England","E92000001","COVID-19_cases_casesByDay","cases","default","all","all",2023,12,48,2023-12-02,524,FALSE
"infectious_disease","respiratory","COVID-19","Nation","England","E92000001","COVID-19_cases_casesByDay","cases","default","all","all",2023,12,48,2023-12-03,707,FALSE
"infectious_disease","respiratory","COVID-19","Nation","England","E92000001","COVID-19_cases_casesByDay","cases","default","all","all",2023,12,49,2023-12-04,968,FALSE
"infectious_disease","respiratory","COVID-19","Nation","England","E92000001","COVID-19_cases_casesByDay","cases","default","all","all",2023,12,49,2023-12-05,969,FALSE
"infectious_disease","respiratory","COVID-19","Nation","England","E92000001","COVID-19_cases_casesByDay","cases","default","all","all",2023,12,49,2023-12-06,968,FALSE
"infectious_disease","respiratory","COVID-19","Nation","England","E92000001","COVID-19_cases_casesByDay","cases","default","all","all",2023,12,49,2023-12-07,836,FALSE
"infectious_disease","respiratory","COVID-19","Nation","England","E92000001","COVID-19_cases_casesByDay","cases","default","all","all",2023,12,49,2023-12-08,924,FALSE
"infectious_disease","respiratory","COVID-19","Nation","England","E92000001","COVID-19_cases_casesByDay","cases","default","all","all",2023,12,49,2023-12-09,804,FALSE
"infectious_disease","respiratory","COVID-19","Nation","England","E92000001","COVID-19_cases_casesByDay","cases","default","all","all",2023,12,49,2023-12-10,994,FALSE
"infectious_disease","respiratory","COVID-19","Nation","England","E92000001","COVID-19_cases_casesByDay","cases","default","all","all",2023,12,50,2023-12-11,1263,FALSE
"infectious_disease","respiratory","COVID-19","Nation","England","E92000001","COVID-19_cases_casesByDay","cases","default","all","all",2023,12,50,2023-12-12,1284,FALSE
"infectious_disease","respiratory","COVID-19","Nation","England","E92000001","COVID-19_cases_casesByDay","cases","default","all","all",2023,12,50,2023-12-13,1208,FALSE
"infectious_disease","respiratory","COVID-19","Nation","England","E92000001","COVID-19_cases_casesByDay","cases","default","all","all",2023,12,50,2023-12-14,1078,FALSE
"infectious_disease","respiratory","COVID-19","Nation","England","E92000001","COVID-19_cases_casesByDay","cases","default","all","all",2023,12,50,2023-12-15,1120,FALSE
"infectious_disease","respiratory","COVID-19","Nation","England","E92000001","COVID-19_cases_casesByDay","cases","default","all","all",2023,12,50,2023-12-16,907,FALSE
"infectious_disease","respiratory","COVID-19","Nation","England","E92000001","COVID-19_cases_casesByDay","cases","default","all","all",2023,12,50,2023-12-17,1229,FALSE
"infectious_disease","respiratory","COVID-19","Nation","England","E92000001","COVID-19_cases_casesByDay","cases","default","all","all",2023,12,51,2023-12-18,1594,FALSE
"infectious_disease","respiratory","COVID-19","Nation","England","E92000001","COVID-19_cases_casesByDay","cases","default","all","all",2023,12,51,2023-12-19,1467,FALSE
"infectious_disease","respiratory","COVID-19","Nation","England","E92000001","COVID-19_cases_casesByDay","cases","default","all","all",2023,12,51,2023-12-20,1432,FALSE
"infectious_disease","respiratory","COVID-19","Nation","England","E92000001","COVID-19_cases_casesByDay","cases","default","all","all",2023,12,51,2023-12-21,1386,FALSE
"infectious_disease","respiratory","COVID-19","Nation","England","E92000001","COVID-19_cases_casesByDay","cases","default","all","all",2023,12,51,2023-12-22,1223,FALSE
"infectious_disease","respiratory","COVID-19","Nation","England","E92000001","COVID-19_cases_casesByDay","cases","default","all","all",2023,12,51,2023-12-23,987,FALSE
"infectious_disease","respiratory","COVID-19","Nation","England","E92000001","COVID-19_cases_casesByDay","cases","default","all","all",2023,12,51,2023-12-24,1043,FALSE
"infectious_disease","respiratory","COVID-19","Nation","England","E92000001","COVID-19_cases_casesByDay","cases","default","all","all",2023,12,52,2023-12-25,864,FALSE
"infectious_disease","respiratory","COVID-19","Nation","England","E92000001","COVID-19_cases_casesByDay","cases","default","all","all",2023,12,52,2023-12-26,1182,FALSE
"infectious_disease","respiratory","COVID-19","Nation","England","E92000001","COVID-19_cases_casesByDay","cases","default","all","all",2023,12,52,2023-12-27,1454,FALSE
"infectious_disease","respiratory","COVID-19","Nation","England","E92000001","COVID-19_cases_casesByDay","cases","default","all","all",2023,12,52,2023-12-28,1491,FALSE
"infectious_disease","respiratory","COVID-19","Nation","England","E92000001","COVID-19_cases_casesByDay","cases","default","all","all",2023,12,52,2023-12-29,1397,FALSE
"infectious_disease","respiratory","COVID-19","Nation","England","E92000001","COVID-19_cases_casesByDay","cases","default","all","all",2023,12,52,2023-12-30,1161,FALSE
"infectious_disease","respiratory","COVID-19","Nation","England","E92000001","COVID-19_cases_casesByDay","cases","default","all","all",2023,12,52,2023-12-31,1169,FALSE
"infectious_disease","respiratory","COVID-19","Nation","England","E92000001","COVID-19_cases_casesByDay","cases","default","all","all",2024,1,1,2024-01-01,1080,FALSE
"infectious_disease","respiratory","COVID-19","Nation","England","E92000001","COVID-19_cases_casesByDay","cases","default","all","all",2024,1,1,2024-01-02,1395,FALSE
"infectious_disease","respiratory","COVID-19","Nation","England","E92000001","COVID-19_cases_casesByDay","cases","default","all","all",2024,1,1,2024-01-03,1272,FALSE
"infectious_disease","respiratory","COVID-19","Nation","England","E92000001","COVID-19_cases_casesByDay","cases","default","all","all",2024,1,1,2024-01-04,1107,FALSE
"infectious_disease","respiratory","COVID-19","Nation","England","E92000001","COVID-19_cases_casesByDay","cases","default","all","all",2024,1,1,2024-01-05,939,FALSE
"infectious_disease","respiratory","COVID-19","Nation","England","E92000001","COVID-19_cases_casesByDay","cases","default","all","all",2024,1,1,2024-01-06,790,FALSE
"infectious_disease","respiratory","COVID-19","Nation","England","E92000001","COVID-19_cases_casesByDay","cases","default","all","all",2024,1,1,2024-01-07,787,FALSE
"infectious_disease","respiratory","COVID-19","Nation","England","E92000001","COVID-19_cases_casesByDay","cases","default","all","all",2024,1,2,2024-01-08,974,FALSE
"infectious_disease","respiratory","COVID-19","Nation","England","E92000001","COVID-19_cases_casesByDay","cases","default","all","all",2024,1,2,2024-01-09,846,FALSE
"infectious_disease","respiratory","COVID-19","Nation","England","E92000001","COVID-19_cases_casesByDay","cases","default","all","all",2024,1,2,2024-01-10,877,FALSE
"infectious_disease","respiratory","COVID-19","Nation","England","E92000001","COVID-19_cases_casesByDay","cases","default","all","all",2024,1,2,2024-01-11,835,FALSE
"infectious_disease","respiratory","COVID-19","Nation","England","E92000001","COVID-19_cases_casesByDay","cases","default","all","all",2024,1,2,2024-01-12,778,FALSE
"infectious_disease","respiratory","COVID-19","Nation","England","E92000001","COVID-19_cases_casesByDay","cases","default","all","all",2024,1,2,2024-01-13,559,FALSE
"infectious_disease","respiratory","COVID-19","Nation","England","E92000001","COVID-19_cases_casesByDay","cases","default","all","all",2024,1,2,2024-01-14,707,FALSE
"infectious_disease","respiratory","COVID-19","Nation","England","E92000001","COVID-19_cases_casesByDay","cases","default","all","all",2024,1,3,2024-01-15,836,FALSE
"infectious_disease","respiratory","COVID-19","Nation","England","E92000001","COVID-19_cases_casesByDay","cases","default","all","all",2024,1,3,2024-01-16,830,FALSE
"infectious_disease","respiratory","COVID-19","Nation","England","E92000001","COVID-19_cases_casesByDay","cases","default","all","all",2024,1,3,2024-01-17,853,FALSE
"infectious_disease","respiratory","COVID-19","Nation","England","E92000001","COVID-19_cases_casesByDay","cases","default","all","all",2024,1,3,2024-01-18,836,FALSE
"infectious_disease","respiratory","COVID-19","Nation","England","E92000001","COVID-19_cases_casesByDay","cases","default","all","all",2024,1,3,2024-01-19,757,FALSE
"infectious_disease","respiratory","COVID-19","Nation","England","E92000001","COVID-19_cases_casesByDay","cases","default","all","all",2024,1,3,2024-01-20,684,FALSE
"infectious_disease","respiratory","COVID-19","Nation","England","E92000001","COVID-19_cases_casesByDay","cases","default","all","all",2024,1,3,2024-01-21,765,FALSE
"infectious_disease","respiratory","COVID-19","Nation","England","E92000001","COVID-19_cases_casesByDay","cases","default","all","all",2024,1,4,2024-01-22,1073,FALSE
"infectious_disease","respiratory","COVID-19","Nation","England","E92000001","COVID-19_cases_casesByDay","cases","default","all","all",2024,1,4,2024-01-23,980,FALSE
"infectious_disease","respiratory","COVID-19","Nation","England","E92000001","COVID-19_cases_casesByDay","cases","default","all","all",2024,1,4,2024-01-24,897,FALSE
"infectious_disease","respiratory","COVID-19","Nation","England","E92000001","COVID-19_cases_casesByDay","cases","default","all","all",2024,1,4,2024-01-25,893,FALSE
"infectious_disease","respiratory","COVID-19","Nation","England","E92000001","COVID-19_cases_casesByDay","cases","default","all","all",2024,1,4,2024-01-26,694,FALSE
"infectious_disease","respiratory","COVID-19","Nation","England","E92000001","COVID-19_cases_casesByDay","cases","default","all","all",2024,1,4,2024-01-27,524,FALSE
"infectious_disease","respiratory","COVID-19","Nation","England","E92000001","COVID-19_cases_casesByDay","cases","default","all","all",2024,1,4,2024-01-28,610,FALSE
"infectious_disease","respiratory","COVID-19","Nation","England","E92000001","COVID-19_cases_casesByDay","cases","default","all","all",2024,1,5,2024-01-29,811,FALSE
"infectious_disease","respiratory","COVID-19","Nation","England","E92000001","COVID-19_cases_casesByDay","cases","default","all","all",2024,1,5,2024-01-30,758,FALSE
"infectious_disease","respiratory","COVID-19","Nation","England","E92000001","COVID-19_cases_casesByDay","cases","default","all","all",2024,1,5,2024-01-31,718,FALSE
"infectious_disease","respiratory","COVID-19","Nation","England","E92000001","COVID-19_cases_casesByDay","cases","default","all","all",2024,2,5,2024-02-01,641,FALSE
"infectious_disease","respiratory","COVID-19","Nation","England","E92000001","COVID-19_cases_casesByDay","cases","default","all","all",2024,2,5,2024-02-02,539,FALSE
"infectious_disease","respiratory","COVID-19","Nation","England","E92000001","COVID-19_cases_casesByDay","cases","default","all","all",2024,2,5,2024-02-03,485,FALSE
"infectious_disease","respiratory","COVID-19","Nation","England","E92000001","COVID-19_cases_casesByDay","cases","default","all","all",2024,2,5,2024-02-04,519,FALSE
"infectious_disease","respiratory","COVID-19","Nation","England","E92000001","COVID-19_cases_casesByDay","cases","default","all","all",2024,2,6,2024-02-05,678,FALSE
"infectious_disease","respiratory","COVID-19","Nation","England","E92000001","COVID-19_cases_casesByDay","cases","default","all","all",2024,2,6,2024-02-06,600,FALSE
"infectious_disease","respiratory","COVID-19","Nation","England","E92000001","COVID-19_cases_casesByDay","cases","default","all","all",2024,2,6,2024-02-07,543,FALSE
"infectious_disease","respiratory","COVID-19","Nation","England","E92000001","COVID-19_cases_casesByDay","cases","default","all","all",2024,2,6,2024-02-08,482,FALSE
"infectious_disease","respiratory","COVID-19","Nation","England","E92000001","COVID-19_cases_casesByDay","cases","default","all","all",2024,2,6,2024-02-09,448,FALSE
"infectious_disease","respiratory","COVID-19","Nation","England","E92000001","COVID-19_cases_casesByDay","cases","default","all","all",2024,2,6,2024-02-10,359,FALSE
"infectious_disease","respiratory","COVID-19","Nation","England","E92000001","COVID-19_cases_casesByDay","cases","default","all","all",2024,2,6,2024-02-11,368,FALSE
"infectious_disease","respiratory","COVID-19","Nation","England","E92000001","COVID-19_cases_casesByDay","cases","default","all","all",2024,2,7,2024-02-12,432,FALSE
"infectious_disease","respiratory","COVID-19","Nation","England","E92000001","COVID-19_cases_casesByDay","cases","default","all","all",2024,2,7,2024-02-13,412,FALSE
"infectious_disease","respiratory","COVID-19","Nation","England","E92000001","COVID-19_cases_casesByDay","cases","default","all","all",2024,2,7,2024-02-14,394,FALSE
"infectious_disease","respiratory","COVID-19","Nation","England","E92000001","COVID-19_cases_casesByDay","cases","default","all","all",2024,2,7,2024-02-15,323,FALSE
"infectious_disease","respiratory","COVID-19","Nation","England","E92000001","COVID-19_cases_casesByDay","cases","default","all","all",2024,2,7,2024-02-16,366,FALSE
"infectious_disease","respiratory","COVID-19","Nation","England","E92000001","COVID-19_cases_casesByDay","cases","default","all","all",2024,2,7,2024-02-17,241,FALSE
"infectious_disease","respiratory","COVID-19","Nation","England","E92000001","COVID-19_cases_casesByDay","cases","default","all","all",2024,2,7,2024-02-18,213,FALSE
"infectious_disease","respiratory","COVID-19","Nation","England","E92000001","COVID-19_cases_casesByDay","cases","default","all","all",2024,2,8,2024-02-19,257,FALSE
"infectious_disease","respiratory","COVID-19","Nation","England","E92000001","COVID-19_cases_casesByDay","cases","default","all","all",2024,2,8,2024-02-20,255,FALSE
"infectious_disease","respiratory","COVID-19","Nation","England","E92000001","COVID-19_cases_casesByDay","cases","default","all","all",2024,2,8,2024-02-21,276,FALSE
"infectious_disease","respiratory","COVID-19","Nation","England","E92000001","COVID-19_cases_casesByDay","cases","default","all","all",2024,2,8,2024-02-22,249,FALSE
"infectious_disease","respiratory","COVID-19","Nation","England","E92000001","COVID-19_cases_casesByDay","cases","default","all","all",2024,2,8,2024-02-23,218,FALSE
"infectious_disease","respiratory","COVID-19","Nation","England","E92000001","COVID-19_cases_casesByDay","cases","default","all","all",2024,2,8,2024-02-24,182,FALSE
"infectious_disease","respiratory","COVID-19","Nation","England","E92000001","COVID-19_cases_casesByDay","cases","default","all","all",2024,2,8,2024-02-25,139,FALSE
"infectious_disease","respiratory","COVID-19","Nation","England","E92000001","COVID-19_cases_casesByDay","cases","default","all","all",2024,2,9,2024-02-26,184,FALSE
"infectious_disease","respiratory","COVID-19","Nation","England","E92000001","COVID-19_cases_casesByDay","cases","default","all","all",2024,2,9,2024-02-27,206,FALSE
"infectious_disease","respiratory","COVID-19","Nation","England","E92000001","COVID-19_cases_casesByDay","cases","default","all","all",2024,2,9,2024-02-28,154,FALSE
"infectious_disease","respiratory","COVID-19","Nation","England","E92000001","COVID-19_cases_casesByDay","cases","default","all","all",2024,2,9,2024-02-29,193,FALSE
"infectious_disease","respiratory","COVID-19","Nation","England","E92000001","COVID-19_cases_casesByDay","cases","default","all","all",2024,3,9,2024-03-01,197,FALSE
"infectious_disease","respiratory","COVID-19","Nation","England","E92000001","COVID-19_cases_casesByDay","cases","default","all","all",2024,3,9,2024-03-02,150,FALSE
"infectious_disease","respiratory","COVID-19","Nation","England","E92000001","COVID-19_cases_casesByDay","cases","default","all","all",2024,3,9,2024-03-03,136,FALSE
"infectious_disease","respiratory","COVID-19","Nation","England","E92000001","COVID-19_cases_casesByDay","cases","default","all","all",2024,3,10,2024-03-04,222,FALSE
"infectious_disease","respiratory","COVID-19","Nation","England","E92000001","COVID-19_cases_casesByDay","cases","default","all","all",2024,3,10,2024-03-05,216,FALSE
"infectious_disease","respiratory","COVID-19","Nation","England","E92000001","COVID-19_cases_casesByDay","cases","default","all","all",2024,3,10,2024-03-06,193,FALSE
"infectious_disease","respiratory","COVID-19","Nation","England","E92000001","COVID-19_cases_casesByDay","cases","default","all","all",2024,3,10,2024-03-07,228,FALSE
"infectious_disease","respiratory","COVID-19","Nation","England","E92000001","COVID-19_cases_casesByDay","cases","default","all","all",2024,3,10,2024-03-08,170,FALSE
"infectious_disease","respiratory","COVID-19","Nation","England","E92000001","COVID-19_cases_casesByDay","cases","default","all","all",2024,3,10,2024-03-09,135,FALSE
"infectious_disease","respiratory","COVID-19","Nation","England","E92000001","COVID-19_cases_casesByDay","cases","default","all","all",2024,3,10,2024-03-10,163,FALSE
"infectious_disease","respiratory","COVID-19","Nation","England","E92000001","COVID-19_cases_casesByDay","cases","default","all","all",2024,3,11,2024-03-11,237,FALSE
"infectious_disease","respiratory","COVID-19","Nation","England","E92000001","COVID-19_cases_casesByDay","cases","default","all","all",2024,3,11,2024-03-12,221,FALSE
"infectious_disease","respiratory","COVID-19","Nation","England","E92000001","COVID-19_cases_casesByDay","cases","default","all","all",2024,3,11,2024-03-13,268,FALSE
"infectious_disease","respiratory","COVID-19","Nation","England","E92000001","COVID-19_cases_casesByDay","cases","default","all","all",2024,3,11,2024-03-14,233,FALSE
"infectious_disease","respiratory","COVID-19","Nation","England","E92000001","COVID-19_cases_casesByDay","cases","default","all","all",2024,3,11,2024-03-15,224,FALSE
"infectious_disease","respiratory","COVID-19","Nation","England","E92000001","COVID-19_cases_casesByDay","cases","default","all","all",2024,3,11,2024-03-16,130,FALSE
"infectious_disease","respiratory","COVID-19","Nation","England","E92000001","COVID-19_cases_casesByDay","cases","default","all","all",2024,3,11,2024-03-17,138,FALSE
"infectious_disease","respiratory","COVID-19","Nation","England","E92000001","COVID-19_cases_casesByDay","cases","default","all","all",2024,3,12,2024-03-18,223,FALSE
"infectious_disease","respiratory","COVID-19","Nation","England","E92000001","COVID-19_cases_casesByDay","cases","default","all","all",2024,3,12,2024-03-19,230,FALSE
"infectious_disease","respiratory","COVID-19","Nation","England","E92000001","COVID-19_cases_casesByDay","cases","default","all","all",2024,3,12,2024-03-20,167,FALSE
"infectious_disease","respiratory","COVID-19","Nation","England","E92000001","COVID-19_cases_casesByDay","cases","default","all","all",2024,3,12,2024-03-21,173,FALSE
"infectious_disease","respiratory","COVID-19","Nation","England","E92000001","COVID-19_cases_casesByDay","cases","default","all","all",2024,3,12,2024-03-22,195,FALSE
"infectious_disease","respiratory","COVID-19","Nation","England","E92000001","COVID-19_cases_casesByDay","cases","default","all","all",2024,3,12,2024-03-23,127,FALSE
"infectious_disease","respiratory","COVID-19","Nation","England","E92000001","COVID-19_cases_casesByDay","cases","default","all","all",2024,3,12,2024-03-24,152,FALSE
"infectious_disease","respiratory","COVID-19","Nation","England","E92000001","COVID-19_cases_casesByDay","cases","default","all","all",2024,3,13,2024-03-25,195,FALSE
"infectious_disease","respiratory","COVID-19","Nation","England","E92000001","COVID-19_cases_casesByDay","cases","default","all","all",2024,3,13,2024-03-26,185,FALSE
"infectious_disease","respiratory","COVID-19","Nation","England","E92000001","COVID-19_cases_casesByDay","cases","default","all","all",2024,3,13,2024-03-27,187,FALSE
"infectious_disease","respiratory","COVID-19","Nation","England","E92000001","COVID-19_cases_casesByDay","cases","default","all","all",2024,3,13,2024-03-28,203,FALSE
"infectious_disease","respiratory","COVID-19","Nation","England","E92000001","COVID-19_cases_casesByDay","cases","default","all","all",2024,3,13,2024-03-29,167,FALSE
"infectious_disease","respiratory","COVID-19","Nation","England","E92000001","COVID-19_cases_casesByDay","cases","default","all","all",2024,3,13,2024-03-30,130,FALSE
"infectious_disease","respiratory","COVID-19","Nation","England","E92000001","COVID-19_cases_casesByDay","cases","default","all","all",2024,3,13,2024-03-31,146,FALSE
"infectious_disease","respiratory","COVID-19","Nation","England","E92000001","COVID-19_cases_casesByDay","cases","default","all","all",2024,4,14,2024-04-01,183,FALSE
"infectious_disease","respiratory","COVID-19","Nation","England","E92000001","COVID-19_cases_casesByDay","cases","default","all","all",2024,4,14,2024-04-02,252,FALSE
"infectious_disease","respiratory","COVID-19","Nation","England","E92000001","COVID-19_cases_casesByDay","cases","default","all","all",2024,4,14,2024-04-03,207,FALSE
"infectious_disease","respiratory","COVID-19","Nation","England","E92000001","COVID-19_cases_casesByDay","cases","default","all","all",2024,4,14,2024-04-04,200,FALSE
"infectious_disease","respiratory","COVID-19","Nation","England","E92000001","COVID-19_cases_casesByDay","cases","default","all","all",2024,4,14,2024-04-05,203,FALSE
"infectious_disease","respiratory","COVID-19","Nation","England","E92000001","COVID-19_cases_casesByDay","cases","default","all","all",2024,4,14,2024-04-06,144,FALSE
"infectious_disease","respiratory","COVID-19","Nation","England","E92000001","COVID-19_cases_casesByDay","cases","default","all","all",2024,4,14,2024-04-07,154,FALSE
"infectious_disease","respiratory","COVID-19","Nation","England","E92000001","COVID-19_cases_casesByDay","cases","default","all","all",2024,4,15,2024-04-08,216,FALSE
"infectious_disease","respiratory","COVID-19","Nation","England","E92000001","COVID-19_cases_casesByDay","cases","default","all","all",2024,4,15,2024-04-09,188,FALSE
"infectious_disease","respiratory","COVID-19","Nation","England","E92000001","COVID-19_cases_casesByDay","cases","default","all","all",2024,4,15,2024-04-10,162,FALSE
"infectious_disease","respiratory","COVID-19","Nation","England","E92000001","COVID-19_cases_casesByDay","cases","default","all","all",2024,4,15,2024-04-11,185,FALSE
"infectious_disease","respiratory","COVID-19","Nation","England","E92000001","COVID-19_cases_casesByDay","cases","default","all","all",2024,4,15,2024-04-12,218,FALSE
"infectious_disease","respiratory","COVID-19","Nation","England","E92000001","COVID-19_cases_casesByDay","cases","default","all","all",2024,4,15,2024-04-13,139,FALSE
"infectious_disease","respiratory","COVID-19","Nation","England","E92000001","COVID-19_cases_casesByDay","cases","default","all","all",2024,4,15,2024-04-14,141,FALSE
"infectious_disease","respiratory","COVID-19","Nation","England","E92000001","COVID-19_cases_casesByDay","cases","default","all","all",2024,4,16,2024-04-15,217,FALSE
"infectious_disease","respiratory","COVID-19","Nation","England","E92000001","COVID-19_cases_casesByDay","cases","default","all","all",2024,4,16,2024-04-16,192,FALSE
"infectious_disease","respiratory","COVID-19","Nation","England","E92000001","COVID-19_cases_casesByDay","cases","default","all","all",2024,4,16,2024-04-17,224,FALSE
"infectious_disease","respiratory","COVID-19","Nation","England","E92000001","COVID-19_cases_casesByDay","cases","default","all","all",2024,4,16,2024-04-18,236,FALSE
"infectious_disease","respiratory","COVID-19","Nation","England","E92000001","COVID-19_cases_casesByDay","cases","default","all","all",2024,4,16,2024-04-19,210,FALSE
"infectious_disease","respiratory","COVID-19","Nation","England","E92000001","COVID-19_cases_casesByDay","cases","default","all","all",2024,4,16,2024-04-20,144,FALSE
"infectious_disease","respiratory","COVID-19","Nation","England","E92000001","COVID-19_cases_casesByDay","cases","default","all","all",2024,4,16,2024-04-21,171,FALSE
"infectious_disease","respiratory","COVID-19","Nation","England","E92000001","COVID-19_cases_casesByDay","cases","default","all","all",2024,4,17,2024-04-22,263,FALSE
"infectious_disease","respiratory","COVID-19","Nation","England","E92000001","COVID-19_cases_casesByDay","cases","default","all","all",2024,4,17,2024-04-23,272,FALSE
"infectious_disease","respiratory","COVID-19","Nation","England","E92000001","COVID-19_cases_casesByDay","cases","default","all","all",2024,4,17,2024-04-24,294,FALSE
"infectious_disease","respiratory","COVID-19","Nation","England","E92000001","COVID-19_cases_casesByDay","cases","default","all","all",2024,4,17,2024-04-25,282,FALSE
"infectious_disease","respiratory","COVID-19","Nation","England","E92000001","COVID-19_cases_casesByDay","cases","default","all","all",2024,4,17,2024-04-26,275,FALSE
"infectious_disease","respiratory","COVID-19","Nation","England","E92000001","COVID-19_cases_casesByDay","cases","default","all","all",2024,4,17,2024-04-27,199,FALSE
"infectious_disease","respiratory","COVID-19","Nation","England","E92000001","COVID-19_cases_casesByDay","cases","default","all","all",2024,4,17,2024-04-28,184,FALSE
"infectious_disease","respiratory","COVID-19","Nation","England","E92000001","COVID-19_cases_casesByDay","cases","default","all","all",2024,4,18,2024-04-29,342,FALSE
"infectious_disease","respiratory","COVID-19","Nation","England","E92000001","COVID-19_cases_casesByDay","cases","default","all","all",2024,4,18,2024-04-30,377,FALSE
"infectious_disease","respiratory","COVID-19","Nation","England","E92000001","COVID-19_cases_casesByDay","cases","default","all","all",2024,5,18,2024-05-01,397,FALSE
"infectious_disease","respiratory","COVID-19","Nation","England","E92000001","COVID-19_cases_casesByDay","cases","default","all","all",2024,5,18,2024-05-02,362,FALSE
"infectious_disease","respiratory","COVID-19","Nation","England","E92000001","COVID-19_cases_casesByDay","cases","default","all","all",2024,5,18,2024-05-03,412,FALSE
"infectious_disease","respiratory","COVID-19","Nation","England","E92000001","COVID-19_cases_casesByDay","cases","default","all","all",2024,5,18,2024-05-04,279,FALSE
"infectious_disease","respiratory","COVID-19","Nation","England","E92000001","COVID-19_cases_casesByDay","cases","default","all","all",2024,5,18,2024-05-05,279,FALSE
"infectious_disease","respiratory","COVID-19","Nation","England","E92000001","COVID-19_cases_casesByDay","cases","default","all","all",2024,5,19,2024-05-06,343,FALSE
"infectious_disease","respiratory","COVID-19","Nation","England","E92000001","COVID-19_cases_casesByDay","cases","default","all","all",2024,5,19,2024-05-07,411,FALSE
"infectious_disease","respiratory","COVID-19","Nation","England","E92000001","COVID-19_cases_casesByDay","cases","default","all","all",2024,5,19,2024-05-08,391,FALSE
"infectious_disease","respiratory","COVID-19","Nation","England","E92000001","COVID-19_cases_casesByDay","cases","default","all","all",2024,5,19,2024-05-09,424,FALSE
"infectious_disease","respiratory","COVID-19","Nation","England","E92000001","COVID-19_cases_casesByDay","cases","default","all","all",2024,5,19,2024-05-10,360,FALSE
"infectious_disease","respiratory","COVID-19","Nation","England","E92000001","COVID-19_cases_casesByDay","cases","default","all","all",2024,5,19,2024-05-11,262,FALSE
"infectious_disease","respiratory","COVID-19","Nation","England","E92000001","COVID-19_cases_casesByDay","cases","default","all","all",2024,5,19,2024-05-12,229,FALSE
"infectious_disease","respiratory","COVID-19","Nation","England","E92000001","COVID-19_cases_casesByDay","cases","default","all","all",2024,5,20,2024-05-13,336,FALSE
"infectious_disease","respiratory","COVID-19","Nation","England","E92000001","COVID-19_cases_casesByDay","cases","default","all","all",2024,5,20,2024-05-14,337,FALSE
"infectious_disease","respiratory","COVID-19","Nation","England","E92000001","COVID-19_cases_casesByDay","cases","default","all","all",2024,5,20,2024-05-15,343,FALSE
"infectious_disease","respiratory","COVID-19","Nation","England","E92000001","COVID-19_cases_casesByDay","cases","default","all","all",2024,5,20,2024-05-16,350,FALSE
"infectious_disease","respiratory","COVID-19","Nation","England","E92000001","COVID-19_cases_casesByDay","cases","default","all","all",2024,5,20,2024-05-17,315,FALSE
"infectious_disease","respiratory","COVID-19","Nation","England","E92000001","COVID-19_cases_casesByDay","cases","default","all","all",2024,5,20,2024-05-18,196,FALSE
"infectious_disease","respiratory","COVID-19","Nation","England","E92000001","COVID-19_cases_casesByDay","cases","default","all","all",2024,5,20,2024-05-19,222,FALSE
"infectious_disease","respiratory","COVID-19","Nation","England","E92000001","COVID-19_cases_casesByDay","cases","default","all","all",2024,5,21,2024-05-20,325,FALSE
"infectious_disease","respiratory","COVID-19","Nation","England","E92000001","COVID-19_cases_casesByDay","cases","default","all","all",2024,5,21,2024-05-21,290,FALSE
"infectious_disease","respiratory","COVID-19","Nation","England","E92000001","COVID-19_cases_casesByDay","cases","default","all","all",2024,5,21,2024-05-22,284,FALSE
"infectious_disease","respiratory","COVID-19","Nation","England","E92000001","COVID-19_cases_casesByDay","cases","default","all","all",2024,5,21,2024-05-23,256,FALSE
"infectious_disease","respiratory","COVID-19","Nation","England","E92000001","COVID-19_cases_casesByDay","cases","default","all","all",2024,5,21,2024-05-24,269,FALSE
"infectious_disease","respiratory","COVID-19","Nation","England","E92000001","COVID-19_cases_casesByDay","cases","default","all","all",2024,5,21,2024-05-25,171,FALSE
"infectious_disease","respiratory","COVID-19","Nation","England","E92000001","COVID-19_cases_casesByDay","cases","default","all","all",2024,5,21,2024-05-26,194,FALSE
"infectious_disease","respiratory","COVID-19","Nation","England","E92000001","COVID-19_cases_casesByDay","cases","default","all","all",2024,5,22,2024-05-27,215,FALSE
"infectious_disease","respiratory","COVID-19","Nation","England","E92000001","COVID-19_cases_casesByDay","cases","default","all","all",2024,5,22,2024-05-28,298,FALSE
"infectious_disease","respiratory","COVID-19","Nation","England","E92000001","COVID-19_cases_casesByDay","cases","default","all","all",2024,5,22,2024-05-29,276,FALSE
"infectious_disease","respiratory","COVID-19","Nation","England","E92000001","COVID-19_cases_casesByDay","cases","default","all","all",2024,5,22,2024-05-30,296,FALSE
"infectious_disease","respiratory","COVID-19","Nation","England","E92000001","COVID-19_cases_casesByDay","cases","default","all","all",2024,5,22,2024-05-31,312,FALSE
"infectious_disease","respiratory","COVID-19","Nation","England","E92000001","COVID-19_cases_casesByDay","cases","default","all","all",2024,6,22,2024-06-01,191,FALSE
"infectious_disease","respiratory","COVID-19","Nation","England","E92000001","COVID-19_cases_casesByDay","cases","default","all","all",2024,6,22,2024-06-02,201,FALSE
"infectious_disease","respiratory","COVID-19","Nation","England","E92000001","COVID-19_cases_casesByDay","cases","default","all","all",2024,6,23,2024-06-03,335,FALSE
"infectious_disease","respiratory","COVID-19","Nation","England","E92000001","COVID-19_cases_casesByDay","cases","default","all","all",2024,6,23,2024-06-04,310,FALSE
"infectious_disease","respiratory","COVID-19","Nation","England","E92000001","COVID-19_cases_casesByDay","cases","default","all","all",2024,6,23,2024-06-05,331,FALSE
"infectious_disease","respiratory","COVID-19","Nation","England","E92000001","COVID-19_cases_casesByDay","cases","default","all","all",2024,6,23,2024-06-06,275,FALSE
"infectious_disease","respiratory","COVID-19","Nation","England","E92000001","COVID-19_cases_casesByDay","cases","default","all","all",2024,6,23,2024-06-07,297,FALSE
"infectious_disease","respiratory","COVID-19","Nation","England","E92000001","COVID-19_cases_casesByDay","cases","default","all","all",2024,6,23,2024-06-08,255,FALSE
"infectious_disease","respiratory","COVID-19","Nation","England","E92000001","COVID-19_cases_casesByDay","cases","default","all","all",2024,6,23,2024-06-09,274,FALSE
"infectious_disease","respiratory","COVID-19","Nation","England","E92000001","COVID-19_cases_casesByDay","cases","default","all","all",2024,6,24,2024-06-10,356,FALSE
"infectious_disease","respiratory","COVID-19","Nation","England","E92000001","COVID-19_cases_casesByDay","cases","default","all","all",2024,6,24,2024-06-11,374,FALSE
"infectious_disease","respiratory","COVID-19","Nation","England","E92000001","COVID-19_cases_casesByDay","cases","default","all","all",2024,6,24,2024-06-12,366,FALSE
"infectious_disease","respiratory","COVID-19","Nation","England","E92000001","COVID-19_cases_casesByDay","cases","default","all","all",2024,6,24,2024-06-13,409,FALSE
"infectious_disease","respiratory","COVID-19","Nation","England","E92000001","COVID-19_cases_casesByDay","cases","default","all","all",2024,6,24,2024-06-14,406,FALSE
"infectious_disease","respiratory","COVID-19","Nation","England","E92000001","COVID-19_cases_casesByDay","cases","default","all","all",2024,6,24,2024-06-15,323,FALSE
"infectious_disease","respiratory","COVID-19","Nation","England","E92000001","COVID-19_cases_casesByDay","cases","default","all","all",2024,6,24,2024-06-16,348,FALSE
"infectious_disease","respiratory","COVID-19","Nation","England","E92000001","COVID-19_cases_casesByDay","cases","default","all","all",2024,6,25,2024-06-17,476,FALSE
"infectious_disease","respiratory","COVID-19","Nation","England","E92000001","COVID-19_cases_casesByDay","cases","default","all","all",2024,6,25,2024-06-18,514,FALSE
"infectious_disease","respiratory","COVID-19","Nation","England","E92000001","COVID-19_cases_casesByDay","cases","default","all","all",2024,6,25,2024-06-19,544,FALSE
"infectious_disease","respiratory","COVID-19","Nation","England","E92000001","COVID-19_cases_casesByDay","cases","default","all","all",2024,6,25,2024-06-20,478,FALSE
"infectious_disease","respiratory","COVID-19","Nation","England","E92000001","COVID-19_cases_casesByDay","cases","default","all","all",2024,6,25,2024-06-21,510,FALSE
"infectious_disease","respiratory","COVID-19","Nation","England","E92000001","COVID-19_cases_casesByDay","cases","default","all","all",2024,6,25,2024-06-22,416,FALSE
"infectious_disease","respiratory","COVID-19","Nation","England","E92000001","COVID-19_cases_casesByDay","cases","default","all","all",2024,6,25,2024-06-23,379,FALSE
"infectious_disease","respiratory","COVID-19","Nation","England","E92000001","COVID-19_cases_casesByDay","cases","default","all","all",2024,6,26,2024-06-24,511,FALSE
"infectious_disease","respiratory","COVID-19","Nation","England","E92000001","COVID-19_cases_casesByDay","cases","default","all","all",2024,6,26,2024-06-25,552,FALSE
"infectious_disease","respiratory","COVID-19","Nation","England","E92000001","COVID-19_cases_casesByDay","cases","default","all","all",2024,6,26,2024-06-26,571,FALSE
"infectious_disease","respiratory","COVID-19","Nation","England","E92000001","COVID-19_cases_casesByDay","cases","default","all","all",2024,6,26,2024-06-27,552,FALSE
"infectious_disease","respiratory","COVID-19","Nation","England","E92000001","COVID-19_cases_casesByDay","cases","default","all","all",2024,6,26,2024-06-28,393,FALSE
"infectious_disease","respiratory","COVID-19","Nation","England","E92000001","COVID-19_cases_casesByDay","cases","default","all","all",2024,6,26,2024-06-29,314,FALSE
"infectious_disease","respiratory","COVID-19","Nation","England","E92000001","COVID-19_cases_casesByDay","cases","default","all","all",2024,6,26,2024-06-30,322,FALSE
"infectious_disease","respiratory","COVID-19","Nation","England","E92000001","COVID-19_cases_casesByDay","cases","default","all","all",2024,7,27,2024-07-01,473,FALSE
"infectious_disease","respiratory","COVID-19","Nation","England","E92000001","COVID-19_cases_casesByDay","cases","default","all","all",2024,7,27,2024-07-02,442,FALSE
"infectious_disease","respiratory","COVID-19","Nation","England","E92000001","COVID-19_cases_casesByDay","cases","default","all","all",2024,7,27,2024-07-03,479,FALSE
"infectious_disease","respiratory","COVID-19","Nation","England","E92000001","COVID-19_cases_casesByDay","cases","default","all","all",2024,7,27,2024-07-04,503,FALSE
"infectious_disease","respiratory","COVID-19","Nation","England","E92000001","COVID-19_cases_casesByDay","cases","default","all","all",2024,7,27,2024-07-05,511,FALSE
"infectious_disease","respiratory","COVID-19","Nation","England","E92000001","COVID-19_cases_casesByDay","cases","default","all","all",2024,7,27,2024-07-06,361,FALSE
"infectious_disease","respiratory","COVID-19","Nation","England","E92000001","COVID-19_cases_casesByDay","cases","default","all","all",2024,7,27,2024-07-07,372,FALSE
"infectious_disease","respiratory","COVID-19","Nation","England","E92000001","COVID-19_cases_casesByDay","cases","default","all","all",2024,7,28,2024-07-08,617,FALSE
"infectious_disease","respiratory","COVID-19","Nation","England","E92000001","COVID-19_cases_casesByDay","cases","default","all","all",2024,7,28,2024-07-09,600,FALSE
"infectious_disease","respiratory","COVID-19","Nation","England","E92000001","COVID-19_cases_casesByDay","cases","default","all","all",2024,7,28,2024-07-10,629,FALSE
"infectious_disease","respiratory","COVID-19","Nation","England","E92000001","COVID-19_cases_casesByDay","cases","default","all","all",2024,7,28,2024-07-11,539,FALSE
"infectious_disease","respiratory","COVID-19","Nation","England","E92000001","COVID-19_cases_casesByDay","cases","default","all","all",2024,7,28,2024-07-12,531,FALSE
"infectious_disease","respiratory","COVID-19","Nation","England","E92000001","COVID-19_cases_casesByDay","cases","default","all","all",2024,7,28,2024-07-13,465,FALSE
"infectious_disease","respiratory","COVID-19","Nation","England","E92000001","COVID-19_cases_casesByDay","cases","default","all","all",2024,7,28,2024-07-14,416,FALSE
"infectious_disease","respiratory","COVID-19","Nation","England","E92000001","COVID-19_cases_casesByDay","cases","default","all","all",2024,7,29,2024-07-15,624,FALSE
"infectious_disease","respiratory","COVID-19","Nation","England","E92000001","COVID-19_cases_casesByDay","cases","default","all","all",2024,7,29,2024-07-16,618,FALSE
"infectious_disease","respiratory","COVID-19","Nation","England","E92000001","COVID-19_cases_casesByDay","cases","default","all","all",2024,7,29,2024-07-17,591,FALSE
"infectious_disease","respiratory","COVID-19","Nation","England","E92000001","COVID-19_cases_casesByDay","cases","default","all","all",2024,7,29,2024-07-18,617,FALSE
"infectious_disease","respiratory","COVID-19","Nation","England","E92000001","COVID-19_cases_casesByDay","cases","default","all","all",2024,7,29,2024-07-19,635,FALSE
"infectious_disease","respiratory","COVID-19","Nation","England","E92000001","COVID-19_cases_casesByDay","cases","default","all","all",2024,7,29,2024-07-20,434,FALSE
"infectious_disease","respiratory","COVID-19","Nation","England","E92000001","COVID-19_cases_casesByDay","cases","default","all","all",2024,7,29,2024-07-21,414,FALSE
"infectious_disease","respiratory","COVID-19","Nation","England","E92000001","COVID-19_cases_casesByDay","cases","default","all","all",2024,7,30,2024-07-22,585,FALSE
"infectious_disease","respiratory","COVID-19","Nation","England","E92000001","COVID-19_cases_casesByDay","cases","default","all","all",2024,7,30,2024-07-23,563,FALSE
"infectious_disease","respiratory","COVID-19","Nation","England","E92000001","COVID-19_cases_casesByDay","cases","default","all","all",2024,7,30,2024-07-24,537,FALSE
"infectious_disease","respiratory","COVID-19","Nation","England","E92000001","COVID-19_cases_casesByDay","cases","default","all","all",2024,7,30,2024-07-25,501,FALSE
"infectious_disease","respiratory","COVID-19","Nation","England","E92000001","COVID-19_cases_casesByDay","cases","default","all","all",2024,7,30,2024-07-26,509,FALSE
"infectious_disease","respiratory","COVID-19","Nation","England","E92000001","COVID-19_cases_casesByDay","cases","default","all","all",2024,7,30,2024-07-27,336,FALSE
"infectious_disease","respiratory","COVID-19","Nation","England","E92000001","COVID-19_cases_casesByDay","cases","default","all","all",2024,7,30,2024-07-28,344,FALSE
"infectious_disease","respiratory","COVID-19","Nation","England","E92000001","COVID-19_cases_casesByDay","cases","default","all","all",2024,7,31,2024-07-29,460,FALSE
"infectious_disease","respiratory","COVID-19","Nation","England","E92000001","COVID-19_cases_casesByDay","cases","default","all","all",2024,7,31,2024-07-30,472,FALSE
"infectious_disease","respiratory","COVID-19","Nation","England","E92000001","COVID-19_cases_casesByDay","cases","default","all","all",2024,7,31,2024-07-31,487,FALSE
"infectious_disease","respiratory","COVID-19","Nation","England","E92000001","COVID-19_cases_casesByDay","cases","default","all","all",2024,8,31,2024-08-01,441,FALSE
"infectious_disease","respiratory","COVID-19","Nation","England","E92000001","COVID-19_cases_casesByDay","cases","default","all","all",2024,8,31,2024-08-02,394,FALSE
"infectious_disease","respiratory","COVID-19","Nation","England","E92000001","COVID-19_cases_casesByDay","cases","default","all","all",2024,8,31,2024-08-03,279,FALSE
"infectious_disease","respiratory","COVID-19","Nation","England","E92000001","COVID-19_cases_casesByDay","cases","default","all","all",2024,8,31,2024-08-04,264,FALSE
"infectious_disease","respiratory","COVID-19","Nation","England","E92000001","COVID-19_cases_casesByDay","cases","default","all","all",2024,8,32,2024-08-05,402,FALSE
"infectious_disease","respiratory","COVID-19","Nation","England","E92000001","COVID-19_cases_casesByDay","cases","default","all","all",2024,8,32,2024-08-06,336,FALSE
"infectious_disease","respiratory","COVID-19","Nation","England","E92000001","COVID-19_cases_casesByDay","cases","default","all","all",2024,8,32,2024-08-07,307,FALSE
"infectious_disease","respiratory","COVID-19","Nation","England","E92000001","COVID-19_cases_casesByDay","cases","default","all","all",2024,8,32,2024-08-08,280,FALSE
"infectious_disease","respiratory","COVID-19","Nation","England","E92000001","COVID-19_cases_casesByDay","cases","default","all","all",2024,8,32,2024-08-09,293,FALSE
"infectious_disease","respiratory","COVID-19","Nation","England","E92000001","COVID-19_cases_casesByDay","cases","default","all","all",2024,8,32,2024-08-10,205,FALSE
"infectious_disease","respiratory","COVID-19","Nation","England","E92000001","COVID-19_cases_casesByDay","cases","default","all","all",2024,8,32,2024-08-11,215,FALSE
"infectious_disease","respiratory","COVID-19","Nation","England","E92000001","COVID-19_cases_casesByDay","cases","default","all","all",2024,8,33,2024-08-12,300,FALSE
"infectious_disease","respiratory","COVID-19","Nation","England","E92000001","COVID-19_cases_casesByDay","cases","default","all","all",2024,8,33,2024-08-13,284,FALSE
"infectious_disease","respiratory","COVID-19","Nation","England","E92000001","COVID-19_cases_casesByDay","cases","default","all","all",2024,8,33,2024-08-14,276,FALSE
"infectious_disease","respiratory","COVID-19","Nation","England","E92000001","COVID-19_cases_casesByDay","cases","default","all","all",2024,8,33,2024-08-15,263,FALSE
"infectious_disease","respiratory","COVID-19","Nation","England","E92000001","COVID-19_cases_casesByDay","cases","default","all","all",2024,8,33,2024-08-16,237,FALSE
"infectious_disease","respiratory","COVID-19","Nation","England","E92000001","COVID-19_cases_casesByDay","cases","default","all","all",2024,8,33,2024-08-17,159,FALSE
"infectious_disease","respiratory","COVID-19","Nation","England","E92000001","COVID-19_cases_casesByDay","cases","default","all","all",2024,8,33,2024-08-18,162,FALSE
"infectious_disease","respiratory","COVID-19","Nation","England","E92000001","COVID-19_cases_casesByDay","cases","default","all","all",2024,8,34,2024-08-19,247,FALSE
"infectious_disease","respiratory","COVID-19","Nation","England","E92000001","COVID-19_cases_casesByDay","cases","default","all","all",2024,8,34,2024-08-20,203,FALSE
"infectious_disease","respiratory","COVID-19","Nation","England","E92000001","COVID-19_cases_casesByDay","cases","default","all","all",2024,8,34,2024-08-21,220,FALSE
"infectious_disease","respiratory","COVID-19","Nation","England","E92000001","COVID-19_cases_casesByDay","cases","default","all","all",2024,8,34,2024-08-22,250,FALSE
"infectious_disease","respiratory","COVID-19","Nation","England","E92000001","COVID-19_cases_casesByDay","cases","default","all","all",2024,8,34,2024-08-23,223,FALSE
"infectious_disease","respiratory","COVID-19","Nation","England","E92000001","COVID-19_cases_casesByDay","cases","default","all","all",2024,8,34,2024-08-24,202,FALSE
"infectious_disease","respiratory","COVID-19","Nation","England","E92000001","COVID-19_cases_casesByDay","cases","default","all","all",2024,8,34,2024-08-25,163,FALSE
"infectious_disease","respiratory","COVID-19","Nation","England","E92000001","COVID-19_cases_casesByDay","cases","default","all","all",2024,8,35,2024-08-26,233,FALSE
"infectious_disease","respiratory","COVID-19","Nation","England","E92000001","COVID-19_cases_casesByDay","cases","default","all","all",2024,8,35,2024-08-27,258,FALSE
"infectious_disease","respiratory","COVID-19","Nation","England","E92000001","COVID-19_cases_casesByDay","cases","default","all","all",2024,8,35,2024-08-28,278,FALSE
"infectious_disease","respiratory","COVID-19","Nation","England","E92000001","COVID-19_cases_casesByDay","cases","default","all","all",2024,8,35,2024-08-29,259,FALSE
"infectious_disease","respiratory","COVID-19","Nation","England","E92000001","COVID-19_cases_casesByDay","cases","default","all","all",2024,8,35,2024-08-30,246,FALSE
"infectious_disease","respiratory","COVID-19","Nation","England","E92000001","COVID-19_cases_casesByDay","cases","default","all","all",2024,8,35,2024-08-31,199,FALSE
"infectious_disease","respiratory","COVID-19","Nation","England","E92000001","COVID-19_cases_casesByDay","cases","default","all","all",2024,9,35,2024-09-01,172,FALSE
"infectious_disease","respiratory","COVID-19","Nation","England","E92000001","COVID-19_cases_casesByDay","cases","default","all","all",2024,9,36,2024-09-02,280,FALSE
"infectious_disease","respiratory","COVID-19","Nation","England","E92000001","COVID-19_cases_casesByDay","cases","default","all","all",2024,9,36,2024-09-03,277,FALSE
"infectious_disease","respiratory","COVID-19","Nation","England","E92000001","COVID-19_cases_casesByDay","cases","default","all","all",2024,9,36,2024-09-04,247,FALSE
"infectious_disease","respiratory","COVID-19","Nation","England","E92000001","COVID-19_cases_casesByDay","cases","default","all","all",2024,9,36,2024-09-05,268,FALSE
"infectious_disease","respiratory","COVID-19","Nation","England","E92000001","COVID-19_cases_casesByDay","cases","default","all","all",2024,9,36,2024-09-06,273,FALSE
"infectious_disease","respiratory","COVID-19","Nation","England","E92000001","COVID-19_cases_casesByDay","cases","default","all","all",2024,9,36,2024-09-07,195,FALSE
"infectious_disease","respiratory","COVID-19","Nation","England","E92000001","COVID-19_cases_casesByDay","cases","default","all","all",2024,9,36,2024-09-08,198,FALSE
"infectious_disease","respiratory","COVID-19","Nation","England","E92000001","COVID-19_cases_casesByDay","cases","default","all","all",2024,9,37,2024-09-09,282,FALSE
"infectious_disease","respiratory","COVID-19","Nation","England","E92000001","COVID-19_cases_casesByDay","cases","default","all","all",2024,9,37,2024-09-10,293,FALSE
"infectious_disease","respiratory","COVID-19","Nation","England","E92000001","COVID-19_cases_casesByDay","cases","default","all","all",2024,9,37,2024-09-11,281,FALSE
"infectious_disease","respiratory","COVID-19","Nation","England","E92000001","COVID-19_cases_casesByDay","cases","default","all","all",2024,9,37,2024-09-12,264,FALSE
"infectious_disease","respiratory","COVID-19","Nation","England","E92000001","COVID-19_cases_casesByDay","cases","default","all","all",2024,9,37,2024-09-13,269,FALSE
"infectious_disease","respiratory","COVID-19","Nation","England","E92000001","COVID-19_cases_casesByDay","cases","default","all","all",2024,9,37,2024-09-14,257,FALSE
"infectious_disease","respiratory","COVID-19","Nation","England","E92000001","COVID-19_cases_casesByDay","cases","default","all","all",2024,9,37,2024-09-15,272,FALSE
"infectious_disease","respiratory","COVID-19","Nation","England","E92000001","COVID-19_cases_casesByDay","cases","default","all","all",2024,9,38,2024-09-16,465,FALSE
"infectious_disease","respiratory","COVID-19","Nation","England","E92000001","COVID-19_cases_casesByDay","cases","default","all","all",2024,9,38,2024-09-17,451,FALSE
"infectious_disease","respiratory","COVID-19","Nation","England","E92000001","COVID-19_cases_casesByDay","cases","default","all","all",2024,9,38,2024-09-18,436,FALSE
"infectious_disease","respiratory","COVID-19","Nation","England","E92000001","COVID-19_cases_casesByDay","cases","default","all","all",2024,9,38,2024-09-19,418,FALSE
"infectious_disease","respiratory","COVID-19","Nation","England","E92000001","COVID-19_cases_casesByDay","cases","default","all","all",2024,9,38,2024-09-20,409,FALSE
"infectious_disease","respiratory","COVID-19","Nation","England","E92000001","COVID-19_cases_casesByDay","cases","default","all","all",2024,9,38,2024-09-21,316,FALSE
"infectious_disease","respiratory","COVID-19","Nation","England","E92000001","COVID-19_cases_casesByDay","cases","default","all","all",2024,9,38,2024-09-22,383,FALSE
"infectious_disease","respiratory","COVID-19","Nation","England","E92000001","COVID-19_cases_casesByDay","cases","default","all","all",2024,9,39,2024-09-23,512,FALSE
"infectious_disease","respiratory","COVID-19","Nation","England","E92000001","COVID-19_cases_casesByDay","cases","default","all","all",2024,9,39,2024-09-24,487,FALSE
"infectious_disease","respiratory","COVID-19","Nation","England","E92000001","COVID-19_cases_casesByDay","cases","default","all","all",2024,9,39,2024-09-25,453,FALSE
"infectious_disease","respiratory","COVID-19","Nation","England","E92000001","COVID-19_cases_casesByDay","cases","default","all","all",2024,9,39,2024-09-26,485,FALSE
"infectious_disease","respiratory","COVID-19","Nation","England","E92000001","COVID-19_cases_casesByDay","cases","default","all","all",2024,9,39,2024-09-27,433,FALSE
"infectious_disease","respiratory","COVID-19","Nation","England","E92000001","COVID-19_cases_casesByDay","cases","default","all","all",2024,9,39,2024-09-28,331,FALSE
"infectious_disease","respiratory","COVID-19","Nation","England","E92000001","COVID-19_cases_casesByDay","cases","default","all","all",2024,9,39,2024-09-29,293,FALSE
"infectious_disease","respiratory","COVID-19","Nation","England","E92000001","COVID-19_cases_casesByDay","cases","default","all","all",2024,9,40,2024-09-30,471,FALSE
"infectious_disease","respiratory","COVID-19","Nation","England","E92000001","COVID-19_cases_casesByDay","cases","default","all","all",2024,10,40,2024-10-01,525,FALSE
"infectious_disease","respiratory","COVID-19","Nation","England","E92000001","COVID-19_cases_casesByDay","cases","default","all","all",2024,10,40,2024-10-02,568,FALSE
"infectious_disease","respiratory","COVID-19","Nation","England","E92000001","COVID-19_cases_casesByDay","cases","default","all","all",2024,10,40,2024-10-03,518,FALSE
"infectious_disease","respiratory","COVID-19","Nation","England","E92000001","COVID-19_cases_casesByDay","cases","default","all","all",2024,10,40,2024-10-04,517,FALSE
"infectious_disease","respiratory","COVID-19","Nation","England","E92000001","COVID-19_cases_casesByDay","cases","default","all","all",2024,10,40,2024-10-05,389,FALSE
"infectious_disease","respiratory","COVID-19","Nation","England","E92000001","COVID-19_cases_casesByDay","cases","default","all","all",2024,10,40,2024-10-06,418,FALSE
"infectious_disease","respiratory","COVID-19","Nation","England","E92000001","COVID-19_cases_casesByDay","cases","default","all","all",2024,10,41,2024-10-07,649,FALSE
"infectious_disease","respiratory","COVID-19","Nation","England","E92000001","COVID-19_cases_casesByDay","cases","default","all","all",2024,10,41,2024-10-08,602,FALSE
"infectious_disease","respiratory","COVID-19","Nation","England","E92000001","COVID-19_cases_casesByDay","cases","default","all","all",2024,10,41,2024-10-09,568,FALSE
"infectious_disease","respiratory","COVID-19","Nation","England","E92000001","COVID-19_cases_casesByDay","cases","default","all","all",2024,10,41,2024-10-10,558,FALSE
"infectious_disease","respiratory","COVID-19","Nation","England","E92000001","COVID-19_cases_casesByDay","cases","default","all","all",2024,10,41,2024-10-11,448,FALSE
"infectious_disease","respiratory","COVID-19","Nation","England","E92000001","COVID-19_cases_casesByDay","cases","default","all","all",2024,10,41,2024-10-12,336,FALSE
"infectious_disease","respiratory","COVID-19","Nation","England","E92000001","COVID-19_cases_casesByDay","cases","default","all","all",2024,10,41,2024-10-13,342,FALSE
"infectious_disease","respiratory","COVID-19","Nation","England","E92000001","COVID-19_cases_casesByDay","cases","default","all","all",2024,10,42,2024-10-14,504,FALSE
"infectious_disease","respiratory","COVID-19","Nation","England","E92000001","COVID-19_cases_casesByDay","cases","default","all","all",2024,10,42,2024-10-15,493,FALSE
"infectious_disease","respiratory","COVID-19","Nation","England","E92000001","COVID-19_cases_casesByDay","cases","default","all","all",2024,10,42,2024-10-16,584,FALSE
"infectious_disease","respiratory","COVID-19","Nation","England","E92000001","COVID-19_cases_casesByDay","cases","default","all","all",2024,10,42,2024-10-17,595,FALSE
"infectious_disease","respiratory","COVID-19","Nation","England","E92000001","COVID-19_cases_casesByDay","cases","default","all","all",2024,10,42,2024-10-18,474,FALSE
"infectious_disease","respiratory","COVID-19","Nation","England","E92000001","COVID-19_cases_casesByDay","cases","default","all","all",2024,10,42,2024-10-19,350,FALSE
"infectious_disease","respiratory","COVID-19","Nation","England","E92000001","COVID-19_cases_casesByDay","cases","default","all","all",2024,10,42,2024-10-20,327,FALSE
"infectious_disease","respiratory","COVID-19","Nation","England","E92000001","COVID-19_cases_casesByDay","cases","default","all","all",2024,10,43,2024-10-21,490,FALSE
"infectious_disease","respiratory","COVID-19","Nation","England","E92000001","COVID-19_cases_casesByDay","cases","default","all","all",2024,10,43,2024-10-22,426,FALSE
"infectious_disease","respiratory","COVID-19","Nation","England","E92000001","COVID-19_cases_casesByDay","cases","default","all","all",2024,10,43,2024-10-23,398,FALSE
"infectious_disease","respiratory","COVID-19","Nation","England","E92000001","COVID-19_cases_casesByDay","cases","default","all","all",2024,10,43,2024-10-24,416,FALSE
"infectious_disease","respiratory","COVID-19","Nation","England","E92000001","COVID-19_cases_casesByDay","cases","default","all","all",2024,10,43,2024-10-25,379,FALSE
"infectious_disease","respiratory","COVID-19","Nation","England","E92000001","COVID-19_cases_casesByDay","cases","default","all","all",2024,10,43,2024-10-26,243,FALSE
"infectious_disease","respiratory","COVID-19","Nation","England","E92000001","COVID-19_cases_casesByDay","cases","default","all","all",2024,10,43,2024-10-27,247,FALSE
"infectious_disease","respiratory","COVID-19","Nation","England","E92000001","COVID-19_cases_casesByDay","cases","default","all","all",2024,10,44,2024-10-28,343,FALSE
"infectious_disease","respiratory","COVID-19","Nation","England","E92000001","COVID-19_cases_casesByDay","cases","default","all","all",2024,10,44,2024-10-29,308,FALSE
"infectious_disease","respiratory","COVID-19","Nation","England","E92000001","COVID-19_cases_casesByDay","cases","default","all","all",2024,10,44,2024-10-30,325,FALSE
"infectious_disease","respiratory","COVID-19","Nation","England","E92000001","COVID-19_cases_casesByDay","cases","default","all","all",2024,10,44,2024-10-31,282,FALSE
"infectious_disease","respiratory","COVID-19","Nation","England","E92000001","COVID-19_cases_casesByDay","cases","default","all","all",2024,11,44,2024-11-01,250,FALSE
"infectious_disease","respiratory","COVID-19","Nation","England","E92000001","COVID-19_cases_casesByDay","cases","default","all","all",2024,11,44,2024-11-02,176,FALSE
"infectious_disease","respiratory","COVID-19","Nation","England","E92000001","COVID-19_cases_casesByDay","cases","default","all","all",2024,11,44,2024-11-03,169,FALSE
"infectious_disease","respiratory","COVID-19","Nation","England","E92000001","COVID-19_cases_casesByDay","cases","default","all","all",2024,11,45,2024-11-04,273,FALSE
"infectious_disease","respiratory","COVID-19","Nation","England","E92000001","COVID-19_cases_casesByDay","cases","default","all","all",2024,11,45,2024-11-05,236,FALSE
"infectious_disease","respiratory","COVID-19","Nation","England","E92000001","COVID-19_cases_casesByDay","cases","default","all","all",2024,11,45,2024-11-06,218,FALSE
"infectious_disease","respiratory","COVID-19","Nation","England","E92000001","COVID-19_cases_casesByDay","cases","default","all","all",2024,11,45,2024-11-07,221,FALSE
"infectious_disease","respiratory","COVID-19","Nation","England","E92000001","COVID-19_cases_casesByDay","cases","default","all","all",2024,11,45,2024-11-08,233,FALSE
"infectious_disease","respiratory","COVID-19","Nation","England","E92000001","COVID-19_cases_casesByDay","cases","default","all","all",2024,11,45,2024-11-09,163,FALSE
"infectious_disease","respiratory","COVID-19","Nation","England","E92000001","COVID-19_cases_casesByDay","cases","default","all","all",2024,11,45,2024-11-10,156,FALSE
"infectious_disease","respiratory","COVID-19","Nation","England","E92000001","COVID-19_cases_casesByDay","cases","default","all","all",2024,11,46,2024-11-11,186,FALSE
"infectious_disease","respiratory","COVID-19","Nation","England","E92000001","COVID-19_cases_casesByDay","cases","default","all","all",2024,11,46,2024-11-12,187,FALSE
"infectious_disease","respiratory","COVID-19","Nation","England","E92000001","COVID-19_cases_casesByDay","cases","default","all","all",2024,11,46,2024-11-13,197,FALSE
"infectious_disease","respiratory","COVID-19","Nation","England","E92000001","COVID-19_cases_casesByDay","cases","default","all","all",2024,11,46,2024-11-14,171,FALSE
"infectious_disease","respiratory","COVID-19","Nation","England","E92000001","COVID-19_cases_casesByDay","cases","default","all","all",2024,11,46,2024-11-15,190,FALSE
"infectious_disease","respiratory","COVID-19","Nation","England","E92000001","COVID-19_cases_casesByDay","cases","default","all","all",2024,11,46,2024-11-16,125,FALSE
"infectious_disease","respiratory","COVID-19","Nation","England","E92000001","COVID-19_cases_casesByDay","cases","default","all","all",2024,11,46,2024-11-17,118,FALSE
"infectious_disease","respiratory","COVID-19","Nation","England","E92000001","COVID-19_cases_casesByDay","cases","default","all","all",2024,11,47,2024-11-18,196,FALSE
"infectious_disease","respiratory","COVID-19","Nation","England","E92000001","COVID-19_cases_casesByDay","cases","default","all","all",2024,11,47,2024-11-19,227,FALSE
"infectious_disease","respiratory","COVID-19","Nation","England","E92000001","COVID-19_cases_casesByDay","cases","default","all","all",2024,11,47,2024-11-20,193,FALSE
"infectious_disease","respiratory","COVID-19","Nation","England","E92000001","COVID-19_cases_casesByDay","cases","default","all","all",2024,11,47,2024-11-21,160,FALSE
"infectious_disease","respiratory","COVID-19","Nation","England","E92000001","COVID-19_cases_casesByDay","cases","default","all","all",2024,11,47,2024-11-22,159,FALSE
"infectious_disease","respiratory","COVID-19","Nation","England","E92000001","COVID-19_cases_casesByDay","cases","default","all","all",2024,11,47,2024-11-23,168,FALSE
"infectious_disease","respiratory","COVID-19","Nation","England","E92000001","COVID-19_cases_casesByDay","cases","default","all","all",2024,11,47,2024-11-24,115,FALSE
"infectious_disease","respiratory","COVID-19","Nation","England","E92000001","COVID-19_cases_casesByDay","cases","default","all","all",2024,11,48,2024-11-25,193,FALSE
"infectious_disease","respiratory","COVID-19","Nation","England","E92000001","COVID-19_cases_casesByDay","cases","default","all","all",2024,11,48,2024-11-26,223,FALSE
"infectious_disease","respiratory","COVID-19","Nation","England","E92000001","COVID-19_cases_casesByDay","cases","default","all","all",2024,11,48,2024-11-27,182,FALSE
"infectious_disease","respiratory","COVID-19","Nation","England","E92000001","COVID-19_cases_casesByDay","cases","default","all","all",2024,11,48,2024-11-28,172,FALSE
"infectious_disease","respiratory","COVID-19","Nation","England","E92000001","COVID-19_cases_casesByDay","cases","default","all","all",2024,11,48,2024-11-29,162,FALSE
"infectious_disease","respiratory","COVID-19","Nation","England","E92000001","COVID-19_cases_casesByDay","cases","default","all","all",2024,11,48,2024-11-30,132,FALSE
"infectious_disease","respiratory","COVID-19","Nation","England","E92000001","COVID-19_cases_casesByDay","cases","default","all","all",2024,12,48,2024-12-01,127,FALSE
"infectious_disease","respiratory","COVID-19","Nation","England","E92000001","COVID-19_cases_casesByDay","cases","default","all","all",2024,12,49,2024-12-02,207,FALSE
"infectious_disease","respiratory","COVID-19","Nation","England","E92000001","COVID-19_cases_casesByDay","cases","default","all","all",2024,12,49,2024-12-03,177,FALSE
"infectious_disease","respiratory","COVID-19","Nation","England","E92000001","COVID-19_cases_casesByDay","cases","default","all","all",2024,12,49,2024-12-04,172,FALSE
"infectious_disease","respiratory","COVID-19","Nation","England","E92000001","COVID-19_cases_casesByDay","cases","default","all","all",2024,12,49,2024-12-05,187,FALSE
"infectious_disease","respiratory","COVID-19","Nation","England","E92000001","COVID-19_cases_casesByDay","cases","default","all","all",2024,12,49,2024-12-06,180,FALSE
"infectious_disease","respiratory","COVID-19","Nation","England","E92000001","COVID-19_cases_casesByDay","cases","default","all","all",2024,12,49,2024-12-07,121,FALSE
"infectious_disease","respiratory","COVID-19","Nation","England","E92000001","COVID-19_cases_casesByDay","cases","default","all","all",2024,12,49,2024-12-08,114,FALSE
"infectious_disease","respiratory","COVID-19","Nation","England","E92000001","COVID-19_cases_casesByDay","cases","default","all","all",2024,12,50,2024-12-09,194,FALSE
"infectious_disease","respiratory","COVID-19","Nation","England","E92000001","COVID-19_cases_casesByDay","cases","default","all","all",2024,12,50,2024-12-10,202,FALSE
"infectious_disease","respiratory","COVID-19","Nation","England","E92000001","COVID-19_cases_casesByDay","cases","default","all","all",2024,12,50,2024-12-11,164,FALSE
"infectious_disease","respiratory","COVID-19","Nation","England","E92000001","COVID-19_cases_casesByDay","cases","default","all","all",2024,12,50,2024-12-12,168,FALSE
"infectious_disease","respiratory","COVID-19","Nation","England","E92000001","COVID-19_cases_casesByDay","cases","default","all","all",2024,12,50,2024-12-13,161,FALSE
"infectious_disease","respiratory","COVID-19","Nation","England","E92000001","COVID-19_cases_casesByDay","cases","default","all","all",2024,12,50,2024-12-14,127,FALSE
"infectious_disease","respiratory","COVID-19","Nation","England","E92000001","COVID-19_cases_casesByDay","cases","default","all","all",2024,12,50,2024-12-15,129,FALSE
"infectious_disease","respiratory","COVID-19","Nation","England","E92000001","COVID-19_cases_casesByDay","cases","default","all","all",2024,12,51,2024-12-16,210,FALSE
"infectious_disease","respiratory","COVID-19","Nation","England","E92000001","COVID-19_cases_casesByDay","cases","default","all","all",2024,12,51,2024-12-17,195,FALSE
"infectious_disease","respiratory","COVID-19","Nation","England","E92000001","COVID-19_cases_casesByDay","cases","default","all","all",2024,12,51,2024-12-18,228,FALSE
"infectious_disease","respiratory","COVID-19","Nation","England","E92000001","COVID-19_cases_casesByDay","cases","default","all","all",2024,12,51,2024-12-19,160,FALSE
"infectious_disease","respiratory","COVID-19","Nation","England","E92000001","COVID-19_cases_casesByDay","cases","default","all","all",2024,12,51,2024-12-20,159,FALSE
"infectious_disease","respiratory","COVID-19","Nation","England","E92000001","COVID-19_cases_casesByDay","cases","default","all","all",2024,12,51,2024-12-21,117,FALSE
"infectious_disease","respiratory","COVID-19","Nation","England","E92000001","COVID-19_cases_casesByDay","cases","default","all","all",2024,12,51,2024-12-22,135,FALSE
"infectious_disease","respiratory","COVID-19","Nation","England","E92000001","COVID-19_cases_casesByDay","cases","default","all","all",2024,12,52,2024-12-23,163,FALSE
"infectious_disease","respiratory","COVID-19","Nation","England","E92000001","COVID-19_cases_casesByDay","cases","default","all","all",2024,12,52,2024-12-24,145,FALSE
"infectious_disease","respiratory","COVID-19","Nation","England","E92000001","COVID-19_cases_casesByDay","cases","default","all","all",2024,12,52,2024-12-25,125,FALSE
"infectious_disease","respiratory","COVID-19","Nation","England","E92000001","COVID-19_cases_casesByDay","cases","default","all","all",2024,12,52,2024-12-26,137,FALSE
"infectious_disease","respiratory","COVID-19","Nation","England","E92000001","COVID-19_cases_casesByDay","cases","default","all","all",2024,12,52,2024-12-27,156,FALSE
"infectious_disease","respiratory","COVID-19","Nation","England","E92000001","COVID-19_cases_casesByDay","cases","default","all","all",2024,12,52,2024-12-28,116,FALSE
"infectious_disease","respiratory","COVID-19","Nation","England","E92000001","COVID-19_cases_casesByDay","cases","default","all","all",2024,12,52,2024-12-29,124,FALSE
"infectious_disease","respiratory","COVID-19","Nation","England","E92000001","COVID-19_cases_casesByDay","cases","default","all","all",2024,12,1,2024-12-30,179,FALSE
"infectious_disease","respiratory","COVID-19","Nation","England","E92000001","COVID-19_cases_casesByDay","cases","default","all","all",2024,12,1,2024-12-31,168,FALSE
"infectious_disease","respiratory","COVID-19","Nation","England","E92000001","COVID-19_cases_casesByDay","cases","default","all","all",2025,1,1,2025-01-01,119,FALSE
"infectious_disease","respiratory","COVID-19","Nation","England","E92000001","COVID-19_cases_casesByDay","cases","default","all","all",2025,1,1,2025-01-02,172,FALSE
"infectious_disease","respiratory","COVID-19","Nation","England","E92000001","COVID-19_cases_casesByDay","cases","default","all","all",2025,1,1,2025-01-03,138,FALSE
"infectious_disease","respiratory","COVID-19","Nation","England","E92000001","COVID-19_cases_casesByDay","cases","default","all","all",2025,1,1,2025-01-04,137,FALSE
"infectious_disease","respiratory","COVID-19","Nation","England","E92000001","COVID-19_cases_casesByDay","cases","default","all","all",2025,1,1,2025-01-05,103,FALSE
"infectious_disease","respiratory","COVID-19","Nation","England","E92000001","COVID-19_cases_casesByDay","cases","default","all","all",2025,1,2,2025-01-06,137,FALSE
"infectious_disease","respiratory","COVID-19","Nation","England","E92000001","COVID-19_cases_casesByDay","cases","default","all","all",2025,1,2,2025-01-07,169,FALSE
"infectious_disease","respiratory","COVID-19","Nation","England","E92000001","COVID-19_cases_casesByDay","cases","default","all","all",2025,1,2,2025-01-08,143,FALSE
"infectious_disease","respiratory","COVID-19","Nation","England","E92000001","COVID-19_cases_casesByDay","cases","default","all","all",2025,1,2,2025-01-09,129,FALSE
"infectious_disease","respiratory","COVID-19","Nation","England","E92000001","COVID-19_cases_casesByDay","cases","default","all","all",2025,1,2,2025-01-10,135,FALSE
"infectious_disease","respiratory","COVID-19","Nation","England","E92000001","COVID-19_cases_casesByDay","cases","default","all","all",2025,1,2,2025-01-11,79,FALSE
"infectious_disease","respiratory","COVID-19","Nation","England","E92000001","COVID-19_cases_casesByDay","cases","default","all","all",2025,1,2,2025-01-12,99,FALSE
"infectious_disease","respiratory","COVID-19","Nation","England","E92000001","COVID-19_cases_casesByDay","cases","default","all","all",2025,1,3,2025-01-13,140,FALSE
"infectious_disease","respiratory","COVID-19","Nation","England","E92000001","COVID-19_cases_casesByDay","cases","default","all","all",2025,1,3,2025-01-14,145,FALSE
"infectious_disease","respiratory","COVID-19","Nation","England","E92000001","COVID-19_cases_casesByDay","cases","default","all","all",2025,1,3,2025-01-15,149,FALSE
"infectious_disease","respiratory","COVID-19","Nation","England","E92000001","COVID-19_cases_casesByDay","cases","default","all","all",2025,1,3,2025-01-16,121,FALSE
"infectious_disease","respiratory","COVID-19","Nation","England","E92000001","COVID-19_cases_casesByDay","cases","default","all","all",2025,1,3,2025-01-17,118,FALSE
"infectious_disease","respiratory","COVID-19","Nation","England","E92000001","COVID-19_cases_casesByDay","cases","default","all","all",2025,1,3,2025-01-18,88,FALSE
"infectious_disease","respiratory","COVID-19","Nation","England","E92000001","COVID-19_cases_casesByDay","cases","default","all","all",2025,1,3,2025-01-19,98,FALSE
"infectious_disease","respiratory","COVID-19","Nation","England","E92000001","COVID-19_cases_casesByDay","cases","default","all","all",2025,1,4,2025-01-20,128,FALSE
"infectious_disease","respiratory","COVID-19","Nation","England","E92000001","COVID-19_cases_casesByDay","cases","default","all","all",2025,1,4,2025-01-21,149,FALSE
"infectious_disease","respiratory","COVID-19","Nation","England","E92000001","COVID-19_cases_casesByDay","cases","default","all","all",2025,1,4,2025-01-22,135,FALSE
"infectious_disease","respiratory","COVID-19","Nation","England","E92000001","COVID-19_cases_casesByDay","cases","default","all","all",2025,1,4,2025-01-23,113,FALSE
"infectious_disease","respiratory","COVID-19","Nation","England","E92000001","COVID-19_cases_casesByDay","cases","default","all","all",2025,1,4,2025-01-24,131,FALSE
"infectious_disease","respiratory","COVID-19","Nation","England","E92000001","COVID-19_cases_casesByDay","cases","default","all","all",2025,1,4,2025-01-25,86,FALSE
"infectious_disease","respiratory","COVID-19","Nation","England","E92000001","COVID-19_cases_casesByDay","cases","default","all","all",2025,1,4,2025-01-26,100,FALSE
"infectious_disease","respiratory","COVID-19","Nation","England","E92000001","COVID-19_cases_casesByDay","cases","default","all","all",2025,1,5,2025-01-27,142,FALSE
"infectious_disease","respiratory","COVID-19","Nation","England","E92000001","COVID-19_cases_casesByDay","cases","default","all","all",2025,1,5,2025-01-28,145,FALSE
"infectious_disease","respiratory","COVID-19","Nation","England","E92000001","COVID-19_cases_casesByDay","cases","default","all","all",2025,1,5,2025-01-29,121,FALSE
"infectious_disease","respiratory","COVID-19","Nation","England","E92000001","COVID-19_cases_casesByDay","cases","default","all","all",2025,1,5,2025-01-30,141,FALSE
"infectious_disease","respiratory","COVID-19","Nation","England","E92000001","COVID-19_cases_casesByDay","cases","default","all","all",2025,1,5,2025-01-31,117,FALSE
"infectious_disease","respiratory","COVID-19","Nation","England","E92000001","COVID-19_cases_casesByDay","cases","default","all","all",2025,2,5,2025-02-01,94,FALSE
"infectious_disease","respiratory","COVID-19","Nation","England","E92000001","COVID-19_cases_casesByDay","cases","default","all","all",2025,2,5,2025-02-02,103,FALSE
"infectious_disease","respiratory","COVID-19","Nation","England","E92000001","COVID-19_cases_casesByDay","cases","default","all","all",2025,2,6,2025-02-03,134,FALSE
"infectious_disease","respiratory","COVID-19","Nation","England","E92000001","COVID-19_cases_casesByDay","cases","default","all","all",2025,2,6,2025-02-04,143,FALSE
"infectious_disease","respiratory","COVID-19","Nation","England","E92000001","COVID-19_cases_casesByDay","cases","default","all","all",2025,2,6,2025-02-05,116,FALSE
"infectious_disease","respiratory","COVID-19","Nation","England","E92000001","COVID-19_cases_casesByDay","cases","default","all","all",2025,2,6,2025-02-06,113,FALSE
"infectious_disease","respiratory","COVID-19","Nation","England","E92000001","COVID-19_cases_casesByDay","cases","default","all","all",2025,2,6,2025-02-07,124,FALSE
"infectious_disease","respiratory","COVID-19","Nation","England","E92000001","COVID-19_cases_casesByDay","cases","default","all","all",2025,2,6,2025-02-08,110,FALSE
"infectious_disease","respiratory","COVID-19","Nation","England","E92000001","COVID-19_cases_casesByDay","cases","default","all","all",2025,2,6,2025-02-09,115,FALSE
"infectious_disease","respiratory","COVID-19","Nation","England","E92000001","COVID-19_cases_casesByDay","cases","default","all","all",2025,2,7,2025-02-10,132,FALSE
"infectious_disease","respiratory","COVID-19","Nation","England","E92000001","COVID-19_cases_casesByDay","cases","default","all","all",2025,2,7,2025-02-11,161,FALSE
"infectious_disease","respiratory","COVID-19","Nation","England","E92000001","COVID-19_cases_casesByDay","cases","default","all","all",2025,2,7,2025-02-12,122,FALSE
"infectious_disease","respiratory","COVID-19","Nation","England","E92000001","COVID-19_cases_casesByDay","cases","default","all","all",2025,2,7,2025-02-13,145,FALSE
"infectious_disease","respiratory","COVID-19","Nation","England","E92000001","COVID-19_cases_casesByDay","cases","default","all","all",2025,2,7,2025-02-14,131,FALSE
"infectious_disease","respiratory","COVID-19","Nation","England","E92000001","COVID-19_cases_casesByDay","cases","default","all","all",2025,2,7,2025-02-15,99,FALSE
"infectious_disease","respiratory","COVID-19","Nation","England","E92000001","COVID-19_cases_casesByDay","cases","default","all","all",2025,2,7,2025-02-16,101,FALSE
"infectious_disease","respiratory","COVID-19","Nation","England","E92000001","COVID-19_cases_casesByDay","cases","default","all","all",2025,2,8,2025-02-17,133,FALSE
"infectious_disease","respiratory","COVID-19","Nation","England","E92000001","COVID-19_cases_casesByDay","cases","default","all","all",2025,2,8,2025-02-18,152,FALSE
"infectious_disease","respiratory","COVID-19","Nation","England","E92000001","COVID-19_cases_casesByDay","cases","default","all","all",2025,2,8,2025-02-19,158,FALSE
"infectious_disease","respiratory","COVID-19","Nation","England","E92000001","COVID-19_cases_casesByDay","cases","default","all","all",2025,2,8,2025-02-20,149,FALSE
"infectious_disease","respiratory","COVID-19","Nation","England","E92000001","COVID-19_cases_casesByDay","cases","default","all","all",2025,2,8,2025-02-21,171,FALSE
"infectious_disease","respiratory","COVID-19","Nation","England","E92000001","COVID-19_cases_casesByDay","cases","default","all","all",2025,2,8,2025-02-22,122,FALSE
"infectious_disease","respiratory","COVID-19","Nation","England","E92000001","COVID-19_cases_casesByDay","cases","default","all","all",2025,2,8,2025-02-23,111,FALSE
"infectious_disease","respiratory","COVID-19","Nation","England","E92000001","COVID-19_cases_casesByDay","cases","default","all","all",2025,2,9,2025-02-24,172,FALSE
"infectious_disease","respiratory","COVID-19","Nation","England","E92000001","COVID-19_cases_casesByDay","cases","default","all","all",2025,2,9,2025-02-25,167,FALSE
"infectious_disease","respiratory","COVID-19","Nation","England","E92000001","COVID-19_cases_casesByDay","cases","default","all","all",2025,2,9,2025-02-26,139,FALSE
"infectious_disease","respiratory","COVID-19","Nation","England","E92000001","COVID-19_cases_casesByDay","cases","default","all","all",2025,2,9,2025-02-27,116,FALSE
"infectious_disease","respiratory","COVID-19","Nation","England","E92000001","COVID-19_cases_casesByDay","cases","default","all","all",2025,2,9,2025-02-28,125,FALSE
"infectious_disease","respiratory","COVID-19","Nation","England","E92000001","COVID-19_cases_casesByDay","cases","default","all","all",2025,3,9,2025-03-01,96,FALSE
"infectious_disease","respiratory","COVID-19","Nation","England","E92000001","COVID-19_cases_casesByDay","cases","default","all","all",2025,3,9,2025-03-02,97,FALSE
"infectious_disease","respiratory","COVID-19","Nation","England","E92000001","COVID-19_cases_casesByDay","cases","default","all","all",2025,3,10,2025-03-03,118,FALSE
"infectious_disease","respiratory","COVID-19","Nation","England","E92000001","COVID-19_cases_casesByDay","cases","default","all","all",2025,3,10,2025-03-04,158,FALSE
"infectious_disease","respiratory","COVID-19","Nation","England","E92000001","COVID-19_cases_casesByDay","cases","default","all","all",2025,3,10,2025-03-05,145,FALSE
"infectious_disease","respiratory","COVID-19","Nation","England","E92000001","COVID-19_cases_casesByDay","cases","default","all","all",2025,3,10,2025-03-06,141,FALSE
"infectious_disease","respiratory","COVID-19","Nation","England","E92000001","COVID-19_cases_casesByDay","cases","default","all","all",2025,3,10,2025-03-07,170,FALSE
"infectious_disease","respiratory","COVID-19","Nation","England","E92000001","COVID-19_cases_casesByDay","cases","default","all","all",2025,3,10,2025-03-08,113,FALSE
"infectious_disease","respiratory","COVID-19","Nation","England","E92000001","COVID-19_cases_casesByDay","cases","default","all","all",2025,3,10,2025-03-09,109,FALSE
"infectious_disease","respiratory","COVID-19","Nation","England","E92000001","COVID-19_cases_casesByDay","cases","default","all","all",2025,3,11,2025-03-10,152,FALSE
"infectious_disease","respiratory","COVID-19","Nation","England","E92000001","COVID-19_cases_casesByDay","cases","default","all","all",2025,3,11,2025-03-11,172,FALSE
"infectious_disease","respiratory","COVID-19","Nation","England","E92000001","COVID-19_cases_casesByDay","cases","default","all","all",2025,3,11,2025-03-12,149,FALSE
"infectious_disease","respiratory","COVID-19","Nation","England","E92000001","COVID-19_cases_casesByDay","cases","default","all","all",2025,3,11,2025-03-13,129,FALSE
"infectious_disease","respiratory","COVID-19","Nation","England","E92000001","COVID-19_cases_casesByDay","cases","default","all","all",2025,3,11,2025-03-14,134,FALSE
"infectious_disease","respiratory","COVID-19","Nation","England","E92000001","COVID-19_cases_casesByDay","cases","default","all","all",2025,3,11,2025-03-15,88,FALSE
"infectious_disease","respiratory","COVID-19","Nation","England","E92000001","COVID-19_cases_casesByDay","cases","default","all","all",2025,3,11,2025-03-16,133,FALSE
"infectious_disease","respiratory","COVID-19","Nation","England","E92000001","COVID-19_cases_casesByDay","cases","default","all","all",2025,3,12,2025-03-17,172,FALSE
"infectious_disease","respiratory","COVID-19","Nation","England","E92000001","COVID-19_cases_casesByDay","cases","default","all","all",2025,3,12,2025-03-18,173,FALSE
"infectious_disease","respiratory","COVID-19","Nation","England","E92000001","COVID-19_cases_casesByDay","cases","default","all","all",2025,3,12,2025-03-19,183,FALSE
"infectious_disease","respiratory","COVID-19","Nation","England","E92000001","COVID-19_cases_casesByDay","cases","default","all","all",2025,3,12,2025-03-20,179,FALSE
"infectious_disease","respiratory","COVID-19","Nation","England","E92000001","COVID-19_cases_casesByDay","cases","default","all","all",2025,3,12,2025-03-21,177,FALSE
"infectious_disease","respiratory","COVID-19","Nation","England","E92000001","COVID-19_cases_casesByDay","cases","default","all","all",2025,3,12,2025-03-22,137,FALSE
"infectious_disease","respiratory","COVID-19","Nation","England","E92000001","COVID-19_cases_casesByDay","cases","default","all","all",2025,3,12,2025-03-23,137,FALSE
"infectious_disease","respiratory","COVID-19","Nation","England","E92000001","COVID-19_cases_casesByDay","cases","default","all","all",2025,3,13,2025-03-24,183,FALSE
"infectious_disease","respiratory","COVID-19","Nation","England","E92000001","COVID-19_cases_casesByDay","cases","default","all","all",2025,3,13,2025-03-25,194,FALSE
"infectious_disease","respiratory","COVID-19","Nation","England","E92000001","COVID-19_cases_casesByDay","cases","default","all","all",2025,3,13,2025-03-26,201,FALSE
"infectious_disease","respiratory","COVID-19","Nation","England","E92000001","COVID-19_cases_casesByDay","cases","default","all","all",2025,3,13,2025-03-27,159,FALSE
"infectious_disease","respiratory","COVID-19","Nation","England","E92000001","COVID-19_cases_casesByDay","cases","default","all","all",2025,3,13,2025-03-28,182,FALSE
"infectious_disease","respiratory","COVID-19","Nation","England","E92000001","COVID-19_cases_casesByDay","cases","default","all","all",2025,3,13,2025-03-29,127,FALSE
"infectious_disease","respiratory","COVID-19","Nation","England","E92000001","COVID-19_cases_casesByDay","cases","default","all","all",2025,3,13,2025-03-30,120,FALSE
"infectious_disease","respiratory","COVID-19","Nation","England","E92000001","COVID-19_cases_casesByDay","cases","default","all","all",2025,3,14,2025-03-31,188,FALSE
"infectious_disease","respiratory","COVID-19","Nation","England","E92000001","COVID-19_cases_casesByDay","cases","default","all","all",2025,4,14,2025-04-01,225,FALSE
"infectious_disease","respiratory","COVID-19","Nation","England","E92000001","COVID-19_cases_casesByDay","cases","default","all","all",2025,4,14,2025-04-02,177,FALSE
"infectious_disease","respiratory","COVID-19","Nation","England","E92000001","COVID-19_cases_casesByDay","cases","default","all","all",2025,4,14,2025-04-03,197,FALSE
"infectious_disease","respiratory","COVID-19","Nation","England","E92000001","COVID-19_cases_casesByDay","cases","default","all","all",2025,4,14,2025-04-04,196,FALSE
"infectious_disease","respiratory","COVID-19","Nation","England","E92000001","COVID-19_cases_casesByDay","cases","default","all","all",2025,4,14,2025-04-05,155,FALSE
"infectious_disease","respiratory","COVID-19","Nation","England","E92000001","COVID-19_cases_casesByDay","cases","default","all","all",2025,4,14,2025-04-06,142,FALSE
"infectious_disease","respiratory","COVID-19","Nation","England","E92000001","COVID-19_cases_casesByDay","cases","default","all","all",2025,4,15,2025-04-07,176,FALSE
"infectious_disease","respiratory","COVID-19","Nation","England","E92000001","COVID-19_cases_casesByDay","cases","default","all","all",2025,4,15,2025-04-08,190,FALSE
"infectious_disease","respiratory","COVID-19","Nation","England","E92000001","COVID-19_cases_casesByDay","cases","default","all","all",2025,4,15,2025-04-09,197,FALSE
"infectious_disease","respiratory","COVID-19","Nation","England","E92000001","COVID-19_cases_casesByDay","cases","default","all","all",2025,4,15,2025-04-10,181,FALSE
"infectious_disease","respiratory","COVID-19","Nation","England","E92000001","COVID-19_cases_casesByDay","cases","default","all","all",2025,4,15,2025-04-11,207,FALSE
"infectious_disease","respiratory","COVID-19","Nation","England","E92000001","COVID-19_cases_casesByDay","cases","default","all","all",2025,4,15,2025-04-12,158,FALSE
"infectious_disease","respiratory","COVID-19","Nation","England","E92000001","COVID-19_cases_casesByDay","cases","default","all","all",2025,4,15,2025-04-13,188,FALSE
"infectious_disease","respiratory","COVID-19","Nation","England","E92000001","COVID-19_cases_casesByDay","cases","default","all","all",2025,4,16,2025-04-14,188,FALSE
"infectious_disease","respiratory","COVID-19","Nation","England","E92000001","COVID-19_cases_casesByDay","cases","default","all","all",2025,4,16,2025-04-15,189,FALSE
"infectious_disease","respiratory","COVID-19","Nation","England","E92000001","COVID-19_cases_casesByDay","cases","default","all","all",2025,4,16,2025-04-16,193,FALSE
"infectious_disease","respiratory","COVID-19","Nation","England","E92000001","COVID-19_cases_casesByDay","cases","default","all","all",2025,4,16,2025-04-17,168,FALSE
"infectious_disease","respiratory","COVID-19","Nation","England","E92000001","COVID-19_cases_casesByDay","cases","default","all","all",2025,4,16,2025-04-18,157,FALSE
"infectious_disease","respiratory","COVID-19","Nation","England","E92000001","COVID-19_cases_casesByDay","cases","default","all","all",2025,4,16,2025-04-19,149,FALSE
"infectious_disease","respiratory","COVID-19","Nation","England","E92000001","COVID-19_cases_casesByDay","cases","default","all","all",2025,4,16,2025-04-20,148,FALSE
"infectious_disease","respiratory","COVID-19","Nation","England","E92000001","COVID-19_cases_casesByDay","cases","default","all","all",2025,4,17,2025-04-21,179,FALSE
"infectious_disease","respiratory","COVID-19","Nation","England","E92000001","COVID-19_cases_casesByDay","cases","default","all","all",2025,4,17,2025-04-22,220,FALSE
"infectious_disease","respiratory","COVID-19","Nation","England","E92000001","COVID-19_cases_casesByDay","cases","default","all","all",2025,4,17,2025-04-23,224,FALSE
"infectious_disease","respiratory","COVID-19","Nation","England","E92000001","COVID-19_cases_casesByDay","cases","default","all","all",2025,4,17,2025-04-24,206,FALSE
"infectious_disease","respiratory","COVID-19","Nation","England","E92000001","COVID-19_cases_casesByDay","cases","default","all","all",2025,4,17,2025-04-25,171,FALSE
"infectious_disease","respiratory","COVID-19","Nation","England","E92000001","COVID-19_cases_casesByDay","cases","default","all","all",2025,4,17,2025-04-26,122,FALSE
"infectious_disease","respiratory","COVID-19","Nation","England","E92000001","COVID-19_cases_casesByDay","cases","default","all","all",2025,4,17,2025-04-27,144,FALSE
"infectious_disease","respiratory","COVID-19","Nation","England","E92000001","COVID-19_cases_casesByDay","cases","default","all","all",2025,4,18,2025-04-28,228,FALSE
"infectious_disease","respiratory","COVID-19","Nation","England","E92000001","COVID-19_cases_casesByDay","cases","default","all","all",2025,4,18,2025-04-29,215,FALSE
"infectious_disease","respiratory","COVID-19","Nation","England","E92000001","COVID-19_cases_casesByDay","cases","default","all","all",2025,4,18,2025-04-30,195,FALSE
"infectious_disease","respiratory","COVID-19","Nation","England","E92000001","COVID-19_cases_casesByDay","cases","default","all","all",2025,5,18,2025-05-01,194,FALSE
"infectious_disease","respiratory","COVID-19","Nation","England","E92000001","COVID-19_cases_casesByDay","cases","default","all","all",2025,5,18,2025-05-02,139,FALSE
"infectious_disease","respiratory","COVID-19","Nation","England","E92000001","COVID-19_cases_casesByDay","cases","default","all","all",2025,5,18,2025-05-03,143,FALSE
"infectious_disease","respiratory","COVID-19","Nation","England","E92000001","COVID-19_cases_casesByDay","cases","default","all","all",2025,5,18,2025-05-04,121,FALSE
"infectious_disease","respiratory","COVID-19","Nation","England","E92000001","COVID-19_cases_casesByDay","cases","default","all","all",2025,5,19,2025-05-05,116,FALSE
"infectious_disease","respiratory","COVID-19","Nation","England","E92000001","COVID-19_cases_casesByDay","cases","default","all","all",2025,5,19,2025-05-06,149,FALSE
"infectious_disease","respiratory","COVID-19","Nation","England","E92000001","COVID-19_cases_casesByDay","cases","default","all","all",2025,5,19,2025-05-07,182,FALSE
"infectious_disease","respiratory","COVID-19","Nation","England","E92000001","COVID-19_cases_casesByDay","cases","default","all","all",2025,5,19,2025-05-08,174,FALSE
"infectious_disease","respiratory","COVID-19","Nation","England","E92000001","COVID-19_cases_casesByDay","cases","default","all","all",2025,5,19,2025-05-09,151,FALSE
"infectious_disease","respiratory","COVID-19","Nation","England","E92000001","COVID-19_cases_casesByDay","cases","default","all","all",2025,5,19,2025-05-10,144,FALSE
"infectious_disease","respiratory","COVID-19","Nation","England","E92000001","COVID-19_cases_casesByDay","cases","default","all","all",2025,5,19,2025-05-11,145,FALSE
"infectious_disease","respiratory","COVID-19","Nation","England","E92000001","COVID-19_cases_casesByDay","cases","default","all","all",2025,5,20,2025-05-12,200,FALSE
"infectious_disease","respiratory","COVID-19","Nation","England","E92000001","COVID-19_cases_casesByDay","cases","default","all","all",2025,5,20,2025-05-13,196,FALSE
"infectious_disease","respiratory","COVID-19","Nation","England","E92000001","COVID-19_cases_casesByDay","cases","default","all","all",2025,5,20,2025-05-14,186,FALSE
"infectious_disease","respiratory","COVID-19","Nation","England","E92000001","COVID-19_cases_casesByDay","cases","default","all","all",2025,5,20,2025-05-15,154,FALSE
"infectious_disease","respiratory","COVID-19","Nation","England","E92000001","COVID-19_cases_casesByDay","cases","default","all","all",2025,5,20,2025-05-16,143,FALSE
"infectious_disease","respiratory","COVID-19","Nation","England","E92000001","COVID-19_cases_casesByDay","cases","default","all","all",2025,5,20,2025-05-17,131,FALSE
"infectious_disease","respiratory","COVID-19","Nation","England","E92000001","COVID-19_cases_casesByDay","cases","default","all","all",2025,5,20,2025-05-18,113,FALSE
"infectious_disease","respiratory","COVID-19","Nation","England","E92000001","COVID-19_cases_casesByDay","cases","default","all","all",2025,5,21,2025-05-19,178,FALSE
"infectious_disease","respiratory","COVID-19","Nation","England","E92000001","COVID-19_cases_casesByDay","cases","default","all","all",2025,5,21,2025-05-20,188,FALSE
"infectious_disease","respiratory","COVID-19","Nation","England","E92000001","COVID-19_cases_casesByDay","cases","default","all","all",2025,5,21,2025-05-21,172,FALSE
"infectious_disease","respiratory","COVID-19","Nation","England","E92000001","COVID-19_cases_casesByDay","cases","default","all","all",2025,5,21,2025-05-22,205,FALSE
"infectious_disease","respiratory","COVID-19","Nation","England","E92000001","COVID-19_cases_casesByDay","cases","default","all","all",2025,5,21,2025-05-23,157,FALSE
"infectious_disease","respiratory","COVID-19","Nation","England","E92000001","COVID-19_cases_casesByDay","cases","default","all","all",2025,5,21,2025-05-24,124,FALSE
"infectious_disease","respiratory","COVID-19","Nation","England","E92000001","COVID-19_cases_casesByDay","cases","default","all","all",2025,5,21,2025-05-25,129,FALSE
"infectious_disease","respiratory","COVID-19","Nation","England","E92000001","COVID-19_cases_casesByDay","cases","default","all","all",2025,5,22,2025-05-26,142,FALSE
"infectious_disease","respiratory","COVID-19","Nation","England","E92000001","COVID-19_cases_casesByDay","cases","default","all","all",2025,5,22,2025-05-27,226,FALSE
"infectious_disease","respiratory","COVID-19","Nation","England","E92000001","COVID-19_cases_casesByDay","cases","default","all","all",2025,5,22,2025-05-28,194,FALSE
"infectious_disease","respiratory","COVID-19","Nation","England","E92000001","COVID-19_cases_casesByDay","cases","default","all","all",2025,5,22,2025-05-29,186,FALSE
"infectious_disease","respiratory","COVID-19","Nation","England","E92000001","COVID-19_cases_casesByDay","cases","default","all","all",2025,5,22,2025-05-30,178,FALSE
"infectious_disease","respiratory","COVID-19","Nation","England","E92000001","COVID-19_cases_casesByDay","cases","default","all","all",2025,5,22,2025-05-31,182,FALSE
"infectious_disease","respiratory","COVID-19","Nation","England","E92000001","COVID-19_cases_casesByDay","cases","default","all","all",2025,6,22,2025-06-01,149,FALSE
"infectious_disease","respiratory","COVID-19","Nation","England","E92000001","COVID-19_cases_casesByDay","cases","default","all","all",2025,6,23,2025-06-02,195,FALSE
"infectious_disease","respiratory","COVID-19","Nation","England","E92000001","COVID-19_cases_casesByDay","cases","default","all","all",2025,6,23,2025-06-03,193,FALSE
"infectious_disease","respiratory","COVID-19","Nation","England","E92000001","COVID-19_cases_casesByDay","cases","default","all","all",2025,6,23,2025-06-04,210,FALSE
"infectious_disease","respiratory","COVID-19","Nation","England","E92000001","COVID-19_cases_casesByDay","cases","default","all","all",2025,6,23,2025-06-05,191,FALSE
"infectious_disease","respiratory","COVID-19","Nation","England","E92000001","COVID-19_cases_casesByDay","cases","default","all","all",2025,6,23,2025-06-06,178,FALSE
"infectious_disease","respiratory","COVID-19","Nation","England","E92000001","COVID-19_cases_casesByDay","cases","default","all","all",2025,6,23,2025-06-07,130,FALSE
"infectious_disease","respiratory","COVID-19","Nation","England","E92000001","COVID-19_cases_casesByDay","cases","default","all","all",2025,6,23,2025-06-08,150,FALSE
"infectious_disease","respiratory","COVID-19","Nation","England","E92000001","COVID-19_cases_casesByDay","cases","default","all","all",2025,6,24,2025-06-09,226,FALSE
"infectious_disease","respiratory","COVID-19","Nation","England","E92000001","COVID-19_cases_casesByDay","cases","default","all","all",2025,6,24,2025-06-10,215,FALSE
"infectious_disease","respiratory","COVID-19","Nation","England","E92000001","COVID-19_cases_casesByDay","cases","default","all","all",2025,6,24,2025-06-11,208,FALSE
"infectious_disease","respiratory","COVID-19","Nation","England","E92000001","COVID-19_cases_casesByDay","cases","default","all","all",2025,6,24,2025-06-12,222,FALSE
"infectious_disease","respiratory","COVID-19","Nation","England","E92000001","COVID-19_cases_casesByDay","cases","default","all","all",2025,6,24,2025-06-13,216,FALSE
"infectious_disease","respiratory","COVID-19","Nation","England","E92000001","COVID-19_cases_casesByDay","cases","default","all","all",2025,6,24,2025-06-14,158,FALSE
"infectious_disease","respiratory","COVID-19","Nation","England","E92000001","COVID-19_cases_casesByDay","cases","default","all","all",2025,6,24,2025-06-15,135,FALSE
"infectious_disease","respiratory","COVID-19","Nation","England","E92000001","COVID-19_cases_casesByDay","cases","default","all","all",2025,6,25,2025-06-16,227,FALSE
"infectious_disease","respiratory","COVID-19","Nation","England","E92000001","COVID-19_cases_casesByDay","cases","default","all","all",2025,6,25,2025-06-17,229,FALSE
"infectious_disease","respiratory","COVID-19","Nation","England","E92000001","COVID-19_cases_casesByDay","cases","default","all","all",2025,6,25,2025-06-18,201,FALSE
"infectious_disease","respiratory","COVID-19","Nation","England","E92000001","COVID-19_cases_casesByDay","cases","default","all","all",2025,6,25,2025-06-19,200,FALSE
"infectious_disease","respiratory","COVID-19","Nation","England","E92000001","COVID-19_cases_casesByDay","cases","default","all","all",2025,6,25,2025-06-20,204,FALSE
"infectious_disease","respiratory","COVID-19","Nation","England","E92000001","COVID-19_cases_casesByDay","cases","default","all","all",2025,6,25,2025-06-21,162,FALSE
"infectious_disease","respiratory","COVID-19","Nation","England","E92000001","COVID-19_cases_casesByDay","cases","default","all","all",2025,6,25,2025-06-22,127,FALSE
"infectious_disease","respiratory","COVID-19","Nation","England","E92000001","COVID-19_cases_casesByDay","cases","default","all","all",2025,6,26,2025-06-23,168,FALSE
"infectious_disease","respiratory","COVID-19","Nation","England","E92000001","COVID-19_cases_casesByDay","cases","default","all","all",2025,6,26,2025-06-24,152,FALSE
"infectious_disease","respiratory","COVID-19","Nation","England","E92000001","COVID-19_cases_casesByDay","cases","default","all","all",2025,6,26,2025-06-25,160,FALSE
"infectious_disease","respiratory","COVID-19","Nation","England","E92000001","COVID-19_cases_casesByDay","cases","default","all","all",2025,6,26,2025-06-26,156,FALSE
"infectious_disease","respiratory","COVID-19","Nation","England","E92000001","COVID-19_cases_casesByDay","cases","default","all","all",2025,6,26,2025-06-27,161,FALSE
"infectious_disease","respiratory","COVID-19","Nation","England","E92000001","COVID-19_cases_casesByDay","cases","default","all","all",2025,6,26,2025-06-28,94,FALSE
"infectious_disease","respiratory","COVID-19","Nation","England","E92000001","COVID-19_cases_casesByDay","cases","default","all","all",2025,6,26,2025-06-29,123,FALSE
"infectious_disease","respiratory","COVID-19","Nation","England","E92000001","COVID-19_cases_casesByDay","cases","default","all","all",2025,6,27,2025-06-30,142,FALSE
"infectious_disease","respiratory","COVID-19","Nation","England","E92000001","COVID-19_cases_casesByDay","cases","default","all","all",2025,7,27,2025-07-01,166,FALSE
"infectious_disease","respiratory","COVID-19","Nation","England","E92000001","COVID-19_cases_casesByDay","cases","default","all","all",2025,7,27,2025-07-02,148,FALSE
"infectious_disease","respiratory","COVID-19","Nation","England","E92000001","COVID-19_cases_casesByDay","cases","default","all","all",2025,7,27,2025-07-03,146,FALSE
"infectious_disease","respiratory","COVID-19","Nation","England","E92000001","COVID-19_cases_casesByDay","cases","default","all","all",2025,7,27,2025-07-04,134,FALSE
"infectious_disease","respiratory","COVID-19","Nation","England","E92000001","COVID-19_cases_casesByDay","cases","default","all","all",2025,7,27,2025-07-05,101,FALSE
"infectious_disease","respiratory","COVID-19","Nation","England","E92000001","COVID-19_cases_casesByDay","cases","default","all","all",2025,7,27,2025-07-06,130,FALSE
"infectious_disease","respiratory","COVID-19","Nation","England","E92000001","COVID-19_cases_casesByDay","cases","default","all","all",2025,7,28,2025-07-07,173,FALSE
"infectious_disease","respiratory","COVID-19","Nation","England","E92000001","COVID-19_cases_casesByDay","cases","default","all","all",2025,7,28,2025-07-08,180,FALSE
"infectious_disease","respiratory","COVID-19","Nation","England","E92000001","COVID-19_cases_casesByDay","cases","default","all","all",2025,7,28,2025-07-09,160,FALSE
"infectious_disease","respiratory","COVID-19","Nation","England","E92000001","COVID-19_cases_casesByDay","cases","default","all","all",2025,7,28,2025-07-10,167,FALSE
"infectious_disease","respiratory","COVID-19","Nation","England","E92000001","COVID-19_cases_casesByDay","cases","default","all","all",2025,7,28,2025-07-11,162,FALSE
"infectious_disease","respiratory","COVID-19","Nation","England","E92000001","COVID-19_cases_casesByDay","cases","default","all","all",2025,7,28,2025-07-12,125,FALSE
"infectious_disease","respiratory","COVID-19","Nation","England","E92000001","COVID-19_cases_casesByDay","cases","default","all","all",2025,7,28,2025-07-13,120,FALSE
"infectious_disease","respiratory","COVID-19","Nation","England","E92000001","COVID-19_cases_casesByDay","cases","default","all","all",2025,7,29,2025-07-14,200,FALSE
"infectious_disease","respiratory","COVID-19","Nation","England","E92000001","COVID-19_cases_casesByDay","cases","default","all","all",2025,7,29,2025-07-15,184,FALSE
"infectious_disease","respiratory","COVID-19","Nation","England","E92000001","COVID-19_cases_casesByDay","cases","default","all","all",2025,7,29,2025-07-16,163,FALSE
"infectious_disease","respiratory","COVID-19","Nation","England","E92000001","COVID-19_cases_casesByDay","cases","default","all","all",2025,7,29,2025-07-17,173,FALSE
"infectious_disease","respiratory","COVID-19","Nation","England","E92000001","COVID-19_cases_casesByDay","cases","default","all","all",2025,7,29,2025-07-18,172,FALSE
"infectious_disease","respiratory","COVID-19","Nation","England","E92000001","COVID-19_cases_casesByDay","cases","default","all","all",2025,7,29,2025-07-19,142,FALSE
"infectious_disease","respiratory","COVID-19","Nation","England","E92000001","COVID-19_cases_casesByDay","cases","default","all","all",2025,7,29,2025-07-20,139,FALSE
"infectious_disease","respiratory","COVID-19","Nation","England","E92000001","COVID-19_cases_casesByDay","cases","default","all","all",2025,7,30,2025-07-21,166,FALSE
"infectious_disease","respiratory","COVID-19","Nation","England","E92000001","COVID-19_cases_casesByDay","cases","default","all","all",2025,7,30,2025-07-22,177,FALSE
"infectious_disease","respiratory","COVID-19","Nation","England","E92000001","COVID-19_cases_casesByDay","cases","default","all","all",2025,7,30,2025-07-23,137,FALSE
"infectious_disease","respiratory","COVID-19","Nation","England","E92000001","COVID-19_cases_casesByDay","cases","default","all","all",2025,7,30,2025-07-24,143,FALSE
"infectious_disease","respiratory","COVID-19","Nation","England","E92000001","COVID-19_cases_casesByDay","cases","default","all","all",2025,7,30,2025-07-25,136,FALSE
"infectious_disease","respiratory","COVID-19","Nation","England","E92000001","COVID-19_cases_casesByDay","cases","default","all","all",2025,7,30,2025-07-26,122,FALSE
"infectious_disease","respiratory","COVID-19","Nation","England","E92000001","COVID-19_cases_casesByDay","cases","default","all","all",2025,7,30,2025-07-27,126,FALSE
"infectious_disease","respiratory","COVID-19","Nation","England","E92000001","COVID-19_cases_casesByDay","cases","default","all","all",2025,7,31,2025-07-28,168,FALSE
"infectious_disease","respiratory","COVID-19","Nation","England","E92000001","COVID-19_cases_casesByDay","cases","default","all","all",2025,7,31,2025-07-29,199,FALSE
"infectious_disease","respiratory","COVID-19","Nation","England","E92000001","COVID-19_cases_casesByDay","cases","default","all","all",2025,7,31,2025-07-30,189,FALSE
"infectious_disease","respiratory","COVID-19","Nation","England","E92000001","COVID-19_cases_casesByDay","cases","default","all","all",2025,7,31,2025-07-31,202,FALSE
"infectious_disease","respiratory","COVID-19","Nation","England","E92000001","COVID-19_cases_casesByDay","cases","default","all","all",2025,8,31,2025-08-01,169,FALSE
"infectious_disease","respiratory","COVID-19","Nation","England","E92000001","COVID-19_cases_casesByDay","cases","default","all","all",2025,8,31,2025-08-02,119,FALSE
"infectious_disease","respiratory","COVID-19","Nation","England","E92000001","COVID-19_cases_casesByDay","cases","default","all","all",2025,8,31,2025-08-03,149,FALSE
"infectious_disease","respiratory","COVID-19","Nation","England","E92000001","COVID-19_cases_casesByDay","cases","default","all","all",2025,8,32,2025-08-04,208,FALSE
"infectious_disease","respiratory","COVID-19","Nation","England","E92000001","COVID-19_cases_casesByDay","cases","default","all","all",2025,8,32,2025-08-05,203,FALSE
"infectious_disease","respiratory","COVID-19","Nation","England","E92000001","COVID-19_cases_casesByDay","cases","default","all","all",2025,8,32,2025-08-06,212,FALSE
"infectious_disease","respiratory","COVID-19","Nation","England","E92000001","COVID-19_cases_casesByDay","cases","default","all","all",2025,8,32,2025-08-07,226,FALSE
"infectious_disease","respiratory","COVID-19","Nation","England","E92000001","COVID-19_cases_casesByDay","cases","default","all","all",2025,8,32,2025-08-08,185,FALSE
"infectious_disease","respiratory","COVID-19","Nation","England","E92000001","COVID-19_cases_casesByDay","cases","default","all","all",2025,8,32,2025-08-09,184,FALSE
"infectious_disease","respiratory","COVID-19","Nation","England","E92000001","COVID-19_cases_casesByDay","cases","default","all","all",2025,8,32,2025-08-10,162,FALSE
"infectious_disease","respiratory","COVID-19","Nation","England","E92000001","COVID-19_cases_casesByDay","cases","default","all","all",2025,8,33,2025-08-11,240,FALSE
"infectious_disease","respiratory","COVID-19","Nation","England","E92000001","COVID-19_cases_casesByDay","cases","default","all","all",2025,8,33,2025-08-12,278,FALSE
"infectious_disease","respiratory","COVID-19","Nation","England","E92000001","COVID-19_cases_casesByDay","cases","default","all","all",2025,8,33,2025-08-13,263,FALSE
"infectious_disease","respiratory","COVID-19","Nation","England","E92000001","COVID-19_cases_casesByDay","cases","default","all","all",2025,8,33,2025-08-14,242,FALSE
"infectious_disease","respiratory","COVID-19","Nation","England","E92000001","COVID-19_cases_casesByDay","cases","default","all","all",2025,8,33,2025-08-15,234,FALSE
"infectious_disease","respiratory","COVID-19","Nation","England","E92000001","COVID-19_cases_casesByDay","cases","default","all","all",2025,8,33,2025-08-16,168,FALSE
"infectious_disease","respiratory","COVID-19","Nation","England","E92000001","COVID-19_cases_casesByDay","cases","default","all","all",2025,8,33,2025-08-17,163,FALSE
"infectious_disease","respiratory","COVID-19","Nation","England","E92000001","COVID-19_cases_casesByDay","cases","default","all","all",2025,8,34,2025-08-18,229,FALSE
"infectious_disease","respiratory","COVID-19","Nation","England","E92000001","COVID-19_cases_casesByDay","cases","default","all","all",2025,8,34,2025-08-19,197,FALSE
"infectious_disease","respiratory","COVID-19","Nation","England","E92000001","COVID-19_cases_casesByDay","cases","default","all","all",2025,8,34,2025-08-20,219,FALSE
"infectious_disease","respiratory","COVID-19","Nation","England","E92000001","COVID-19_cases_casesByDay","cases","default","all","all",2025,8,34,2025-08-21,200,FALSE
"infectious_disease","respiratory","COVID-19","Nation","England","E92000001","COVID-19_cases_casesByDay","cases","default","all","all",2025,8,34,2025-08-22,214,FALSE
"infectious_disease","respiratory","COVID-19","Nation","England","E92000001","COVID-19_cases_casesByDay","cases","default","all","all",2025,8,34,2025-08-23,171,FALSE
"infectious_disease","respiratory","COVID-19","Nation","England","E92000001","COVID-19_cases_casesByDay","cases","default","all","all",2025,8,34,2025-08-24,178,FALSE
"infectious_disease","respiratory","COVID-19","Nation","England","E92000001","COVID-19_cases_casesByDay","cases","default","all","all",2025,8,35,2025-08-25,180,FALSE
"infectious_disease","respiratory","COVID-19","Nation","England","E92000001","COVID-19_cases_casesByDay","cases","default","all","all",2025,8,35,2025-08-26,272,FALSE
"infectious_disease","respiratory","COVID-19","Nation","England","E92000001","COVID-19_cases_casesByDay","cases","default","all","all",2025,8,35,2025-08-27,288,FALSE
"infectious_disease","respiratory","COVID-19","Nation","England","E92000001","COVID-19_cases_casesByDay","cases","default","all","all",2025,8,35,2025-08-28,256,FALSE
"infectious_disease","respiratory","COVID-19","Nation","England","E92000001","COVID-19_cases_casesByDay","cases","default","all","all",2025,8,35,2025-08-29,235,FALSE
"infectious_disease","respiratory","COVID-19","Nation","England","E92000001","COVID-19_cases_casesByDay","cases","default","all","all",2025,8,35,2025-08-30,180,FALSE
"infectious_disease","respiratory","COVID-19","Nation","England","E92000001","COVID-19_cases_casesByDay","cases","default","all","all",2025,8,35,2025-08-31,175,FALSE
"infectious_disease","respiratory","COVID-19","Nation","England","E92000001","COVID-19_cases_casesByDay","cases","default","all","all",2025,9,36,2025-09-01,271,FALSE
"infectious_disease","respiratory","COVID-19","Nation","England","E92000001","COVID-19_cases_casesByDay","cases","default","all","all",2025,9,36,2025-09-02,284,FALSE
"infectious_disease","respiratory","COVID-19","Nation","England","E92000001","COVID-19_cases_casesByDay","cases","default","all","all",2025,9,36,2025-09-03,262,FALSE
"infectious_disease","respiratory","COVID-19","Nation","England","E92000001","COVID-19_cases_casesByDay","cases","default","all","all",2025,9,36,2025-09-04,267,FALSE
"infectious_disease","respiratory","COVID-19","Nation","England","E92000001","COVID-19_cases_casesByDay","cases","default","all","all",2025,9,36,2025-09-05,249,FALSE
"infectious_disease","respiratory","COVID-19","Nation","England","E92000001","COVID-19_cases_casesByDay","cases","default","all","all",2025,9,36,2025-09-06,214,FALSE
"infectious_disease","respiratory","COVID-19","Nation","England","E92000001","COVID-19_cases_casesByDay","cases","default","all","all",2025,9,36,2025-09-07,204,FALSE
"infectious_disease","respiratory","COVID-19","Nation","England","E92000001","COVID-19_cases_casesByDay","cases","default","all","all",2025,9,37,2025-09-08,299,FALSE
"infectious_disease","respiratory","COVID-19","Nation","England","E92000001","COVID-19_cases_casesByDay","cases","default","all","all",2025,9,37,2025-09-09,312,FALSE
"infectious_disease","respiratory","COVID-19","Nation","England","E92000001","COVID-19_cases_casesByDay","cases","default","all","all",2025,9,37,2025-09-10,285,FALSE
"infectious_disease","respiratory","COVID-19","Nation","England","E92000001","COVID-19_cases_casesByDay","cases","default","all","all",2025,9,37,2025-09-11,266,FALSE
"infectious_disease","respiratory","COVID-19","Nation","England","E92000001","COVID-19_cases_casesByDay","cases","default","all","all",2025,9,37,2025-09-12,295,FALSE
"infectious_disease","respiratory","COVID-19","Nation","England","E92000001","COVID-19_cases_casesByDay","cases","default","all","all",2025,9,37,2025-09-13,225,FALSE
"infectious_disease","respiratory","COVID-19","Nation","England","E92000001","COVID-19_cases_casesByDay","cases","default","all","all",2025,9,37,2025-09-14,243,FALSE
"infectious_disease","respiratory","COVID-19","Nation","England","E92000001","COVID-19_cases_casesByDay","cases","default","all","all",2025,9,38,2025-09-15,344,FALSE
"infectious_disease","respiratory","COVID-19","Nation","England","E92000001","COVID-19_cases_casesByDay","cases","default","all","all",2025,9,38,2025-09-16,392,FALSE
"infectious_disease","respiratory","COVID-19","Nation","England","E92000001","COVID-19_cases_casesByDay","cases","default","all","all",2025,9,38,2025-09-17,351,FALSE
"infectious_disease","respiratory","COVID-19","Nation","England","E92000001","COVID-19_cases_casesByDay","cases","default","all","all",2025,9,38,2025-09-18,384,FALSE
"infectious_disease","respiratory","COVID-19","Nation","England","E92000001","COVID-19_cases_casesByDay","cases","default","all","all",2025,9,38,2025-09-19,400,FALSE
"infectious_disease","respiratory","COVID-19","Nation","England","E92000001","COVID-19_cases_casesByDay","cases","default","all","all",2025,9,38,2025-09-20,294,FALSE
"infectious_disease","respiratory","COVID-19","Nation","England","E92000001","COVID-19_cases_casesByDay","cases","default","all","all",2025,9,38,2025-09-21,297,FALSE
"infectious_disease","respiratory","COVID-19","Nation","England","E92000001","COVID-19_cases_casesByDay","cases","default","all","all",2025,9,39,2025-09-22,386,FALSE
"infectious_disease","respiratory","COVID-19","Nation","England","E92000001","COVID-19_cases_casesByDay","cases","default","all","all",2025,9,39,2025-09-23,420,FALSE
"infectious_disease","respiratory","COVID-19","Nation","England","E92000001","COVID-19_cases_casesByDay","cases","default","all","all",2025,9,39,2025-09-24,456,FALSE
"infectious_disease","respiratory","COVID-19","Nation","England","E92000001","COVID-19_cases_casesByDay","cases","default","all","all",2025,9,39,2025-09-25,413,FALSE
"infectious_disease","respiratory","COVID-19","Nation","England","E92000001","COVID-19_cases_casesByDay","cases","default","all","all",2025,9,39,2025-09-26,450,FALSE
"infectious_disease","respiratory","COVID-19","Nation","England","E92000001","COVID-19_cases_casesByDay","cases","default","all","all",2025,9,39,2025-09-27,330,FALSE
"infectious_disease","respiratory","COVID-19","Nation","England","E92000001","COVID-19_cases_casesByDay","cases","default","all","all",2025,9,39,2025-09-28,381,FALSE
"infectious_disease","respiratory","COVID-19","Nation","England","E92000001","COVID-19_cases_casesByDay","cases","default","all","all",2025,9,40,2025-09-29,542,FALSE
"infectious_disease","respiratory","COVID-19","Nation","England","E92000001","COVID-19_cases_casesByDay","cases","default","all","all",2025,9,40,2025-09-30,492,FALSE
"infectious_disease","respiratory","COVID-19","Nation","England","E92000001","COVID-19_cases_casesByDay","cases","default","all","all",2025,10,40,2025-10-01,545,FALSE
"infectious_disease","respiratory","COVID-19","Nation","England","E92000001","COVID-19_cases_casesByDay","cases","default","all","all",2025,10,40,2025-10-02,557,FALSE
"infectious_disease","respiratory","COVID-19","Nation","England","E92000001","COVID-19_cases_casesByDay","cases","default","all","all",2025,10,40,2025-10-03,557,FALSE
"infectious_disease","respiratory","COVID-19","Nation","England","E92000001","COVID-19_cases_casesByDay","cases","default","all","all",2025,10,40,2025-10-04,388,FALSE
"infectious_disease","respiratory","COVID-19","Nation","England","E92000001","COVID-19_cases_casesByDay","cases","default","all","all",2025,10,40,2025-10-05,373,FALSE
"infectious_disease","respiratory","COVID-19","Nation","England","E92000001","COVID-19_cases_casesByDay","cases","default","all","all",2025,10,41,2025-10-06,504,FALSE
"infectious_disease","respiratory","COVID-19","Nation","England","E92000001","COVID-19_cases_casesByDay","cases","default","all","all",2025,10,41,2025-10-07,496,FALSE
"infectious_disease","respiratory","COVID-19","Nation","England","E92000001","COVID-19_cases_casesByDay","cases","default","all","all",2025,10,41,2025-10-08,473,FALSE
"infectious_disease","respiratory","COVID-19","Nation","England","E92000001","COVID-19_cases_casesByDay","cases","default","all","all",2025,10,41,2025-10-09,471,FALSE
"infectious_disease","respiratory","COVID-19","Nation","England","E92000001","COVID-19_cases_casesByDay","cases","default","all","all",2025,10,41,2025-10-10,406,FALSE
"infectious_disease","respiratory","COVID-19","Nation","England","E92000001","COVID-19_cases_casesByDay","cases","default","all","all",2025,10,41,2025-10-11,307,FALSE
"infectious_disease","respiratory","COVID-19","Nation","England","E92000001","COVID-19_cases_casesByDay","cases","default","all","all",2025,10,41,2025-10-12,267,FALSE
"infectious_disease","respiratory","COVID-19","Nation","England","E92000001","COVID-19_cases_casesByDay","cases","default","all","all",2025,10,42,2025-10-13,440,FALSE
"infectious_disease","respiratory","COVID-19","Nation","England","E92000001","COVID-19_cases_casesByDay","cases","default","all","all",2025,10,42,2025-10-14,444,FALSE
"infectious_disease","respiratory","COVID-19","Nation","England","E92000001","COVID-19_cases_casesByDay","cases","default","all","all",2025,10,42,2025-10-15,385,FALSE
"infectious_disease","respiratory","COVID-19","Nation","England","E92000001","COVID-19_cases_casesByDay","cases","default","all","all",2025,10,42,2025-10-16,355,FALSE
"infectious_disease","respiratory","COVID-19","Nation","England","E92000001","COVID-19_cases_casesByDay","cases","default","all","all",2025,10,42,2025-10-17,362,FALSE
"infectious_disease","respiratory","COVID-19","Nation","England","E92000001","COVID-19_cases_casesByDay","cases","default","all","all",2025,10,42,2025-10-18,236,FALSE
"infectious_disease","respiratory","COVID-19","Nation","England","E92000001","COVID-19_cases_casesByDay","cases","default","all","all",2025,10,42,2025-10-19,243,FALSE
"infectious_disease","respiratory","COVID-19","Nation","England","E92000001","COVID-19_cases_casesByDay","cases","default","all","all",2025,10,43,2025-10-20,381,FALSE
"infectious_disease","respiratory","COVID-19","Nation","England","E92000001","COVID-19_cases_casesByDay","cases","default","all","all",2025,10,43,2025-10-21,345,FALSE
"infectious_disease","respiratory","COVID-19","Nation","England","E92000001","COVID-19_cases_casesByDay","cases","default","all","all",2025,10,43,2025-10-22,314,FALSE
"infectious_disease","respiratory","COVID-19","Nation","England","E92000001","COVID-19_cases_casesByDay","cases","default","all","all",2025,10,43,2025-10-23,266,FALSE
"infectious_disease","respiratory","COVID-19","Nation","England","E92000001","COVID-19_cases_casesByDay","cases","default","all","all",2025,10,43,2025-10-24,247,FALSE
"infectious_disease","respiratory","COVID-19","Nation","England","E92000001","COVID-19_cases_casesByDay","cases","default","all","all",2025,10,43,2025-10-25,163,FALSE
"infectious_disease","respiratory","COVID-19","Nation","England","E92000001","COVID-19_cases_casesByDay","cases","default","all","all",2025,10,43,2025-10-26,202,FALSE
"infectious_disease","respiratory","COVID-19","Nation","England","E92000001","COVID-19_cases_casesByDay","cases","default","all","all",2025,10,44,2025-10-27,249,FALSE
"infectious_disease","respiratory","COVID-19","Nation","England","E92000001","COVID-19_cases_casesByDay","cases","default","all","all",2025,10,44,2025-10-28,243,FALSE
"infectious_disease","respiratory","COVID-19","Nation","England","E92000001","COVID-19_cases_casesByDay","cases","default","all","all",2025,10,44,2025-10-29,260,FALSE
"infectious_disease","respiratory","COVID-19","Nation","England","E92000001","COVID-19_cases_casesByDay","cases","default","all","all",2025,10,44,2025-10-30,230,FALSE
"infectious_disease","respiratory","COVID-19","Nation","England","E92000001","COVID-19_cases_casesByDay","cases","default","all","all",2025,10,44,2025-10-31,218,FALSE
"infectious_disease","respiratory","COVID-19","Nation","England","E92000001","COVID-19_cases_casesByDay","cases","default","all","all",2025,11,44,2025-11-01,181,FALSE
"infectious_disease","respiratory","COVID-19","Nation","England","E92000001","COVID-19_cases_casesByDay","cases","default","all","all",2025,11,44,2025-11-02,161,FALSE
"infectious_disease","respiratory","COVID-19","Nation","England","E92000001","COVID-19_cases_casesByDay","cases","default","all","all",2025,11,45,2025-11-03,217,FALSE
"infectious_disease","respiratory","COVID-19","Nation","England","E92000001","COVID-19_cases_casesByDay","cases","default","all","all",2025,11,45,2025-11-04,202,FALSE
"infectious_disease","respiratory","COVID-19","Nation","England","E92000001","COVID-19_cases_casesByDay","cases","default","all","all",2025,11,45,2025-11-05,198,FALSE
"infectious_disease","respiratory","COVID-19","Nation","England","E92000001","COVID-19_cases_casesByDay","cases","default","all","all",2025,11,45,2025-11-06,163,FALSE
"infectious_disease","respiratory","COVID-19","Nation","England","E92000001","COVID-19_cases_casesByDay","cases","default","all","all",2025,11,45,2025-11-07,139,FALSE
"infectious_disease","respiratory","COVID-19","Nation","England","E92000001","COVID-19_cases_casesByDay","cases","default","all","all",2025,11,45,2025-11-08,104,FALSE
"infectious_disease","respiratory","COVID-19","Nation","England","E92000001","COVID-19_cases_casesByDay","cases","default","all","all",2025,11,45,2025-11-09,133,FALSE
"infectious_disease","respiratory","COVID-19","Nation","England","E92000001","COVID-19_cases_casesByDay","cases","default","all","all",2025,11,46,2025-11-10,121,FALSE
"infectious_disease","respiratory","COVID-19","Nation","England","E92000001","COVID-19_cases_casesByDay","cases","default","all","all",2025,11,46,2025-11-11,125,FALSE
"infectious_disease","respiratory","COVID-19","Nation","England","E92000001","COVID-19_cases_casesByDay","cases","default","all","all",2025,11,46,2025-11-12,121,FALSE
"infectious_disease","respiratory","COVID-19","Nation","England","E92000001","COVID-19_cases_casesByDay","cases","default","all","all",2025,11,46,2025-11-13,136,FALSE
"infectious_disease","respiratory","COVID-19","Nation","England","E92000001","COVID-19_cases_casesByDay","cases","default","all","all",2025,11,46,2025-11-14,100,FALSE
"infectious_disease","respiratory","COVID-19","Nation","England","E92000001","COVID-19_cases_casesByDay","cases","default","all","all",2025,11,46,2025-11-15,64,FALSE
"infectious_disease","respiratory","COVID-19","Nation","England","E92000001","COVID-19_cases_casesByDay","cases","default","all","all",2025,11,46,2025-11-16,86,FALSE
"infectious_disease","respiratory","COVID-19","Nation","England","E92000001","COVID-19_cases_casesByDay","cases","default","all","all",2025,11,47,2025-11-17,105,FALSE
"infectious_disease","respiratory","COVID-19","Nation","England","E92000001","COVID-19_cases_casesByDay","cases","default","all","all",2025,11,47,2025-11-18,71,FALSE
"infectious_disease","respiratory","COVID-19","Nation","England","E92000001","COVID-19_cases_casesByDay","cases","default","all","all",2025,11,47,2025-11-19,102,FALSE
"infectious_disease","respiratory","COVID-19","Nation","England","E92000001","COVID-19_cases_casesByDay","cases","default","all","all",2025,11,47,2025-11-20,83,FALSE
"infectious_disease","respiratory","COVID-19","Nation","England","E92000001","COVID-19_cases_casesByDay","cases","default","all","all",2025,11,47,2025-11-21,99,FALSE
"infectious_disease","respiratory","COVID-19","Nation","England","E92000001","COVID-19_cases_casesByDay","cases","default","all","all",2025,11,47,2025-11-22,82,FALSE
"infectious_disease","respiratory","COVID-19","Nation","England","E92000001","COVID-19_cases_casesByDay","cases","default","all","all",2025,11,47,2025-11-23,74,FALSE
"infectious_disease","respiratory","COVID-19","Nation","England","E92000001","COVID-19_cases_casesByDay","cases","default","all","all",2025,11,48,2025-11-24,104,FALSE
"infectious_disease","respiratory","COVID-19","Nation","England","E92000001","COVID-19_cases_casesByDay","cases","default","all","all",2025,11,48,2025-11-25,107,FALSE
"infectious_disease","respiratory","COVID-19","Nation","England","E92000001","COVID-19_cases_casesByDay","cases","default","all","all",2025,11,48,2025-11-26,120,FALSE
"infectious_disease","respiratory","COVID-19","Nation","England","E92000001","COVID-19_cases_casesByDay","cases","default","all","all",2025,11,48,2025-11-27,80,FALSE
"infectious_disease","respiratory","COVID-19","Nation","England","E92000001","COVID-19_cases_casesByDay","cases","default","all","all",2025,11,48,2025-11-28,92,FALSE
"infectious_disease","respiratory","COVID-19","Nation","England","E92000001","COVID-19_cases_casesByDay","cases","default","all","all",2025,11,48,2025-11-29,72,FALSE
"infectious_disease","respiratory","COVID-19","Nation","England","E92000001","COVID-19_cases_casesByDay","cases","default","all","all",2025,11,48,2025-11-30,92,FALSE
"infectious_disease","respiratory","COVID-19","Nation","England","E92000001","COVID-19_cases_casesByDay","cases","default","all","all",2025,12,49,2025-12-01,135,FALSE
"infectious_disease","respiratory","COVID-19","Nation","England","E92000001","COVID-19_cases_casesByDay","cases","default","all","all",2025,12,49,2025-12-02,145,FALSE
"infectious_disease","respiratory","COVID-19","Nation","England","E92000001","COVID-19_cases_casesByDay","cases","default","all","all",2025,12,49,2025-12-03,106,FALSE
"infectious_disease","respiratory","COVID-19","Nation","England","E92000001","COVID-19_cases_casesByDay","cases","default","all","all",2025,12,49,2025-12-04,126,FALSE
"infectious_disease","respiratory","COVID-19","Nation","England","E92000001","COVID-19_cases_casesByDay","cases","default","all","all",2025,12,49,2025-12-05,98,FALSE
"infectious_disease","respiratory","COVID-19","Nation","England","E92000001","COVID-19_cases_casesByDay","cases","default","all","all",2025,12,49,2025-12-06,92,FALSE
"infectious_disease","respiratory","COVID-19","Nation","England","E92000001","COVID-19_cases_casesByDay","cases","default","all","all",2025,12,49,2025-12-07,90,FALSE
"infectious_disease","respiratory","COVID-19","Nation","England","E92000001","COVID-19_cases_casesByDay","cases","default","all","all",2025,12,50,2025-12-08,131,FALSE
"infectious_disease","respiratory","COVID-19","Nation","England","E92000001","COVID-19_cases_casesByDay","cases","default","all","all",2025,12,50,2025-12-09,136,FALSE
"infectious_disease","respiratory","COVID-19","Nation","England","E92000001","COVID-19_cases_casesByDay","cases","default","all","all",2025,12,50,2025-12-10,117,FALSE
"infectious_disease","respiratory","COVID-19","Nation","England","E92000001","COVID-19_cases_casesByDay","cases","default","all","all",2025,12,50,2025-12-11,111,FALSE
"infectious_disease","respiratory","COVID-19","Nation","England","E92000001","COVID-19_cases_casesByDay","cases","default","all","all",2025,12,50,2025-12-12,109,FALSE
"infectious_disease","respiratory","COVID-19","Nation","England","E92000001","COVID-19_cases_casesByDay","cases","default","all","all",2025,12,50,2025-12-13,83,FALSE
"infectious_disease","respiratory","COVID-19","Nation","England","E92000001","COVID-19_cases_casesByDay","cases","default","all","all",2025,12,50,2025-12-14,72,FALSE
"infectious_disease","respiratory","COVID-19","Nation","England","E92000001","COVID-19_cases_casesByDay","cases","default","all","all",2025,12,51,2025-12-15,109,FALSE
"infectious_disease","respiratory","COVID-19","Nation","England","E92000001","COVID-19_cases_casesByDay","cases","default","all","all",2025,12,51,2025-12-16,111,FALSE
"infectious_disease","respiratory","COVID-19","Nation","England","E92000001","COVID-19_cases_casesByDay","cases","default","all","all",2025,12,51,2025-12-17,97,FALSE
"infectious_disease","respiratory","COVID-19","Nation","England","E92000001","COVID-19_cases_casesByDay","cases","default","all","all",2025,12,51,2025-12-18,62,FALSE
"infectious_disease","respiratory","COVID-19","Nation","England","E92000001","COVID-19_cases_casesByDay","cases","default","all","all",2025,12,51,2025-12-19,93,FALSE
"infectious_disease","respiratory","COVID-19","Nation","England","E92000001","COVID-19_cases_casesByDay","cases","default","all","all",2025,12,51,2025-12-20,71,FALSE
"infectious_disease","respiratory","COVID-19","Nation","England","E92000001","COVID-19_cases_casesByDay","cases","default","all","all",2025,12,51,2025-12-21,77,FALSE
"infectious_disease","respiratory","COVID-19","Nation","England","E92000001","COVID-19_cases_casesByDay","cases","default","all","all",2025,12,52,2025-12-22,95,FALSE
"infectious_disease","respiratory","COVID-19","Nation","England","E92000001","COVID-19_cases_casesByDay","cases","default","all","all",2025,12,52,2025-12-23,88,FALSE
"infectious_disease","respiratory","COVID-19","Nation","England","E92000001","COVID-19_cases_casesByDay","cases","default","all","all",2025,12,52,2025-12-24,85,FALSE
"infectious_disease","respiratory","COVID-19","Nation","England","E92000001","COVID-19_cases_casesByDay","cases","default","all","all",2025,12,52,2025-12-25,65,FALSE
"infectious_disease","respiratory","COVID-19","Nation","England","E92000001","COVID-19_cases_casesByDay","cases","default","all","all",2025,12,52,2025-12-26,75,FALSE
"infectious_disease","respiratory","COVID-19","Nation","England","E92000001","COVID-19_cases_casesByDay","cases","default","all","all",2025,12,52,2025-12-27,74,FALSE
"infectious_disease","respiratory","COVID-19","Nation","England","E92000001","COVID-19_cases_casesByDay","cases","default","all","all",2025,12,52,2025-12-28,86,FALSE
"infectious_disease","respiratory","COVID-19","Nation","England","E92000001","COVID-19_cases_casesByDay","cases","default","all","all",2025,12,1,2025-12-29,112,FALSE
"infectious_disease","respiratory","COVID-19","Nation","England","E92000001","COVID-19_cases_casesByDay","cases","default","all","all",2025,12,1,2025-12-30,112,FALSE
"infectious_disease","respiratory","COVID-19","Nation","England","E92000001","COVID-19_cases_casesByDay","cases","default","all","all",2025,12,1,2025-12-31,115,FALSE
"infectious_disease","respiratory","COVID-19","Nation","England","E92000001","COVID-19_cases_casesByDay","cases","default","all","all",2026,1,1,2026-01-01,77,FALSE
"infectious_disease","respiratory","COVID-19","Nation","England","E92000001","COVID-19_cases_casesByDay","cases","default","all","all",2026,1,1,2026-01-02,90,FALSE
"infectious_disease","respiratory","COVID-19","Nation","England","E92000001","COVID-19_cases_casesByDay","cases","default","all","all",2026,1,1,2026-01-03,70,FALSE
"infectious_disease","respiratory","COVID-19","Nation","England","E92000001","COVID-19_cases_casesByDay","cases","default","all","all",2026,1,1,2026-01-04,80,FALSE
"infectious_disease","respiratory","COVID-19","Nation","England","E92000001","COVID-19_cases_casesByDay","cases","default","all","all",2026,1,2,2026-01-05,97,FALSE
"infectious_disease","respiratory","COVID-19","Nation","England","E92000001","COVID-19_cases_casesByDay","cases","default","all","all",2026,1,2,2026-01-06,106,FALSE
"infectious_disease","respiratory","COVID-19","Nation","England","E92000001","COVID-19_cases_casesByDay","cases","default","all","all",2026,1,2,2026-01-07,104,FALSE
"infectious_disease","respiratory","COVID-19","Nation","England","E92000001","COVID-19_cases_casesByDay","cases","default","all","all",2026,1,2,2026-01-08,103,FALSE
"infectious_disease","respiratory","COVID-19","Nation","England","E92000001","COVID-19_cases_casesByDay","cases","default","all","all",2026,1,2,2026-01-09,99,FALSE
"infectious_disease","respiratory","COVID-19","Nation","England","E92000001","COVID-19_cases_casesByDay","cases","default","all","all",2026,1,2,2026-01-10,76,FALSE
"infectious_disease","respiratory","COVID-19","Nation","England","E92000001","COVID-19_cases_casesByDay","cases","default","all","all",2026,1,2,2026-01-11,77,FALSE
"infectious_disease","respiratory","COVID-19","Nation","England","E92000001","COVID-19_cases_casesByDay","cases","default","all","all",2026,1,3,2026-01-12,115,FALSE
"infectious_disease","respiratory","COVID-19","Nation","England","E92000001","COVID-19_cases_casesByDay","cases","default","all","all",2026,1,3,2026-01-13,115,FALSE
"infectious_disease","respiratory","COVID-19","Nation","England","E92000001","COVID-19_cases_casesByDay","cases","default","all","all",2026,1,3,2026-01-14,118,FALSE
"infectious_disease","respiratory","COVID-19","Nation","England","E92000001","COVID-19_cases_casesByDay","cases","default","all","all",2026,1,3,2026-01-15,107,FALSE
"infectious_disease","respiratory","COVID-19","Nation","England","E92000001","COVID-19_cases_casesByDay","cases","default","all","all",2026,1,3,2026-01-16,107,FALSE
"infectious_disease","respiratory","COVID-19","Nation","England","E92000001","COVID-19_cases_casesByDay","cases","default","all","all",2026,1,3,2026-01-17,85,FALSE
"infectious_disease","respiratory","COVID-19","Nation","England","E92000001","COVID-19_cases_casesByDay","cases","default","all","all",2026,1,3,2026-01-18,67,FALSE
"infectious_disease","respiratory","COVID-19","Nation","England","E92000001","COVID-19_cases_casesByDay","cases","default","all","all",2026,1,4,2026-01-19,101,FALSE
"infectious_disease","respiratory","COVID-19","Nation","England","E92000001","COVID-19_cases_casesByDay","cases","default","all","all",2026,1,4,2026-01-20,120,FALSE
"infectious_disease","respiratory","COVID-19","Nation","England","E92000001","COVID-19_cases_casesByDay","cases","default","all","all",2026,1,4,2026-01-21,96,FALSE
"infectious_disease","respiratory","COVID-19","Nation","England","E92000001","COVID-19_cases_casesByDay","cases","default","all","all",2026,1,4,2026-01-22,140,FALSE
"infectious_disease","respiratory","COVID-19","Nation","England","E92000001","COVID-19_cases_casesByDay","cases","default","all","all",2026,1,4,2026-01-23,110,FALSE
"infectious_disease","respiratory","COVID-19","Nation","England","E92000001","COVID-19_cases_casesByDay","cases","default","all","all",2026,1,4,2026-01-24,77,FALSE
"infectious_disease","respiratory","COVID-19","Nation","England","E92000001","COVID-19_cases_casesByDay","cases","default","all","all",2026,1,4,2026-01-25,90,FALSE
"infectious_disease","respiratory","COVID-19","Nation","England","E92000001","COVID-19_cases_casesByDay","cases","default","all","all",2026,1,5,2026-01-26,97,FALSE
"infectious_disease","respiratory","COVID-19","Nation","England","E92000001","COVID-19_cases_casesByDay","cases","default","all","all",2026,1,5,2026-01-27,110,FALSE
"infectious_disease","respiratory","COVID-19","Nation","England","E92000001","COVID-19_cases_casesByDay","cases","default","all","all",2026,1,5,2026-01-28,105,FALSE
"infectious_disease","respiratory","COVID-19","Nation","England","E92000001","COVID-19_cases_casesByDay","cases","default","all","all",2026,1,5,2026-01-29,90,FALSE
"infectious_disease","respiratory","COVID-19","Nation","England","E92000001","COVID-19_cases_casesByDay","cases","default","all","all",2026,1,5,2026-01-30,111,FALSE
"infectious_disease","respiratory","COVID-19","Nation","England","E92000001","COVID-19_cases_casesByDay","cases","default","all","all",2026,1,5,2026-01-31,69,FALSE
"infectious_disease","respiratory","COVID-19","Nation","England","E92000001","COVID-19_cases_casesByDay","cases","default","all","all",2026,2,5,2026-02-01,99,FALSE
"infectious_disease","respiratory","COVID-19","Nation","England","E92000001","COVID-19_cases_casesByDay","cases","default","all","all",2026,2,6,2026-02-02,126,FALSE
"infectious_disease","respiratory","COVID-19","Nation","England","E92000001","COVID-19_cases_casesByDay","cases","default","all","all",2026,2,6,2026-02-03,116,FALSE
"infectious_disease","respiratory","COVID-19","Nation","England","E92000001","COVID-19_cases_casesByDay","cases","default","all","all",2026,2,6,2026-02-04,141,FALSE
"infectious_disease","respiratory","COVID-19","Nation","England","E92000001","COVID-19_cases_casesByDay","cases","default","all","all",2026,2,6,2026-02-05,130,FALSE
"infectious_disease","respiratory","COVID-19","Nation","England","E92000001","COVID-19_cases_casesByDay","cases","default","all","all",2026,2,6,2026-02-06,123,FALSE
"infectious_disease","respiratory","COVID-19","Nation","England","E92000001","COVID-19_cases_casesByDay","cases","default","all","all",2026,2,6,2026-02-07,84,FALSE
"infectious_disease","respiratory","COVID-19","Nation","England","E92000001","COVID-19_cases_casesByDay","cases","default","all","all",2026,2,6,2026-02-08,98,FALSE
"infectious_disease","respiratory","COVID-19","Nation","England","E92000001","COVID-19_cases_casesByDay","cases","default","all","all",2026,2,7,2026-02-09,101,FALSE
"infectious_disease","respiratory","COVID-19","Nation","England","E92000001","COVID-19_cases_casesByDay","cases","default","all","all",2026,2,7,2026-02-10,129,FALSE
"infectious_disease","respiratory","COVID-19","Nation","England","E92000001","COVID-19_cases_casesByDay","cases","default","all","all",2026,2,7,2026-02-11,125,FALSE
"infectious_disease","respiratory","COVID-19","Nation","England","E92000001","COVID-19_cases_casesByDay","cases","default","all","all",2026,2,7,2026-02-12,124,FALSE
"infectious_disease","respiratory","COVID-19","Nation","England","E92000001","COVID-19_cases_casesByDay","cases","default","all","all",2026,2,7,2026-02-13,119,FALSE
"infectious_disease","respiratory","COVID-19","Nation","England","E92000001","COVID-19_cases_casesByDay","cases","default","all","all",2026,2,7,2026-02-14,71,FALSE
"infectious_disease","respiratory","COVID-19","Nation","England","E92000001","COVID-19_cases_casesByDay","cases","default","all","all",2026,2,7,2026-02-15,72,FALSE
"infectious_disease","respiratory","COVID-19","Nation","England","E92000001","COVID-19_cases_casesByDay","cases","default","all","all",2026,2,8,2026-02-16,124,FALSE
"infectious_disease","respiratory","COVID-19","Nation","England","E92000001","COVID-19_cases_casesByDay","cases","default","all","all",2026,2,8,2026-02-17,107,FALSE
"infectious_disease","respiratory","COVID-19","Nation","England","E92000001","COVID-19_cases_casesByDay","cases","default","all","all",2026,2,8,2026-02-18,118,FALSE
"infectious_disease","respiratory","COVID-19","Nation","England","E92000001","COVID-19_cases_casesByDay","cases","default","all","all",2026,2,8,2026-02-19,100,FALSE
"infectious_disease","respiratory","COVID-19","Nation","England","E92000001","COVID-19_cases_casesByDay","cases","default","all","all",2026,2,8,2026-02-20,96,FALSE
"infectious_disease","respiratory","COVID-19","Nation","England","E92000001","COVID-19_cases_casesByDay","cases","default","all","all",2026,2,8,2026-02-21,73,FALSE
"infectious_disease","respiratory","COVID-19","Nation","England","E92000001","COVID-19_cases_casesByDay","cases","default","all","all",2026,2,8,2026-02-22,76,FALSE
"infectious_disease","respiratory","COVID-19","Nation","England","E92000001","COVID-19_cases_casesByDay","cases","default","all","all",2026,2,9,2026-02-23,98,FALSE
"infectious_disease","respiratory","COVID-19","Nation","England","E92000001","COVID-19_cases_casesByDay","cases","default","all","all",2026,2,9,2026-02-24,87,FALSE
"infectious_disease","respiratory","COVID-19","Nation","England","E92000001","COVID-19_cases_casesByDay","cases","default","all","all",2026,2,9,2026-02-25,97,FALSE
"infectious_disease","respiratory","COVID-19","Nation","England","E92000001","COVID-19_cases_casesByDay","cases","default","all","all",2026,2,9,2026-02-26,130,FALSE
"infectious_disease","respiratory","COVID-19","Nation","England","E92000001","COVID-19_cases_casesByDay","cases","default","all","all",2026,2,9,2026-02-27,90,FALSE
"infectious_disease","respiratory","COVID-19","Nation","England","E92000001","COVID-19_cases_casesByDay","cases","default","all","all",2026,2,9,2026-02-28,64,FALSE
"infectious_disease","respiratory","COVID-19","Nation","England","E92000001","COVID-19_cases_casesByDay","cases","default","all","all",2026,3,9,2026-03-01,61,FALSE
"infectious_disease","respiratory","COVID-19","Nation","England","E92000001","COVID-19_cases_casesByDay","cases","default","all","all",2026,3,10,2026-03-02,79,FALSE
"infectious_disease","respiratory","COVID-19","Nation","England","E92000001","COVID-19_cases_casesByDay","cases","default","all","all",2026,3,10,2026-03-03,96,FALSE
"infectious_disease","respiratory","COVID-19","Nation","England","E92000001","COVID-19_cases_casesByDay","cases","default","all","all",2026,3,10,2026-03-04,68,FALSE
"infectious_disease","respiratory","COVID-19","Nation","England","E92000001","COVID-19_cases_casesByDay","cases","default","all","all",2026,3,10,2026-03-05,79,FALSE
"infectious_disease","respiratory","COVID-19","Nation","England","E92000001","COVID-19_cases_casesByDay","cases","default","all","all",2026,3,10,2026-03-06,66,FALSE
"infectious_disease","respiratory","COVID-19","Nation","England","E92000001","COVID-19_cases_casesByDay","cases","default","all","all",2026,3,10,2026-03-07,57,FALSE
"infectious_disease","respiratory","COVID-19","Nation","England","E92000001","COVID-19_cases_casesByDay","cases","default","all","all",2026,3,10,2026-03-08,57,FALSE
"infectious_disease","respiratory","COVID-19","Nation","England","E92000001","COVID-19_cases_casesByDay","cases","default","all","all",2026,3,11,2026-03-09,90,FALSE
"infectious_disease","respiratory","COVID-19","Nation","England","E92000001","COVID-19_cases_casesByDay","cases","default","all","all",2026,3,11,2026-03-10,67,FALSE
"infectious_disease","respiratory","COVID-19","Nation","England","E92000001","COVID-19_cases_casesByDay","cases","default","all","all",2026,3,11,2026-03-11,69,FALSE
"infectious_disease","respiratory","COVID-19","Nation","England","E92000001","COVID-19_cases_casesByDay","cases","default","all","all",2026,3,11,2026-03-12,89,FALSE
"infectious_disease","respiratory","COVID-19","Nation","England","E92000001","COVID-19_cases_casesByDay","cases","default","all","all",2026,3,11,2026-03-13,74,FALSE
"infectious_disease","respiratory","COVID-19","Nation","England","E92000001","COVID-19_cases_casesByDay","cases","default","all","all",2026,3,11,2026-03-14,51,FALSE
"infectious_disease","respiratory","COVID-19","Nation","England","E92000001","COVID-19_cases_casesByDay","cases","default","all","all",2026,3,11,2026-03-15,62,FALSE
"infectious_disease","respiratory","COVID-19","Nation","England","E92000001","COVID-19_cases_casesByDay","cases","default","all","all",2026,3,12,2026-03-16,80,FALSE
"infectious_disease","respiratory","COVID-19","Nation","England","E92000001","COVID-19_cases_casesByDay","cases","default","all","all",2026,3,12,2026-03-17,85,FALSE
"infectious_disease","respiratory","COVID-19","Nation","England","E92000001","COVID-19_cases_casesByDay","cases","default","all","all",2026,3,12,2026-03-18,77,FALSE
"infectious_disease","respiratory","COVID-19","Nation","England","E92000001","COVID-19_cases_casesByDay","cases","default","all","all",2026,3,12,2026-03-19,70,FALSE
"infectious_disease","respiratory","COVID-19","Nation","England","E92000001","COVID-19_cases_casesByDay","cases","default","all","all",2026,3,12,2026-03-20,77,FALSE
"infectious_disease","respiratory","COVID-19","Nation","England","E92000001","COVID-19_cases_casesByDay","cases","default","all","all",2026,3,12,2026-03-21,64,FALSE
"infectious_disease","respiratory","COVID-19","Nation","England","E92000001","COVID-19_cases_casesByDay","cases","default","all","all",2026,3,12,2026-03-22,60,FALSE
"infectious_disease","respiratory","COVID-19","Nation","England","E92000001","COVID-19_cases_casesByDay","cases","default","all","all",2026,3,13,2026-03-23,86,FALSE
"infectious_disease","respiratory","COVID-19","Nation","England","E92000001","COVID-19_cases_casesByDay","cases","default","all","all",2026,3,13,2026-03-24,82,FALSE
"infectious_disease","respiratory","COVID-19","Nation","England","E92000001","COVID-19_cases_casesByDay","cases","default","all","all",2026,3,13,2026-03-25,87,FALSE
"infectious_disease","respiratory","COVID-19","Nation","England","E92000001","COVID-19_cases_casesByDay","cases","default","all","all",2026,3,13,2026-03-26,73,FALSE
"infectious_disease","respiratory","COVID-19","Nation","England","E92000001","COVID-19_cases_casesByDay","cases","default","all","all",2026,3,13,2026-03-27,62,FALSE
"infectious_disease","respiratory","COVID-19","Nation","England","E92000001","COVID-19_cases_casesByDay","cases","default","all","all",2026,3,13,2026-03-28,43,FALSE
"infectious_disease","respiratory","COVID-19","Nation","England","E92000001","COVID-19_cases_casesByDay","cases","default","all","all",2026,3,13,2026-03-29,47,FALSE
"infectious_disease","respiratory","COVID-19","Nation","England","E92000001","COVID-19_cases_casesByDay","cases","default","all","all",2026,3,14,2026-03-30,73,FALSE
"infectious_disease","respiratory","COVID-19","Nation","England","E92000001","COVID-19_cases_casesByDay","cases","default","all","all",2026,3,14,2026-03-31,82,FALSE
"infectious_disease","respiratory","COVID-19","Nation","England","E92000001","COVID-19_cases_casesByDay","cases","default","all","all",2026,4,14,2026-04-01,60,FALSE
"infectious_disease","respiratory","COVID-19","Nation","England","E92000001","COVID-19_cases_casesByDay","cases","default","all","all",2026,4,14,2026-04-02,74,FALSE
"infectious_disease","respiratory","COVID-19","Nation","England","E92000001","COVID-19_cases_casesByDay","cases","default","all","all",2026,4,14,2026-04-03,66,FALSE
"infectious_disease","respiratory","COVID-19","Nation","England","E92000001","COVID-19_cases_casesByDay","cases","default","all","all",2026,4,14,2026-04-04,36,FALSE
"infectious_disease","respiratory","COVID-19","Nation","England","E92000001","COVID-19_cases_casesByDay","cases","default","all","all",2026,4,14,2026-04-05,45,FALSE
"infectious_disease","respiratory","COVID-19","Nation","England","E92000001","COVID-19_cases_casesByDay","cases","default","all","all",2026,4,15,2026-04-06,48,FALSE
"infectious_disease","respiratory","COVID-19","Nation","England","E92000001","COVID-19_cases_casesByDay","cases","default","all","all",2026,4,15,2026-04-07,62,FALSE
"infectious_disease","respiratory","COVID-19","Nation","England","E92000001","COVID-19_cases_casesByDay","cases","default","all","all",2026,4,15,2026-04-08,58,FALSE
"infectious_disease","respiratory","COVID-19","Nation","England","E92000001","COVID-19_cases_casesByDay","cases","default","all","all",2026,4,15,2026-04-09,51,FALSE
"infectious_disease","respiratory","COVID-19","Nation","England","E92000001","COVID-19_cases_casesByDay","cases","default","all","all",2026,4,15,2026-04-10,37,FALSE
"infectious_disease","respiratory","COVID-19","Nation","England","E92000001","COVID-19_cases_casesByDay","cases","default","all","all",2026,4,15,2026-04-11,35,FALSE
"infectious_disease","respiratory","COVID-19","Nation","England","E92000001","COVID-19_cases_casesByDay","cases","default","all","all",2026,4,15,2026-04-12,29,FALSE
"infectious_disease","respiratory","COVID-19","Nation","England","E92000001","COVID-19_cases_casesByDay","cases","default","all","all",2026,4,16,2026-04-13,46,FALSE
"infectious_disease","respiratory","COVID-19","Nation","England","E92000001","COVID-19_cases_casesByDay","cases","default","all","all",2026,4,16,2026-04-14,47,FALSE
"infectious_disease","respiratory","COVID-19","Nation","England","E92000001","COVID-19_cases_casesByDay","cases","default","all","all",2026,4,16,2026-04-15,25,FALSE
"infectious_disease","respiratory","COVID-19","Nation","England","E92000001","COVID-19_cases_casesByDay","cases","default","all","all",2026,4,16,2026-04-16,32,FALSE
"infectious_disease","respiratory","COVID-19","Nation","England","E92000001","COVID-19_cases_casesByDay","cases","default","all","all",2026,4,16,2026-04-17,38,FALSE
"infectious_disease","respiratory","COVID-19","Nation","England","E92000001","COVID-19_cases_casesByDay","cases","default","all","all",2026,4,16,2026-04-18,18,FALSE
"infectious_disease","respiratory","COVID-19","Nation","England","E92000001","COVID-19_cases_casesByDay","cases","default","all","all",2026,4,16,2026-04-19,25,FALSE
"infectious_disease","respiratory","COVID-19","Nation","England","E92000001","COVID-19_cases_casesByDay","cases","default","all","all",2026,4,17,2026-04-20,26,FALSE
"infectious_disease","respiratory","COVID-19","Nation","England","E92000001","COVID-19_cases_casesByDay","cases","default","all","all",2026,4,17,2026-04-21,23,FALSE
"infectious_disease","respiratory","COVID-19","Nation","England","E92000001","COVID-19_cases_casesByDay","cases","default","all","all",2026,4,17,2026-04-22,37,FALSE
"infectious_disease","respiratory","COVID-19","Nation","England","E92000001","COVID-19_cases_casesByDay","cases","default","all","all",2026,4,17,2026-04-23,30,FALSE
"infectious_disease","respiratory","COVID-19","Nation","England","E92000001","COVID-19_cases_casesByDay","cases","default","all","all",2026,4,17,2026-04-24,28,FALSE
"infectious_disease","respiratory","COVID-19","Nation","England","E92000001","COVID-19_cases_casesByDay","cases","default","all","all",2026,4,17,2026-04-25,19,FALSE
"infectious_disease","respiratory","COVID-19","Nation","England","E92000001","COVID-19_cases_casesByDay","cases","default","all","all",2026,4,17,2026-04-26,16,FALSE
"infectious_disease","respiratory","COVID-19","Nation","England","E92000001","COVID-19_cases_casesByDay","cases","default","all","all",2026,4,18,2026-04-27,37,FALSE
"infectious_disease","respiratory","COVID-19","Nation","England","E92000001","COVID-19_cases_casesByDay","cases","default","all","all",2026,4,18,2026-04-28,33,FALSE
"infectious_disease","respiratory","COVID-19","Nation","England","E92000001","COVID-19_cases_casesByDay","cases","default","all","all",2026,4,18,2026-04-29,35,FALSE
"infectious_disease","respiratory","COVID-19","Nation","England","E92000001","COVID-19_cases_casesByDay","cases","default","all","all",2026,4,18,2026-04-30,24,FALSE
"infectious_disease","respiratory","COVID-19","Nation","England","E92000001","COVID-19_cases_casesByDay","cases","default","all","all",2026,5,18,2026-05-01,34,FALSE
"infectious_disease","respiratory","COVID-19","Nation","England","E92000001","COVID-19_cases_casesByDay","cases","default","all","all",2026,5,18,2026-05-02,20,FALSE
"infectious_disease","respiratory","COVID-19","Nation","England","E92000001","COVID-19_cases_casesByDay","cases","default","all","all",2026,5,18,2026-05-03,24,FALSE
"infectious_disease","respiratory","COVID-19","Nation","England","E92000001","COVID-19_cases_casesByDay","cases","default","all","all",2026,5,19,2026-05-04,34,FALSE
"infectious_disease","respiratory","COVID-19","Nation","England","E92000001","COVID-19_cases_casesByDay","cases","default","all","all",2026,5,19,2026-05-05,34,FALSE
"infectious_disease","respiratory","COVID-19","Nation","England","E92000001","COVID-19_cases_casesByDay","cases","default","all","all",2026,5,19,2026-05-06,24,FALSE
"infectious_disease","respiratory","COVID-19","Nation","England","E92000001","COVID-19_cases_casesByDay","cases","default","all","all",2026,5,19,2026-05-07,28,FALSE
"infectious_disease","respiratory","COVID-19","Nation","England","E92000001","COVID-19_cases_casesByDay","cases","default","all","all",2026,5,19,2026-05-08,22,FALSE
"infectious_disease","respiratory","COVID-19","Nation","England","E92000001","COVID-19_cases_casesByDay","cases","default","all","all",2026,5,19,2026-05-09,25,FALSE
"infectious_disease","respiratory","COVID-19","Nation","England","E92000001","COVID-19_cases_casesByDay","cases","default","all","all",2026,5,19,2026-05-10,19,FALSE
"infectious_disease","respiratory","COVID-19","Nation","England","E92000001","COVID-19_cases_casesByDay","cases","default","all","all",2026,5,20,2026-05-11,31,FALSE
"infectious_disease","respiratory","COVID-19","Nation","England","E92000001","COVID-19_cases_casesByDay","cases","default","all","all",2026,5,20,2026-05-12,23,FALSE
"infectious_disease","respiratory","COVID-19","Nation","England","E92000001","COVID-19_cases_casesByDay","cases","default","all","all",2026,5,20,2026-05-13,21,FALSE
"infectious_disease","respiratory","COVID-19","Nation","England","E92000001","COVID-19_cases_casesByDay","cases","default","all","all",2026,5,20,2026-05-14,28,FALSE
"infectious_disease","respiratory","COVID-19","Nation","England","E92000001","COVID-19_cases_casesByDay","cases","default","all","all",2026,5,20,2026-05-15,14,FALSE
"infectious_disease","respiratory","COVID-19","Nation","England","E92000001","COVID-19_cases_casesByDay","cases","default","all","all",2026,5,20,2026-05-16,23,FALSE
"infectious_disease","respiratory","COVID-19","Nation","England","E92000001","COVID-19_cases_casesByDay","cases","default","all","all",2026,5,20,2026-05-17,26,FALSE
"infectious_disease","respiratory","COVID-19","Nation","England","E92000001","COVID-19_cases_casesByDay","cases","default","all","all",2026,5,21,2026-05-18,21,FALSE
"infectious_disease","respiratory","COVID-19","Nation","England","E92000001","COVID-19_cases_casesByDay","cases","default","all","all",2026,5,21,2026-05-19,31,FALSE
"infectious_disease","respiratory","COVID-19","Nation","England","E92000001","COVID-19_cases_casesByDay","cases","default","all","all",2026,5,21,2026-05-20,33,FALSE
"infectious_disease","respiratory","COVID-19","Nation","England","E92000001","COVID-19_cases_casesByDay","cases","default","all","all",2026,5,21,2026-05-21,33,FALSE
"infectious_disease","respiratory","COVID-19","Nation","England","E92000001","COVID-19_cases_casesByDay","cases","default","all","all",2026,5,21,2026-05-22,25,FALSE
"infectious_disease","respiratory","COVID-19","Nation","England","E92000001","COVID-19_cases_casesByDay","cases","default","all","all",2026,5,21,2026-05-23,24,FALSE
"infectious_disease","respiratory","COVID-19","Nation","England","E92000001","COVID-19_cases_casesByDay","cases","default","all","all",2026,5,21,2026-05-24,17,FALSE
"infectious_disease","respiratory","COVID-19","Nation","England","E92000001","COVID-19_cases_casesByDay","cases","default","all","all",2026,5,22,2026-05-25,20,FALSE
"infectious_disease","respiratory","COVID-19","Nation","England","E92000001","COVID-19_cases_casesByDay","cases","default","all","all",2026,5,22,2026-05-26,21,FALSE
"infectious_disease","respiratory","COVID-19","Nation","England","E92000001","COVID-19_cases_casesByDay","cases","default","all","all",2026,5,22,2026-05-27,19,FALSE
"infectious_disease","respiratory","COVID-19","Nation","England","E92000001","COVID-19_cases_casesByDay","cases","default","all","all",2026,5,22,2026-05-28,14,FALSE
"infectious_disease","respiratory","COVID-19","Nation","England","E92000001","COVID-19_cases_casesByDay","cases","default","all","all",2026,5,22,2026-05-29,14,FALSE
"infectious_disease","respiratory","COVID-19","Nation","England","E92000001","COVID-19_cases_casesByDay","cases","default","all","all",2026,5,22,2026-05-30,9,FALSE
"infectious_disease","respiratory","COVID-19","Nation","England","E92000001","COVID-19_cases_casesByDay","cases","default","all","all",2026,5,22,2026-05-31,7,FALSE
"infectious_disease","respiratory","COVID-19","Nation","England","E92000001","COVID-19_cases_casesByDay","cases","default","all","all",2026,6,23,2026-06-01,15,FALSE
"infectious_disease","respiratory","COVID-19","Nation","England","E92000001","COVID-19_cases_casesByDay","cases","default","all","all",2026,6,23,2026-06-02,11,FALSE
"infectious_disease","respiratory","COVID-19","Nation","England","E92000001","COVID-19_cases_casesByDay","cases","default","all","all",2026,6,23,2026-06-03,17,FALSE
"infectious_disease","respiratory","COVID-19","Nation","England","E92000001","COVID-19_cases_casesByDay","cases","default","all","all",2026,6,23,2026-06-04,20,FALSE
"infectious_disease","respiratory","COVID-19","Nation","England","E92000001","COVID-19_cases_casesByDay","cases","default","all","all",2026,6,23,2026-06-05,24,FALSE
"infectious_disease","respiratory","COVID-19","Nation","England","E92000001","COVID-19_cases_casesByDay","cases","default","all","all",2026,6,23,2026-06-06,8,FALSE
"infectious_disease","respiratory","COVID-19","Nation","England","E92000001","COVID-19_cases_casesByDay","cases","default","all","all",2026,6,23,2026-06-07,6,FALSE
"infectious_disease","respiratory","COVID-19","Nation","England","E92000001","COVID-19_cases_casesByDay","cases","default","all","all",2026,6,24,2026-06-08,16,FALSE
"infectious_disease","respiratory","COVID-19","Nation","England","E92000001","COVID-19_cases_casesByDay","cases","default","all","all",2026,6,24,2026-06-09,10,FALSE
"infectious_disease","respiratory","COVID-19","Nation","England","E92000001","COVID-19_cases_casesByDay","cases","default","all","all",2026,6,24,2026-06-10,23,FALSE
"infectious_disease","respiratory","COVID-19","Nation","England","E92000001","COVID-19_cases_casesByDay","cases","default","all","all",2026,6,24,2026-06-11,10,FALSE
"infectious_disease","respiratory","COVID-19","Nation","England","E92000001","COVID-19_cases_casesByDay","cases","default","all","all",2026,6,24,2026-06-12,10,FALSE
"infectious_disease","respiratory","COVID-19","Nation","England","E92000001","COVID-19_cases_casesByDay","cases","default","all","all",2026,6,24,2026-06-13,10,FALSE
"infectious_disease","respiratory","COVID-19","Nation","England","E92000001","COVID-19_cases_casesByDay","cases","default","all","all",2026,6,24,2026-06-14,15,FALSE
"infectious_disease","respiratory","COVID-19","Nation","England","E92000001","COVID-19_cases_casesByDay","cases","default","all","all",2026,6,25,2026-06-15,10,FALSE
"infectious_disease","respiratory","COVID-19","Nation","England","E92000001","COVID-19_cases_casesByDay","cases","default","all","all",2026,6,25,2026-06-16,14,FALSE
"infectious_disease","respiratory","COVID-19","Nation","England","E92000001","COVID-19_cases_casesByDay","cases","default","all","all",2026,6,25,2026-06-17,17,FALSE
"infectious_disease","respiratory","COVID-19","Nation","England","E92000001","COVID-19_cases_casesByDay","cases","default","all","all",2026,6,25,2026-06-18,22,FALSE
"infectious_disease","respiratory","COVID-19","Nation","England","E92000001","COVID-19_cases_casesByDay","cases","default","all","all",2026,6,25,2026-06-19,22,FALSE
"infectious_disease","respiratory","COVID-19","Nation","England","E92000001","COVID-19_cases_casesByDay","cases","default","all","all",2026,6,25,2026-06-20,9,FALSE
"infectious_disease","respiratory","COVID-19","Nation","England","E92000001","COVID-19_cases_casesByDay","cases","default","all","all",2026,6,25,2026-06-21,16,FALSE
"infectious_disease","respiratory","COVID-19","Nation","England","E92000001","COVID-19_cases_casesByDay","cases","default","all","all",2026,6,26,2026-06-22,15,FALSE
"infectious_disease","respiratory","COVID-19","Nation","England","E92000001","COVID-19_cases_casesByDay","cases","default","all","all",2026,6,26,2026-06-23,8,FALSE
"infectious_disease","respiratory","COVID-19","Nation","England","E92000001","COVID-19_cases_casesByDay","cases","default","all","all",2026,6,26,2026-06-24,11,FALSE
"infectious_disease","respiratory","COVID-19","Nation","England","E92000001","COVID-19_cases_casesByDay","cases","default","all","all",2026,6,26,2026-06-25,9,FALSE
"infectious_disease","respiratory","COVID-19","Nation","England","E92000001","COVID-19_cases_casesByDay","cases","default","all","all",2026,6,26,2026-06-26,11,FALSE
"infectious_disease","respiratory","COVID-19","Nation","England","E92000001","COVID-19_cases_casesByDay","cases","default","all","all",2026,6,26,2026-06-27,9,FALSE
"infectious_disease","respiratory","COVID-19","Nation","England","E92000001","COVID-19_cases_casesByDay","cases","default","all","all",2026,6,26,2026-06-28,13,FALSE
"infectious_disease","respiratory","COVID-19","Nation","England","E92000001","COVID-19_cases_casesByDay","cases","default","all","all",2026,6,27,2026-06-29,17,FALSE
"infectious_disease","respiratory","COVID-19","Nation","England","E92000001","COVID-19_cases_casesByDay","cases","default","all","all",2026,6,27,2026-06-30,12,FALSE
"infectious_disease","respiratory","COVID-19","Nation","England","E92000001","COVID-19_cases_casesByDay","cases","default","all","all",2026,7,27,2026-07-01,14,FALSE
"infectious_disease","respiratory","COVID-19","Nation","England","E92000001","COVID-19_cases_casesByDay","cases","default","all","all",2026,7,27,2026-07-02,17,FALSE
"infectious_disease","respiratory","COVID-19","Nation","England","E92000001","COVID-19_cases_casesByDay","cases","default","all","all",2026,7,27,2026-07-03,5,FALSE
"infectious_disease","respiratory","COVID-19","Nation","England","E92000001","COVID-19_cases_casesByDay","cases","default","all","all",2026,7,27,2026-07-04,5,FALSE
"infectious_disease","respiratory","COVID-19","Nation","England","E92000001","COVID-19_cases_casesByDay","cases","default","all","all",2026,7,27,2026-07-05,11,FALSE
"infectious_disease","respiratory","COVID-19","Nation","England","E92000001","COVID-19_cases_casesByDay","cases","default","all","all",2026,7,28,2026-07-06,15,FALSE
"infectious_disease","respiratory","COVID-19","Nation","England","E92000001","COVID-19_cases_casesByDay","cases","default","all","all",2026,7,28,2026-07-07,14,FALSE
"infectious_disease","respiratory","COVID-19","Nation","England","E92000001","COVID-19_cases_casesByDay","cases","default","all","all",2026,7,28,2026-07-08,27,FALSE
"infectious_disease","respiratory","COVID-19","Nation","England","E92000001","COVID-19_cases_casesByDay","cases","default","all","all",2026,7,28,2026-07-09,19,FALSE
"infectious_disease","respiratory","COVID-19","Nation","England","E92000001","COVID-19_cases_casesByDay","cases","default","all","all",2026,7,28,2026-07-10,12,FALSE
"infectious_disease","respiratory","COVID-19","Nation","England","E92000001","COVID-19_cases_casesByDay","cases","default","all","all",2026,7,28,2026-07-11,20,FALSE
"infectious_disease","respiratory","COVID-19","Nation","England","E92000001","COVID-19_cases_casesByDay","cases","default","all","all",2026,7,28,2026-07-12,19,FALSE
"infectious_disease","respiratory","COVID-19","Nation","England","E92000001","COVID-19_cases_casesByDay","cases","default","all","all",2026,7,29,2026-07-13,14,FALSE
"infectious_disease","respiratory","COVID-19","Nation","England","E92000001","COVID-19_cases_casesByDay","cases","default","all","all",2026,7,29,2026-07-14,14,FALSE
"infectious_disease","respiratory","COVID-19","Nation","England","E92000001","COVID-19_cases_casesByDay","cases","default","all","all",2026,7,29,2026-07-15,14,FALSE
"infectious_disease","respiratory","COVID-19","Nation","England","E92000001","COVID-19_cases_casesByDay","cases","default","all","all",2026,7,29,2026-07-16,29,FALSE
"infectious_disease","respiratory","COVID-19","Nation","England","E92000001","COVID-19_cases_casesByDay","cases","default","all","all",2026,7,29,2026-07-17,14,FALSE
"infectious_disease","respiratory","COVID-19","Nation","England","E92000001","COVID-19_cases_casesByDay","cases","default","all","all",2026,7,29,2026-07-18,10,FALSE
"infectious_disease","respiratory","COVID-19","Nation","England","E92000001","COVID-19_cases_casesByDay","cases","default","all","all",2026,7,29,2026-07-19,6,FALSE
"infectious_disease","respiratory","COVID-19","Nation","England","E92000001","COVID-19_cases_casesByDay","cases","default","all","all",2026,7,30,2026-07-20,15,FALSE
"infectious_disease","respiratory","COVID-19","Nation","England","E92000001","COVID-19_cases_casesByDay","cases","default","all","all",2026,7,30,2026-07-21,18,FALSE
"infectious_disease","respiratory","COVID-19","Nation","England","E92000001","COVID-19_cases_casesByDay","cases","default","all","all",2026,7,30,2026-07-22,27,FALSE
"infectious_disease","respiratory","COVID-19","Nation","England","E92000001","COVID-19_cases_casesByDay","cases","default","all","all",2026,7,30,2026-07-23,34,FALSE
"infectious_disease","respiratory","COVID-19","Nation","England","E92000001","COVID-19_cases_casesByDay","cases","default","all","all",2026,7,30,2026-07-24,20,FALSE
"infectious_disease","respiratory","COVID-19","Nation","England","E92000001","COVID-19_cases_casesByDay","cases","default","all","all",2026,7,30,2026-07-25,22,FALSE
"infectious_disease","respiratory","COVID-19","Nation","England","E92000001","COVID-19_cases_casesByDay","cases","default","all","all",2026,7,30,2026-07-26,26,FALSE
"infectious_disease","respiratory","COVID-19","Nation","England","E92000001","COVID-19_cases_casesByDay","cases","default","all","all",2026,7,31,2026-07-27,22,FALSE
"infectious_disease","respiratory","COVID-19","Nation","England","E92000001","COVID-19_cases_casesByDay","cases","default","all","all",2026,7,31,2026-07-28,38,FALSE
"infectious_disease","respiratory","COVID-19","Nation","England","E92000001","COVID-19_cases_casesByDay","cases","default","all","all",2026,7,31,2026-07-29,25,FALSE
"infectious_disease","respiratory","COVID-19","Nation","England","E92000001","COVID-19_cases_casesByDay","cases","default","all","all",2026,7,31,2026-07-30,32,FALSE
"infectious_disease","respiratory","COVID-19","Nation","England","E92000001","COVID-19_cases_casesByDay","cases","default","all","all",2026,7,31,2026-07-31,36,FALSE
"infectious_disease","respiratory","COVID-19","Nation","England","E92000001","COVID-19_cases_casesByDay","cases","default","all","all",2026,8,31,2026-08-01,25,FALSE
"infectious_disease","respiratory","COVID-19","Nation","England","E92000001","COVID-19_cases_casesByDay","cases","default","all","all",2026,8,31,2026-08-02,23,FALSE
"infectious_disease","respiratory","COVID-19","Nation","England","E92000001","COVID-19_cases_casesByDay","cases","default","all","all",2026,8,32,2026-08-03,35,FALSE
"infectious_disease","respiratory","COVID-19","Nation","England","E92000001","COVID-19_cases_casesByDay","cases","default","all","all",2026,8,32,2026-08-04,39,FALSE
"infectious_disease","respiratory","COVID-19","Nation","England","E92000001","COVID-19_cases_casesByDay","cases","default","all","all",2026,8,32,2026-08-05,52,FALSE
"infectious_disease","respiratory","COVID-19","Nation","England","E92000001","COVID-19_cases_casesByDay","cases","default","all","all",2026,8,32,2026-08-06,35,FALSE
"infectious_disease","respiratory","COVID-19","Nation","England","E92000001","COVID-19_cases_casesByDay","cases","default","all","all",2026,8,32,2026-08-07,36,FALSE
"infectious_disease","respiratory","COVID-19","Nation","England","E92000001","COVID-19_cases_casesByDay","cases","default","all","all",2026,8,32,2026-08-08,28,FALSE
"infectious_disease","respiratory","COVID-19","Nation","England","E92000001","COVID-19_cases_casesByDay","cases","default","all","all",2026,8,32,2026-08-09,31,FALSE
"infectious_disease","respiratory","COVID-19","Nation","England","E92000001","COVID-19_cases_casesByDay","cases","default","all","all",2026,8,33,2026-08-10,41,FALSE
"infectious_disease","respiratory","COVID-19","Nation","England","E92000001","COVID-19_cases_casesByDay","cases","default","all","all",2026,8,33,2026-08-11,45,FALSE
"infectious_disease","respiratory","COVID-19","Nation","England","E92000001","COVID-19_cases_casesByDay","cases","default","all","all",2026,8,33,2026-08-12,49,FALSE
"infectious_disease","respiratory","COVID-19","Nation","England","E92000001","COVID-19_cases_casesByDay","cases","default","all","all",2026,8,33,2026-08-13,49,FALSE
"infectious_disease","respiratory","COVID-19","Nation","England","E92000001","COVID-19_cases_casesByDay","cases","default","all","all",2026,8,33,2026-08-14,50,FALSE
"infectious_disease","respiratory","COVID-19","Nation","England","E92000001","COVID-19_cases_casesByDay","cases","default","all","all",2026,8,33,2026-08-15,32,FALSE
"infectious_disease","respiratory","COVID-19","Nation","England","E92000001","COVID-19_cases_casesByDay","cases","default","all","all",2026,8,33,2026-08-16,30,FALSE
"infectious_disease","respiratory","COVID-19","Nation","England","E92000001","COVID-19_cases_casesByDay","cases","default","all","all",2026,8,34,2026-08-17,47,FALSE
"infectious_disease","respiratory","COVID-19","Nation","England","E92000001","COVID-19_cases_casesByDay","cases","default","all","all",2026,8,34,2026-08-18,35,FALSE
"infectious_disease","respiratory","COVID-19","Nation","England","E92000001","COVID-19_cases_casesByDay","cases","default","all","all",2026,8,34,2026-08-19,49,FALSE
"infectious_disease","respiratory","COVID-19","Nation","England","E92000001","COVID-19_cases_casesByDay","cases","default","all","all",2026,8,34,2026-08-20,39,FALSE
"infectious_disease","respiratory","COVID-19","Nation","England","E92000001","COVID-19_cases_casesByDay","cases","default","all","all",2026,8,34,2026-08-21,51,FALSE
"infectious_disease","respiratory","COVID-19","Nation","England","E92000001","COVID-19_cases_casesByDay","cases","default","all","all",2026,8,34,2026-08-22,44,FALSE
"infectious_disease","respiratory","COVID-19","Nation","England","E92000001","COVID-19_cases_casesByDay","cases","default","all","all",2026,8,34,2026-08-23,45,FALSE
"infectious_disease","respiratory","COVID-19","Nation","England","E92000001","COVID-19_cases_casesByDay","cases","default","all","all",2026,8,35,2026-08-24,51,FALSE
"infectious_disease","respiratory","COVID-19","Nation","England","E92000001","COVID-19_cases_casesByDay","cases","default","all","all",2026,8,35,2026-08-25,56,FALSE
"infectious_disease","respiratory","COVID-19","Nation","England","E92000001","COVID-19_cases_casesByDay","cases","default","all","all",2026,8,35,2026-08-26,70,FALSE
"infectious_disease","respiratory","COVID-19","Nation","England","E92000001","COVID-19_cases_casesByDay","cases","default","all","all",2026,8,35,2026-08-27,77,FALSE
"infectious_disease","respiratory","COVID-19","Nation","England","E92000001","COVID-19_cases_casesByDay","cases","default","all","all",2026,8,35,2026-08-28,59,FALSE
"infectious_disease","respiratory","COVID-19","Nation","England","E92000001","COVID-19_cases_casesByDay","cases","default","all","all",2026,8,35,2026-08-29,44,FALSE
"infectious_disease","respiratory","COVID-19","Nation","England","E92000001","COVID-19_cases_casesByDay","cases","default","all","all",2026,8,35,2026-08-30,67,FALSE
"infectious_disease","respiratory","COVID-19","Nation","England","E92000001","COVID-19_cases_casesByDay","cases","default","all","all",2026,8,36,2026-08-31,55,FALSE
"infectious_disease","respiratory","COVID-19","Nation","England","E92000001","COVID-19_cases_casesByDay","cases","default","all","all",2026,9,36,2026-09-01,93,FALSE
"infectious_disease","respiratory","COVID-19","Nation","England","E92000001","COVID-19_cases_casesByDay","cases","default","all","all",2026,9,36,2026-09-02,100,FALSE
"infectious_disease","respiratory","COVID-19","Nation","England","E92000001","COVID-19_cases_casesByDay","cases","default","all","all",2026,9,36,2026-09-03,77,FALSE
"infectious_disease","respiratory","COVID-19","Nation","England","E92000001","COVID-19_cases_casesByDay","cases","default","all","all",2026,9,36,2026-09-04,90,FALSE
"infectious_disease","respiratory","COVID-19","Nation","England","E92000001","COVID-19_cases_casesByDay","cases","default","all","all",2026,9,36,2026-09-05,71,FALSE
"infectious_disease","respiratory","COVID-19","Nation","England","E92000001","COVID-19_cases_casesByDay","cases","default","all","all",2026,9,36,2026-09-06,75,FALSE
"infectious_disease","respiratory","COVID-19","Nation","England","E92000001","COVID-19_cases_casesByDay","cases","default","all","all",2026,9,37,2026-09-07,112,FALSE
"infectious_disease","respiratory","COVID-19","Nation","England","E92000001","COVID-19_cases_casesByDay","cases","default","all","all",2026,9,37,2026-09-08,116,FALSE
"infectious_disease","respiratory","COVID-19","Nation","England","E92000001","COVID-19_cases_casesByDay","cases","default","all","all",2026,9,37,2026-09-09,111,FALSE
"infectious_disease","respiratory","COVID-19","Nation","England","E92000001","COVID-19_cases_casesByDay","cases","default","all","all",2026,9,37,2026-09-10,106,FALSE
"infectious_disease","respiratory","COVID-19","Nation","England","E92000001","COVID-19_cases_casesByDay","cases","default","all","all",2026,9,37,2026-09-11,144,FALSE
"infectious_disease","respiratory","COVID-19","Nation","England","E92000001","COVID-19_cases_casesByDay","cases","default","all","all",2026,9,37,2026-09-12,124,FALSE
"infectious_disease","respiratory","COVID-19","Nation","England","E92000001","COVID-19_cases_casesByDay","cases","default","all","all",2026,9,37,2026-09-13,143,FALSE
"infectious_disease","respiratory","COVID-19","Nation","England","E92000001","COVID-19_cases_casesByDay","cases","default","all","all",2026,9,38,2026-09-14,186,FALSE
"infectious_disease","respiratory","COVID-19","Nation","England","E92000001","COVID-19_cases_casesByDay","cases","default","all","all",2026,9,38,2026-09-15,195,FALSE
"infectious_disease","respiratory","COVID-19","Nation","England","E92000001","COVID-19_cases_casesByDay","cases","default","all","all",2026,9,38,2026-09-16,158,FALSE
"infectious_disease","respiratory","COVID-19","Nation","England","E92000001","COVID-19_cases_casesByDay","cases","default","all","all",2026,9,38,2026-09-17,169,FALSE
"infectious_disease","respiratory","COVID-19","Nation","England","E92000001","COVID-19_cases_casesByDay","cases","default","all","all",2026,9,38,2026-09-18,176,FALSE
"infectious_disease","respiratory","COVID-19","Nation","England","E92000001","COVID-19_cases_casesByDay","cases","default","all","all",2026,9,38,2026-09-19,144,FALSE
"infectious_disease","respiratory","COVID-19","Nation","England","E92000001","COVID-19_cases_casesByDay","cases","default","all","all",2026,9,38,2026-09-20,166,FALSE
"infectious_disease","respiratory","COVID-19","Nation","England","E92000001","COVID-19_cases_casesByDay","cases","default","all","all",2026,9,39,2026-09-21,165,FALSE
"infectious_disease","respiratory","COVID-19","Nation","England","E92000001","COVID-19_cases_casesByDay","cases","default","all","all",2026,9,39,2026-09-22,100,FALSE
"infectious_disease","respiratory","COVID-19","Nation","England","E92000001","COVID-19_cases_casesByDay","cases","default","all","all",2026,9,39,2026-09-23,29,FALSE
