theme,sub_theme,topic,geography_type,geography,geography_code,metric,metric_group,stratum,sex,age,year,month,epiweek,date,metric_value,in_reporting_delay_period
infectious_disease,respiratory,acute-respiratory-infection,Nation,England,E92000001,acute-respiratory-infection_syndromic_NHS111triagedcalls_countsByDay,syndromic,default,all,all,2024,2,8,2024-02-20,6616,FALSE
infectious_disease,respiratory,acute-respiratory-infection,Nation,England,E92000001,acute-respiratory-infection_syndromic_NHS111triagedcalls_countsByDay,syndromic,default,all,all,2024,2,8,2024-02-21,6234,FALSE
infectious_disease,respiratory,acute-respiratory-infection,Nation,England,E92000001,acute-respiratory-infection_syndromic_NHS111triagedcalls_countsByDay,syndromic,default,all,all,2024,2,8,2024-02-22,7447,FALSE
infectious_disease,respiratory,acute-respiratory-infection,Nation,England,E92000001,acute-respiratory-infection_syndromic_NHS111triagedcalls_countsByDay,syndromic,default,all,all,2024,2,8,2024-02-23,6036,FALSE
infectious_disease,respiratory,acute-respiratory-infection,Nation,England,E92000001,acute-respiratory-infection_syndromic_NHS111triagedcalls_countsByDay,syndromic,default,all,all,2024,2,8,2024-02-24,10967,FALSE
infectious_disease,respiratory,acute-respiratory-infection,Nation,England,E92000001,acute-respiratory-infection_syndromic_NHS111triagedcalls_countsByDay,syndromic,default,all,all,2024,2,8,2024-02-25,10488,FALSE
infectious_disease,respiratory,acute-respiratory-infection,Nation,England,E92000001,acute-respiratory-infection_syndromic_NHS111triagedcalls_countsByDay,syndromic,default,all,all,2024,2,9,2024-02-26,8892,FALSE
infectious_disease,respiratory,acute-respiratory-infection,Nation,England,E92000001,acute-respiratory-infection_syndromic_NHS111triagedcalls_countsByDay,syndromic,default,all,all,2024,2,9,2024-02-27,6527,FALSE
infectious_disease,respiratory,acute-respiratory-infection,Nation,England,E92000001,acute-respiratory-infection_syndromic_NHS111triagedcalls_countsByDay,syndromic,default,all,all,2024,2,9,2024-02-28,6149,FALSE
infectious_disease,respiratory,acute-respiratory-infection,Nation,England,E92000001,acute-respiratory-infection_syndromic_NHS111triagedcalls_countsByDay,syndromic,default,all,all,2024,2,9,2024-02-29,9394,FALSE
infectious_disease,respiratory,acute-respiratory-infection,Nation,England,E92000001,acute-respiratory-infection_syndromic_NHS111triagedcalls_countsByDay,syndromic,default,all,all,2024,3,9,2024-03-01,6042,FALSE
infectious_disease,respiratory,acute-respiratory-infection,Nation,England,E92000001,acute-respiratory-infection_syndromic_NHS111triagedcalls_countsByDay,syndromic,default,all,all,2024,3,9,2024-03-02,11835,FALSE
infectious_disease,respiratory,acute-respiratory-infection,Nation,England,E92000001,acute-respiratory-infection_syndromic_NHS111triagedcalls_countsByDay,syndromic,default,all,all,2024,3,9,2024-03-03,11264,FALSE
infectious_disease,respiratory,acute-respiratory-infection,Nation,England,E92000001,acute-respiratory-infection_syndromic_NHS111triagedcalls_countsByDay,syndromic,default,all,all,2024,3,10,2024-03-04,7299,FALSE
infectious_disease,respiratory,acute-respiratory-infection,Nation,England,E92000001,acute-respiratory-infection_syndromic_NHS111triagedcalls_countsByDay,syndromic,default,all,all,2024,3,10,2024-03-05,6727,FALSE
infectious_disease,respiratory,acute-respiratory-infection,Nation,England,E92000001,acute-respiratory-infection_syndromic_NHS111triagedcalls_countsByDay,syndromic,default,all,all,2024,3,10,2024-03-06,6425,FALSE
infectious_disease,respiratory,acute-respiratory-infection,Nation,England,E92000001,acute-respiratory-infection_syndromic_NHS111triagedcalls_countsByDay,syndromic,default,all,all,2024,3,10,2024-03-07,6085,FALSE
infectious_disease,respiratory,acute-respiratory-infection,Nation,England,E92000001,acute-respiratory-infection_syndromic_NHS111triagedcalls_countsByDay,syndromic,default,all,all,2024,3,10,2024-03-08,6228,FALSE
infectious_disease,respiratory,acute-respiratory-infection,Nation,England,E92000001,acute-respiratory-infection_syndromic_NHS111triagedcalls_countsByDay,syndromic,default,all,all,2024,3,10,2024-03-09,14570,FALSE
infectious_disease,respiratory,acute-respiratory-infection,Nation,England,E92000001,acute-respiratory-infection_syndromic_NHS111triagedcalls_countsByDay,syndromic,default,all,all,2024,3,10,2024-03-10,12051,FALSE
infectious_disease,respiratory,acute-respiratory-infection,Nation,England,E92000001,acute-respiratory-infection_syndromic_NHS111triagedcalls_countsByDay,syndromic,default,all,all,2024,3,11,2024-03-11,7902,FALSE
infectious_disease,respiratory,acute-respiratory-infection,Nation,England,E92000001,acute-respiratory-infection_syndromic_NHS111triagedcalls_countsByDay,syndromic,default,all,all,2024,3,11,2024-03-12,6033,FALSE
infectious_disease,respiratory,acute-respiratory-infection,Nation,England,E92000001,acute-respiratory-infection_syndromic_NHS111triagedcalls_countsByDay,syndromic,default,all,all,2024,3,11,2024-03-13,9537,FALSE
infectious_disease,respiratory,acute-respiratory-infection,Nation,England,E92000001,acute-respiratory-infection_syndromic_NHS111triagedcalls_countsByDay,syndromic,default,all,all,2024,3,11,2024-03-14,7564,FALSE
infectious_disease,respiratory,acute-respiratory-infection,Nation,England,E92000001,acute-respiratory-infection_syndromic_NHS111triagedcalls_countsByDay,syndromic,default,all,all,2024,3,11,2024-03-15,6724,FALSE
infectious_disease,respiratory,acute-respiratory-infection,Nation,England,E92000001,acute-respiratory-infection_syndromic_NHS111triagedcalls_countsByDay,syndromic,default,all,all,2024,3,11,2024-03-16,12941,FALSE
infectious_disease,respiratory,acute-respiratory-infection,Nation,England,E92000001,acute-respiratory-infection_syndromic_NHS111triagedcalls_countsByDay,syndromic,default,all,all,2024,3,11,2024-03-17,12591,FALSE
infectious_disease,respiratory,acute-respiratory-infection,Nation,England,E92000001,acute-respiratory-infection_syndromic_NHS111triagedcalls_countsByDay,syndromic,default,all,all,2024,3,12,2024-03-18,8879,FALSE
infectious_disease,respiratory,acute-respiratory-infection,Nation,England,E92000001,acute-respiratory-infection_syndromic_NHS111triagedcalls_countsByDay,syndromic,default,all,all,2024,3,12,2024-03-19,7701,FALSE
infectious_disease,respiratory,acute-respiratory-infection,Nation,England,E92000001,acute-respiratory-infection_syndromic_NHS111triagedcalls_countsByDay,syndromic,default,all,all,2024,3,12,2024-03-20,7301,FALSE
infectious_disease,respiratory,acute-respiratory-infection,Nation,England,E92000001,acute-respiratory-infection_syndromic_NHS111triagedcalls_countsByDay,syndromic,default,all,all,2024,3,12,2024-03-21,7040,FALSE
infectious_disease,respiratory,acute-respiratory-infection,Nation,England,E92000001,acute-respiratory-infection_syndromic_NHS111triagedcalls_countsByDay,syndromic,default,all,all,2024,3,12,2024-03-22,7203,FALSE
infectious_disease,respiratory,acute-respiratory-infection,Nation,England,E92000001,acute-respiratory-infection_syndromic_NHS111triagedcalls_countsByDay,syndromic,default,all,all,2024,3,12,2024-03-23,12887,FALSE
infectious_disease,respiratory,acute-respiratory-infection,Nation,England,E92000001,acute-respiratory-infection_syndromic_NHS111triagedcalls_countsByDay,syndromic,default,all,all,2024,3,12,2024-03-24,12010,FALSE
infectious_disease,respiratory,acute-respiratory-infection,Nation,England,E92000001,acute-respiratory-infection_syndromic_NHS111triagedcalls_countsByDay,syndromic,default,all,all,2024,3,13,2024-03-25,8774,FALSE
infectious_disease,respiratory,acute-respiratory-infection,Nation,England,E92000001,acute-respiratory-infection_syndromic_NHS111triagedcalls_countsByDay,syndromic,default,all,all,2024,3,13,2024-03-26,7306,FALSE
infectious_disease,respiratory,acute-respiratory-infection,Nation,England,E92000001,acute-respiratory-infection_syndromic_NHS111triagedcalls_countsByDay,syndromic,default,all,all,2024,3,13,2024-03-27,7061,FALSE
infectious_disease,respiratory,acute-respiratory-infection,Nation,England,E92000001,acute-respiratory-infection_syndromic_NHS111triagedcalls_countsByDay,syndromic,default,all,all,2024,3,13,2024-03-28,7317,FALSE
infectious_disease,respiratory,acute-respiratory-infection,Nation,England,E92000001,acute-respiratory-infection_syndromic_NHS111triagedcalls_countsByDay,syndromic,default,all,all,2024,3,13,2024-03-29,14811,FALSE
infectious_disease,respiratory,acute-respiratory-infection,Nation,England,E92000001,acute-respiratory-infection_syndromic_NHS111triagedcalls_countsByDay,syndromic,default,all,all,2024,3,13,2024-03-30,15470,FALSE
infectious_disease,respiratory,acute-respiratory-infection,Nation,England,E92000001,acute-respiratory-infection_syndromic_NHS111triagedcalls_countsByDay,syndromic,default,all,all,2024,3,13,2024-03-31,13162,FALSE
infectious_disease,respiratory,acute-respiratory-infection,Nation,England,E92000001,acute-respiratory-infection_syndromic_NHS111triagedcalls_countsByDay,syndromic,default,all,all,2024,4,14,2024-04-01,15780,FALSE
infectious_disease,respiratory,acute-respiratory-infection,Nation,England,E92000001,acute-respiratory-infection_syndromic_NHS111triagedcalls_countsByDay,syndromic,default,all,all,2024,4,14,2024-04-02,8775,FALSE
infectious_disease,respiratory,acute-respiratory-infection,Nation,England,E92000001,acute-respiratory-infection_syndromic_NHS111triagedcalls_countsByDay,syndromic,default,all,all,2024,4,14,2024-04-03,7513,FALSE
infectious_disease,respiratory,acute-respiratory-infection,Nation,England,E92000001,acute-respiratory-infection_syndromic_NHS111triagedcalls_countsByDay,syndromic,default,all,all,2024,4,14,2024-04-04,7085,FALSE
infectious_disease,respiratory,acute-respiratory-infection,Nation,England,E92000001,acute-respiratory-infection_syndromic_NHS111triagedcalls_countsByDay,syndromic,default,all,all,2024,4,14,2024-04-05,7375,FALSE
infectious_disease,respiratory,acute-respiratory-infection,Nation,England,E92000001,acute-respiratory-infection_syndromic_NHS111triagedcalls_countsByDay,syndromic,default,all,all,2024,4,14,2024-04-06,11855,FALSE
infectious_disease,respiratory,acute-respiratory-infection,Nation,England,E92000001,acute-respiratory-infection_syndromic_NHS111triagedcalls_countsByDay,syndromic,default,all,all,2024,4,14,2024-04-07,10459,FALSE
infectious_disease,respiratory,acute-respiratory-infection,Nation,England,E92000001,acute-respiratory-infection_syndromic_NHS111triagedcalls_countsByDay,syndromic,default,all,all,2024,4,15,2024-04-08,7991,FALSE
infectious_disease,respiratory,acute-respiratory-infection,Nation,England,E92000001,acute-respiratory-infection_syndromic_NHS111triagedcalls_countsByDay,syndromic,default,all,all,2024,4,15,2024-04-09,6495,FALSE
infectious_disease,respiratory,acute-respiratory-infection,Nation,England,E92000001,acute-respiratory-infection_syndromic_NHS111triagedcalls_countsByDay,syndromic,default,all,all,2024,4,15,2024-04-10,5813,FALSE
infectious_disease,respiratory,acute-respiratory-infection,Nation,England,E92000001,acute-respiratory-infection_syndromic_NHS111triagedcalls_countsByDay,syndromic,default,all,all,2024,4,15,2024-04-11,5734,FALSE
infectious_disease,respiratory,acute-respiratory-infection,Nation,England,E92000001,acute-respiratory-infection_syndromic_NHS111triagedcalls_countsByDay,syndromic,default,all,all,2024,4,15,2024-04-12,5719,FALSE
infectious_disease,respiratory,acute-respiratory-infection,Nation,England,E92000001,acute-respiratory-infection_syndromic_NHS111triagedcalls_countsByDay,syndromic,default,all,all,2024,4,15,2024-04-13,10003,FALSE
infectious_disease,respiratory,acute-respiratory-infection,Nation,England,E92000001,acute-respiratory-infection_syndromic_NHS111triagedcalls_countsByDay,syndromic,default,all,all,2024,4,15,2024-04-14,9232,FALSE
infectious_disease,respiratory,acute-respiratory-infection,Nation,England,E92000001,acute-respiratory-infection_syndromic_NHS111triagedcalls_countsByDay,syndromic,default,all,all,2024,4,16,2024-04-15,6704,FALSE
infectious_disease,respiratory,acute-respiratory-infection,Nation,England,E92000001,acute-respiratory-infection_syndromic_NHS111triagedcalls_countsByDay,syndromic,default,all,all,2024,4,16,2024-04-16,5649,FALSE
infectious_disease,respiratory,acute-respiratory-infection,Nation,England,E92000001,acute-respiratory-infection_syndromic_NHS111triagedcalls_countsByDay,syndromic,default,all,all,2024,4,16,2024-04-17,5371,FALSE
infectious_disease,respiratory,acute-respiratory-infection,Nation,England,E92000001,acute-respiratory-infection_syndromic_NHS111triagedcalls_countsByDay,syndromic,default,all,all,2024,4,16,2024-04-18,5094,FALSE
infectious_disease,respiratory,acute-respiratory-infection,Nation,England,E92000001,acute-respiratory-infection_syndromic_NHS111triagedcalls_countsByDay,syndromic,default,all,all,2024,4,16,2024-04-19,5556,FALSE
infectious_disease,respiratory,acute-respiratory-infection,Nation,England,E92000001,acute-respiratory-infection_syndromic_NHS111triagedcalls_countsByDay,syndromic,default,all,all,2024,4,16,2024-04-20,9473,FALSE
infectious_disease,respiratory,acute-respiratory-infection,Nation,England,E92000001,acute-respiratory-infection_syndromic_NHS111triagedcalls_countsByDay,syndromic,default,all,all,2024,4,16,2024-04-21,8504,FALSE
infectious_disease,respiratory,acute-respiratory-infection,Nation,England,E92000001,acute-respiratory-infection_syndromic_NHS111triagedcalls_countsByDay,syndromic,default,all,all,2024,4,17,2024-04-22,6608,FALSE
infectious_disease,respiratory,acute-respiratory-infection,Nation,England,E92000001,acute-respiratory-infection_syndromic_NHS111triagedcalls_countsByDay,syndromic,default,all,all,2024,4,17,2024-04-23,5391,FALSE
infectious_disease,respiratory,acute-respiratory-infection,Nation,England,E92000001,acute-respiratory-infection_syndromic_NHS111triagedcalls_countsByDay,syndromic,default,all,all,2024,4,17,2024-04-24,5327,FALSE
infectious_disease,respiratory,acute-respiratory-infection,Nation,England,E92000001,acute-respiratory-infection_syndromic_NHS111triagedcalls_countsByDay,syndromic,default,all,all,2024,4,17,2024-04-25,5227,FALSE
infectious_disease,respiratory,acute-respiratory-infection,Nation,England,E92000001,acute-respiratory-infection_syndromic_NHS111triagedcalls_countsByDay,syndromic,default,all,all,2024,4,17,2024-04-26,5559,FALSE
infectious_disease,respiratory,acute-respiratory-infection,Nation,England,E92000001,acute-respiratory-infection_syndromic_NHS111triagedcalls_countsByDay,syndromic,default,all,all,2024,4,17,2024-04-27,10096,FALSE
infectious_disease,respiratory,acute-respiratory-infection,Nation,England,E92000001,acute-respiratory-infection_syndromic_NHS111triagedcalls_countsByDay,syndromic,default,all,all,2024,4,17,2024-04-28,9133,FALSE
infectious_disease,respiratory,acute-respiratory-infection,Nation,England,E92000001,acute-respiratory-infection_syndromic_NHS111triagedcalls_countsByDay,syndromic,default,all,all,2024,4,18,2024-04-29,6966,FALSE
infectious_disease,respiratory,acute-respiratory-infection,Nation,England,E92000001,acute-respiratory-infection_syndromic_NHS111triagedcalls_countsByDay,syndromic,default,all,all,2024,4,18,2024-04-30,5872,FALSE
infectious_disease,respiratory,acute-respiratory-infection,Nation,England,E92000001,acute-respiratory-infection_syndromic_NHS111triagedcalls_countsByDay,syndromic,default,all,all,2024,5,18,2024-05-01,5742,FALSE
infectious_disease,respiratory,acute-respiratory-infection,Nation,England,E92000001,acute-respiratory-infection_syndromic_NHS111triagedcalls_countsByDay,syndromic,default,all,all,2024,5,18,2024-05-02,5655,FALSE
infectious_disease,respiratory,acute-respiratory-infection,Nation,England,E92000001,acute-respiratory-infection_syndromic_NHS111triagedcalls_countsByDay,syndromic,default,all,all,2024,5,18,2024-05-03,6031,FALSE
infectious_disease,respiratory,acute-respiratory-infection,Nation,England,E92000001,acute-respiratory-infection_syndromic_NHS111triagedcalls_countsByDay,syndromic,default,all,all,2024,5,18,2024-05-04,10594,FALSE
infectious_disease,respiratory,acute-respiratory-infection,Nation,England,E92000001,acute-respiratory-infection_syndromic_NHS111triagedcalls_countsByDay,syndromic,default,all,all,2024,5,18,2024-05-05,11104,FALSE
infectious_disease,respiratory,acute-respiratory-infection,Nation,England,E92000001,acute-respiratory-infection_syndromic_NHS111triagedcalls_countsByDay,syndromic,default,all,all,2024,5,19,2024-05-06,12404,FALSE
infectious_disease,respiratory,acute-respiratory-infection,Nation,England,E92000001,acute-respiratory-infection_syndromic_NHS111triagedcalls_countsByDay,syndromic,default,all,all,2024,5,19,2024-05-07,7201,FALSE
infectious_disease,respiratory,acute-respiratory-infection,Nation,England,E92000001,acute-respiratory-infection_syndromic_NHS111triagedcalls_countsByDay,syndromic,default,all,all,2024,5,19,2024-05-08,6229,FALSE
infectious_disease,respiratory,acute-respiratory-infection,Nation,England,E92000001,acute-respiratory-infection_syndromic_NHS111triagedcalls_countsByDay,syndromic,default,all,all,2024,5,19,2024-05-09,5720,FALSE
infectious_disease,respiratory,acute-respiratory-infection,Nation,England,E92000001,acute-respiratory-infection_syndromic_NHS111triagedcalls_countsByDay,syndromic,default,all,all,2024,5,19,2024-05-10,5862,FALSE
infectious_disease,respiratory,acute-respiratory-infection,Nation,England,E92000001,acute-respiratory-infection_syndromic_NHS111triagedcalls_countsByDay,syndromic,default,all,all,2024,5,19,2024-05-11,9581,FALSE
infectious_disease,respiratory,acute-respiratory-infection,Nation,England,E92000001,acute-respiratory-infection_syndromic_NHS111triagedcalls_countsByDay,syndromic,default,all,all,2024,5,19,2024-05-12,9049,FALSE
infectious_disease,respiratory,acute-respiratory-infection,Nation,England,E92000001,acute-respiratory-infection_syndromic_NHS111triagedcalls_countsByDay,syndromic,default,all,all,2024,5,20,2024-05-13,6724,FALSE
infectious_disease,respiratory,acute-respiratory-infection,Nation,England,E92000001,acute-respiratory-infection_syndromic_NHS111triagedcalls_countsByDay,syndromic,default,all,all,2024,5,20,2024-05-14,6072,FALSE
infectious_disease,respiratory,acute-respiratory-infection,Nation,England,E92000001,acute-respiratory-infection_syndromic_NHS111triagedcalls_countsByDay,syndromic,default,all,all,2024,5,20,2024-05-15,5510,FALSE
infectious_disease,respiratory,acute-respiratory-infection,Nation,England,E92000001,acute-respiratory-infection_syndromic_NHS111triagedcalls_countsByDay,syndromic,default,all,all,2024,5,20,2024-05-16,5410,FALSE
infectious_disease,respiratory,acute-respiratory-infection,Nation,England,E92000001,acute-respiratory-infection_syndromic_NHS111triagedcalls_countsByDay,syndromic,default,all,all,2024,5,20,2024-05-17,5405,FALSE
infectious_disease,respiratory,acute-respiratory-infection,Nation,England,E92000001,acute-respiratory-infection_syndromic_NHS111triagedcalls_countsByDay,syndromic,default,all,all,2024,5,20,2024-05-18,9639,FALSE
infectious_disease,respiratory,acute-respiratory-infection,Nation,England,E92000001,acute-respiratory-infection_syndromic_NHS111triagedcalls_countsByDay,syndromic,default,all,all,2024,5,20,2024-05-19,8075,FALSE
infectious_disease,respiratory,acute-respiratory-infection,Nation,England,E92000001,acute-respiratory-infection_syndromic_NHS111triagedcalls_countsByDay,syndromic,default,all,all,2024,5,21,2024-05-20,6051,FALSE
infectious_disease,respiratory,acute-respiratory-infection,Nation,England,E92000001,acute-respiratory-infection_syndromic_NHS111triagedcalls_countsByDay,syndromic,default,all,all,2024,5,21,2024-05-21,5342,FALSE
infectious_disease,respiratory,acute-respiratory-infection,Nation,England,E92000001,acute-respiratory-infection_syndromic_NHS111triagedcalls_countsByDay,syndromic,default,all,all,2024,5,21,2024-05-22,5052,FALSE
infectious_disease,respiratory,acute-respiratory-infection,Nation,England,E92000001,acute-respiratory-infection_syndromic_NHS111triagedcalls_countsByDay,syndromic,default,all,all,2024,5,21,2024-05-23,4788,FALSE
infectious_disease,respiratory,acute-respiratory-infection,Nation,England,E92000001,acute-respiratory-infection_syndromic_NHS111triagedcalls_countsByDay,syndromic,default,all,all,2024,5,21,2024-05-24,5230,FALSE
infectious_disease,respiratory,acute-respiratory-infection,Nation,England,E92000001,acute-respiratory-infection_syndromic_NHS111triagedcalls_countsByDay,syndromic,default,all,all,2024,5,21,2024-05-25,9205,FALSE
infectious_disease,respiratory,acute-respiratory-infection,Nation,England,E92000001,acute-respiratory-infection_syndromic_NHS111triagedcalls_countsByDay,syndromic,default,all,all,2024,5,21,2024-05-26,9865,FALSE
infectious_disease,respiratory,acute-respiratory-infection,Nation,England,E92000001,acute-respiratory-infection_syndromic_NHS111triagedcalls_countsByDay,syndromic,default,all,all,2024,5,22,2024-05-27,10412,FALSE
infectious_disease,respiratory,acute-respiratory-infection,Nation,England,E92000001,acute-respiratory-infection_syndromic_NHS111triagedcalls_countsByDay,syndromic,default,all,all,2024,5,22,2024-05-28,6047,FALSE
infectious_disease,respiratory,acute-respiratory-infection,Nation,England,E92000001,acute-respiratory-infection_syndromic_NHS111triagedcalls_countsByDay,syndromic,default,all,all,2024,5,22,2024-05-29,5275,FALSE
infectious_disease,respiratory,acute-respiratory-infection,Nation,England,E92000001,acute-respiratory-infection_syndromic_NHS111triagedcalls_countsByDay,syndromic,default,all,all,2024,5,22,2024-05-30,4985,FALSE
infectious_disease,respiratory,acute-respiratory-infection,Nation,England,E92000001,acute-respiratory-infection_syndromic_NHS111triagedcalls_countsByDay,syndromic,default,all,all,2024,5,22,2024-05-31,5002,FALSE
infectious_disease,respiratory,acute-respiratory-infection,Nation,England,E92000001,acute-respiratory-infection_syndromic_NHS111triagedcalls_countsByDay,syndromic,default,all,all,2024,6,22,2024-06-01,8769,FALSE
infectious_disease,respiratory,acute-respiratory-infection,Nation,England,E92000001,acute-respiratory-infection_syndromic_NHS111triagedcalls_countsByDay,syndromic,default,all,all,2024,6,22,2024-06-02,7512,FALSE
infectious_disease,respiratory,acute-respiratory-infection,Nation,England,E92000001,acute-respiratory-infection_syndromic_NHS111triagedcalls_countsByDay,syndromic,default,all,all,2024,6,23,2024-06-03,5802,FALSE
infectious_disease,respiratory,acute-respiratory-infection,Nation,England,E92000001,acute-respiratory-infection_syndromic_NHS111triagedcalls_countsByDay,syndromic,default,all,all,2024,6,23,2024-06-04,5034,FALSE
infectious_disease,respiratory,acute-respiratory-infection,Nation,England,E92000001,acute-respiratory-infection_syndromic_NHS111triagedcalls_countsByDay,syndromic,default,all,all,2024,6,23,2024-06-05,4703,FALSE
infectious_disease,respiratory,acute-respiratory-infection,Nation,England,E92000001,acute-respiratory-infection_syndromic_NHS111triagedcalls_countsByDay,syndromic,default,all,all,2024,6,23,2024-06-06,4529,FALSE
infectious_disease,respiratory,acute-respiratory-infection,Nation,England,E92000001,acute-respiratory-infection_syndromic_NHS111triagedcalls_countsByDay,syndromic,default,all,all,2024,6,23,2024-06-07,4769,FALSE
infectious_disease,respiratory,acute-respiratory-infection,Nation,England,E92000001,acute-respiratory-infection_syndromic_NHS111triagedcalls_countsByDay,syndromic,default,all,all,2024,6,23,2024-06-08,8699,FALSE
infectious_disease,respiratory,acute-respiratory-infection,Nation,England,E92000001,acute-respiratory-infection_syndromic_NHS111triagedcalls_countsByDay,syndromic,default,all,all,2024,6,23,2024-06-09,7763,FALSE
infectious_disease,respiratory,acute-respiratory-infection,Nation,England,E92000001,acute-respiratory-infection_syndromic_NHS111triagedcalls_countsByDay,syndromic,default,all,all,2024,6,24,2024-06-10,5653,FALSE
infectious_disease,respiratory,acute-respiratory-infection,Nation,England,E92000001,acute-respiratory-infection_syndromic_NHS111triagedcalls_countsByDay,syndromic,default,all,all,2024,6,24,2024-06-11,4780,FALSE
infectious_disease,respiratory,acute-respiratory-infection,Nation,England,E92000001,acute-respiratory-infection_syndromic_NHS111triagedcalls_countsByDay,syndromic,default,all,all,2024,6,24,2024-06-12,4744,FALSE
infectious_disease,respiratory,acute-respiratory-infection,Nation,England,E92000001,acute-respiratory-infection_syndromic_NHS111triagedcalls_countsByDay,syndromic,default,all,all,2024,6,24,2024-06-13,4558,FALSE
infectious_disease,respiratory,acute-respiratory-infection,Nation,England,E92000001,acute-respiratory-infection_syndromic_NHS111triagedcalls_countsByDay,syndromic,default,all,all,2024,6,24,2024-06-14,4722,FALSE
infectious_disease,respiratory,acute-respiratory-infection,Nation,England,E92000001,acute-respiratory-infection_syndromic_NHS111triagedcalls_countsByDay,syndromic,default,all,all,2024,6,24,2024-06-15,8451,FALSE
infectious_disease,respiratory,acute-respiratory-infection,Nation,England,E92000001,acute-respiratory-infection_syndromic_NHS111triagedcalls_countsByDay,syndromic,default,all,all,2024,6,24,2024-06-16,7281,FALSE
infectious_disease,respiratory,acute-respiratory-infection,Nation,England,E92000001,acute-respiratory-infection_syndromic_NHS111triagedcalls_countsByDay,syndromic,default,all,all,2024,6,25,2024-06-17,5707,FALSE
infectious_disease,respiratory,acute-respiratory-infection,Nation,England,E92000001,acute-respiratory-infection_syndromic_NHS111triagedcalls_countsByDay,syndromic,default,all,all,2024,6,25,2024-06-18,5191,FALSE
infectious_disease,respiratory,acute-respiratory-infection,Nation,England,E92000001,acute-respiratory-infection_syndromic_NHS111triagedcalls_countsByDay,syndromic,default,all,all,2024,6,25,2024-06-19,4946,FALSE
infectious_disease,respiratory,acute-respiratory-infection,Nation,England,E92000001,acute-respiratory-infection_syndromic_NHS111triagedcalls_countsByDay,syndromic,default,all,all,2024,6,25,2024-06-20,4691,FALSE
infectious_disease,respiratory,acute-respiratory-infection,Nation,England,E92000001,acute-respiratory-infection_syndromic_NHS111triagedcalls_countsByDay,syndromic,default,all,all,2024,6,25,2024-06-21,4823,FALSE
infectious_disease,respiratory,acute-respiratory-infection,Nation,England,E92000001,acute-respiratory-infection_syndromic_NHS111triagedcalls_countsByDay,syndromic,default,all,all,2024,6,25,2024-06-22,8957,FALSE
infectious_disease,respiratory,acute-respiratory-infection,Nation,England,E92000001,acute-respiratory-infection_syndromic_NHS111triagedcalls_countsByDay,syndromic,default,all,all,2024,6,25,2024-06-23,7952,FALSE
infectious_disease,respiratory,acute-respiratory-infection,Nation,England,E92000001,acute-respiratory-infection_syndromic_NHS111triagedcalls_countsByDay,syndromic,default,all,all,2024,6,26,2024-06-24,5684,FALSE
infectious_disease,respiratory,acute-respiratory-infection,Nation,England,E92000001,acute-respiratory-infection_syndromic_NHS111triagedcalls_countsByDay,syndromic,default,all,all,2024,6,26,2024-06-25,4664,FALSE
infectious_disease,respiratory,acute-respiratory-infection,Nation,England,E92000001,acute-respiratory-infection_syndromic_NHS111triagedcalls_countsByDay,syndromic,default,all,all,2024,6,26,2024-06-26,4454,FALSE
infectious_disease,respiratory,acute-respiratory-infection,Nation,England,E92000001,acute-respiratory-infection_syndromic_NHS111triagedcalls_countsByDay,syndromic,default,all,all,2024,6,26,2024-06-27,4478,FALSE
infectious_disease,respiratory,acute-respiratory-infection,Nation,England,E92000001,acute-respiratory-infection_syndromic_NHS111triagedcalls_countsByDay,syndromic,default,all,all,2024,6,26,2024-06-28,4757,FALSE
infectious_disease,respiratory,acute-respiratory-infection,Nation,England,E92000001,acute-respiratory-infection_syndromic_NHS111triagedcalls_countsByDay,syndromic,default,all,all,2024,6,26,2024-06-29,8197,FALSE
infectious_disease,respiratory,acute-respiratory-infection,Nation,England,E92000001,acute-respiratory-infection_syndromic_NHS111triagedcalls_countsByDay,syndromic,default,all,all,2024,6,26,2024-06-30,7282,FALSE
infectious_disease,respiratory,acute-respiratory-infection,Nation,England,E92000001,acute-respiratory-infection_syndromic_NHS111triagedcalls_countsByDay,syndromic,default,all,all,2024,7,27,2024-07-01,5407,FALSE
infectious_disease,respiratory,acute-respiratory-infection,Nation,England,E92000001,acute-respiratory-infection_syndromic_NHS111triagedcalls_countsByDay,syndromic,default,all,all,2024,7,27,2024-07-02,4696,FALSE
infectious_disease,respiratory,acute-respiratory-infection,Nation,England,E92000001,acute-respiratory-infection_syndromic_NHS111triagedcalls_countsByDay,syndromic,default,all,all,2024,7,27,2024-07-03,4603,FALSE
infectious_disease,respiratory,acute-respiratory-infection,Nation,England,E92000001,acute-respiratory-infection_syndromic_NHS111triagedcalls_countsByDay,syndromic,default,all,all,2024,7,27,2024-07-04,4280,FALSE
infectious_disease,respiratory,acute-respiratory-infection,Nation,England,E92000001,acute-respiratory-infection_syndromic_NHS111triagedcalls_countsByDay,syndromic,default,all,all,2024,7,27,2024-07-05,4488,FALSE
infectious_disease,respiratory,acute-respiratory-infection,Nation,England,E92000001,acute-respiratory-infection_syndromic_NHS111triagedcalls_countsByDay,syndromic,default,all,all,2024,7,27,2024-07-06,7813,FALSE
infectious_disease,respiratory,acute-respiratory-infection,Nation,England,E92000001,acute-respiratory-infection_syndromic_NHS111triagedcalls_countsByDay,syndromic,default,all,all,2024,7,27,2024-07-07,7475,FALSE
infectious_disease,respiratory,acute-respiratory-infection,Nation,England,E92000001,acute-respiratory-infection_syndromic_NHS111triagedcalls_countsByDay,syndromic,default,all,all,2024,7,28,2024-07-08,5185,FALSE
infectious_disease,respiratory,acute-respiratory-infection,Nation,England,E92000001,acute-respiratory-infection_syndromic_NHS111triagedcalls_countsByDay,syndromic,default,all,all,2024,7,28,2024-07-09,4711,FALSE
infectious_disease,respiratory,acute-respiratory-infection,Nation,England,E92000001,acute-respiratory-infection_syndromic_NHS111triagedcalls_countsByDay,syndromic,default,all,all,2024,7,28,2024-07-10,4459,FALSE
infectious_disease,respiratory,acute-respiratory-infection,Nation,England,E92000001,acute-respiratory-infection_syndromic_NHS111triagedcalls_countsByDay,syndromic,default,all,all,2024,7,28,2024-07-11,4387,FALSE
infectious_disease,respiratory,acute-respiratory-infection,Nation,England,E92000001,acute-respiratory-infection_syndromic_NHS111triagedcalls_countsByDay,syndromic,default,all,all,2024,7,28,2024-07-12,4696,FALSE
infectious_disease,respiratory,acute-respiratory-infection,Nation,England,E92000001,acute-respiratory-infection_syndromic_NHS111triagedcalls_countsByDay,syndromic,default,all,all,2024,7,28,2024-07-13,8432,FALSE
infectious_disease,respiratory,acute-respiratory-infection,Nation,England,E92000001,acute-respiratory-infection_syndromic_NHS111triagedcalls_countsByDay,syndromic,default,all,all,2024,7,28,2024-07-14,7099,FALSE
infectious_disease,respiratory,acute-respiratory-infection,Nation,England,E92000001,acute-respiratory-infection_syndromic_NHS111triagedcalls_countsByDay,syndromic,default,all,all,2024,7,29,2024-07-15,5394,FALSE
infectious_disease,respiratory,acute-respiratory-infection,Nation,England,E92000001,acute-respiratory-infection_syndromic_NHS111triagedcalls_countsByDay,syndromic,default,all,all,2024,7,29,2024-07-16,4809,FALSE
infectious_disease,respiratory,acute-respiratory-infection,Nation,England,E92000001,acute-respiratory-infection_syndromic_NHS111triagedcalls_countsByDay,syndromic,default,all,all,2024,7,29,2024-07-17,4685,FALSE
infectious_disease,respiratory,acute-respiratory-infection,Nation,England,E92000001,acute-respiratory-infection_syndromic_NHS111triagedcalls_countsByDay,syndromic,default,all,all,2024,7,29,2024-07-18,4478,FALSE
infectious_disease,respiratory,acute-respiratory-infection,Nation,England,E92000001,acute-respiratory-infection_syndromic_NHS111triagedcalls_countsByDay,syndromic,default,all,all,2024,7,29,2024-07-19,5512,FALSE
infectious_disease,respiratory,acute-respiratory-infection,Nation,England,E92000001,acute-respiratory-infection_syndromic_NHS111triagedcalls_countsByDay,syndromic,default,all,all,2024,7,29,2024-07-20,8816,FALSE
infectious_disease,respiratory,acute-respiratory-infection,Nation,England,E92000001,acute-respiratory-infection_syndromic_NHS111triagedcalls_countsByDay,syndromic,default,all,all,2024,7,29,2024-07-21,7685,FALSE
infectious_disease,respiratory,acute-respiratory-infection,Nation,England,E92000001,acute-respiratory-infection_syndromic_NHS111triagedcalls_countsByDay,syndromic,default,all,all,2024,7,30,2024-07-22,5593,FALSE
infectious_disease,respiratory,acute-respiratory-infection,Nation,England,E92000001,acute-respiratory-infection_syndromic_NHS111triagedcalls_countsByDay,syndromic,default,all,all,2024,7,30,2024-07-23,4592,FALSE
infectious_disease,respiratory,acute-respiratory-infection,Nation,England,E92000001,acute-respiratory-infection_syndromic_NHS111triagedcalls_countsByDay,syndromic,default,all,all,2024,7,30,2024-07-24,4370,FALSE
infectious_disease,respiratory,acute-respiratory-infection,Nation,England,E92000001,acute-respiratory-infection_syndromic_NHS111triagedcalls_countsByDay,syndromic,default,all,all,2024,7,30,2024-07-25,4144,FALSE
infectious_disease,respiratory,acute-respiratory-infection,Nation,England,E92000001,acute-respiratory-infection_syndromic_NHS111triagedcalls_countsByDay,syndromic,default,all,all,2024,7,30,2024-07-26,4104,FALSE
infectious_disease,respiratory,acute-respiratory-infection,Nation,England,E92000001,acute-respiratory-infection_syndromic_NHS111triagedcalls_countsByDay,syndromic,default,all,all,2024,7,30,2024-07-27,7482,FALSE
infectious_disease,respiratory,acute-respiratory-infection,Nation,England,E92000001,acute-respiratory-infection_syndromic_NHS111triagedcalls_countsByDay,syndromic,default,all,all,2024,7,30,2024-07-28,6405,FALSE
infectious_disease,respiratory,acute-respiratory-infection,Nation,England,E92000001,acute-respiratory-infection_syndromic_NHS111triagedcalls_countsByDay,syndromic,default,all,all,2024,7,31,2024-07-29,4464,FALSE
infectious_disease,respiratory,acute-respiratory-infection,Nation,England,E92000001,acute-respiratory-infection_syndromic_NHS111triagedcalls_countsByDay,syndromic,default,all,all,2024,7,31,2024-07-30,3718,FALSE
infectious_disease,respiratory,acute-respiratory-infection,Nation,England,E92000001,acute-respiratory-infection_syndromic_NHS111triagedcalls_countsByDay,syndromic,default,all,all,2024,7,31,2024-07-31,3695,FALSE
infectious_disease,respiratory,acute-respiratory-infection,Nation,England,E92000001,acute-respiratory-infection_syndromic_NHS111triagedcalls_countsByDay,syndromic,default,all,all,2024,8,31,2024-08-01,3637,FALSE
infectious_disease,respiratory,acute-respiratory-infection,Nation,England,E92000001,acute-respiratory-infection_syndromic_NHS111triagedcalls_countsByDay,syndromic,default,all,all,2024,8,31,2024-08-02,3797,FALSE
infectious_disease,respiratory,acute-respiratory-infection,Nation,England,E92000001,acute-respiratory-infection_syndromic_NHS111triagedcalls_countsByDay,syndromic,default,all,all,2024,8,31,2024-08-03,6788,FALSE
infectious_disease,respiratory,acute-respiratory-infection,Nation,England,E92000001,acute-respiratory-infection_syndromic_NHS111triagedcalls_countsByDay,syndromic,default,all,all,2024,8,31,2024-08-04,6205,FALSE
infectious_disease,respiratory,acute-respiratory-infection,Nation,England,E92000001,acute-respiratory-infection_syndromic_NHS111triagedcalls_countsByDay,syndromic,default,all,all,2024,8,32,2024-08-05,4043,FALSE
infectious_disease,respiratory,acute-respiratory-infection,Nation,England,E92000001,acute-respiratory-infection_syndromic_NHS111triagedcalls_countsByDay,syndromic,default,all,all,2024,8,32,2024-08-06,3655,FALSE
infectious_disease,respiratory,acute-respiratory-infection,Nation,England,E92000001,acute-respiratory-infection_syndromic_NHS111triagedcalls_countsByDay,syndromic,default,all,all,2024,8,32,2024-08-07,3222,FALSE
infectious_disease,respiratory,acute-respiratory-infection,Nation,England,E92000001,acute-respiratory-infection_syndromic_NHS111triagedcalls_countsByDay,syndromic,default,all,all,2024,8,32,2024-08-08,3181,FALSE
infectious_disease,respiratory,acute-respiratory-infection,Nation,England,E92000001,acute-respiratory-infection_syndromic_NHS111triagedcalls_countsByDay,syndromic,default,all,all,2024,8,32,2024-08-09,3289,FALSE
infectious_disease,respiratory,acute-respiratory-infection,Nation,England,E92000001,acute-respiratory-infection_syndromic_NHS111triagedcalls_countsByDay,syndromic,default,all,all,2024,8,32,2024-08-10,5952,FALSE
infectious_disease,respiratory,acute-respiratory-infection,Nation,England,E92000001,acute-respiratory-infection_syndromic_NHS111triagedcalls_countsByDay,syndromic,default,all,all,2024,8,32,2024-08-11,4890,FALSE
infectious_disease,respiratory,acute-respiratory-infection,Nation,England,E92000001,acute-respiratory-infection_syndromic_NHS111triagedcalls_countsByDay,syndromic,default,all,all,2024,8,33,2024-08-12,3625,FALSE
infectious_disease,respiratory,acute-respiratory-infection,Nation,England,E92000001,acute-respiratory-infection_syndromic_NHS111triagedcalls_countsByDay,syndromic,default,all,all,2024,8,33,2024-08-13,3139,FALSE
infectious_disease,respiratory,acute-respiratory-infection,Nation,England,E92000001,acute-respiratory-infection_syndromic_NHS111triagedcalls_countsByDay,syndromic,default,all,all,2024,8,33,2024-08-14,3109,FALSE
infectious_disease,respiratory,acute-respiratory-infection,Nation,England,E92000001,acute-respiratory-infection_syndromic_NHS111triagedcalls_countsByDay,syndromic,default,all,all,2024,8,33,2024-08-15,3015,FALSE
infectious_disease,respiratory,acute-respiratory-infection,Nation,England,E92000001,acute-respiratory-infection_syndromic_NHS111triagedcalls_countsByDay,syndromic,default,all,all,2024,8,33,2024-08-16,3228,FALSE
infectious_disease,respiratory,acute-respiratory-infection,Nation,England,E92000001,acute-respiratory-infection_syndromic_NHS111triagedcalls_countsByDay,syndromic,default,all,all,2024,8,33,2024-08-17,5565,FALSE
infectious_disease,respiratory,acute-respiratory-infection,Nation,England,E92000001,acute-respiratory-infection_syndromic_NHS111triagedcalls_countsByDay,syndromic,default,all,all,2024,8,33,2024-08-18,5084,FALSE
infectious_disease,respiratory,acute-respiratory-infection,Nation,England,E92000001,acute-respiratory-infection_syndromic_NHS111triagedcalls_countsByDay,syndromic,default,all,all,2024,8,34,2024-08-19,3614,FALSE
infectious_disease,respiratory,acute-respiratory-infection,Nation,England,E92000001,acute-respiratory-infection_syndromic_NHS111triagedcalls_countsByDay,syndromic,default,all,all,2024,8,34,2024-08-20,3084,FALSE
infectious_disease,respiratory,acute-respiratory-infection,Nation,England,E92000001,acute-respiratory-infection_syndromic_NHS111triagedcalls_countsByDay,syndromic,default,all,all,2024,8,34,2024-08-21,2955,FALSE
infectious_disease,respiratory,acute-respiratory-infection,Nation,England,E92000001,acute-respiratory-infection_syndromic_NHS111triagedcalls_countsByDay,syndromic,default,all,all,2024,8,34,2024-08-22,2879,FALSE
infectious_disease,respiratory,acute-respiratory-infection,Nation,England,E92000001,acute-respiratory-infection_syndromic_NHS111triagedcalls_countsByDay,syndromic,default,all,all,2024,8,34,2024-08-23,2990,FALSE
infectious_disease,respiratory,acute-respiratory-infection,Nation,England,E92000001,acute-respiratory-infection_syndromic_NHS111triagedcalls_countsByDay,syndromic,default,all,all,2024,8,34,2024-08-24,5781,FALSE
infectious_disease,respiratory,acute-respiratory-infection,Nation,England,E92000001,acute-respiratory-infection_syndromic_NHS111triagedcalls_countsByDay,syndromic,default,all,all,2024,8,34,2024-08-25,5629,FALSE
infectious_disease,respiratory,acute-respiratory-infection,Nation,England,E92000001,acute-respiratory-infection_syndromic_NHS111triagedcalls_countsByDay,syndromic,default,all,all,2024,8,35,2024-08-26,6285,FALSE
infectious_disease,respiratory,acute-respiratory-infection,Nation,England,E92000001,acute-respiratory-infection_syndromic_NHS111triagedcalls_countsByDay,syndromic,default,all,all,2024,8,35,2024-08-27,3636,FALSE
infectious_disease,respiratory,acute-respiratory-infection,Nation,England,E92000001,acute-respiratory-infection_syndromic_NHS111triagedcalls_countsByDay,syndromic,default,all,all,2024,8,35,2024-08-28,3328,FALSE
infectious_disease,respiratory,acute-respiratory-infection,Nation,England,E92000001,acute-respiratory-infection_syndromic_NHS111triagedcalls_countsByDay,syndromic,default,all,all,2024,8,35,2024-08-29,3151,FALSE
infectious_disease,respiratory,acute-respiratory-infection,Nation,England,E92000001,acute-respiratory-infection_syndromic_NHS111triagedcalls_countsByDay,syndromic,default,all,all,2024,8,35,2024-08-30,3187,FALSE
infectious_disease,respiratory,acute-respiratory-infection,Nation,England,E92000001,acute-respiratory-infection_syndromic_NHS111triagedcalls_countsByDay,syndromic,default,all,all,2024,8,35,2024-08-31,5629,FALSE
infectious_disease,respiratory,acute-respiratory-infection,Nation,England,E92000001,acute-respiratory-infection_syndromic_NHS111triagedcalls_countsByDay,syndromic,default,all,all,2024,9,35,2024-09-01,5320,FALSE
infectious_disease,respiratory,acute-respiratory-infection,Nation,England,E92000001,acute-respiratory-infection_syndromic_NHS111triagedcalls_countsByDay,syndromic,default,all,all,2024,9,36,2024-09-02,3583,FALSE
infectious_disease,respiratory,acute-respiratory-infection,Nation,England,E92000001,acute-respiratory-infection_syndromic_NHS111triagedcalls_countsByDay,syndromic,default,all,all,2024,9,36,2024-09-03,3178,FALSE
infectious_disease,respiratory,acute-respiratory-infection,Nation,England,E92000001,acute-respiratory-infection_syndromic_NHS111triagedcalls_countsByDay,syndromic,default,all,all,2024,9,36,2024-09-04,3052,FALSE
infectious_disease,respiratory,acute-respiratory-infection,Nation,England,E92000001,acute-respiratory-infection_syndromic_NHS111triagedcalls_countsByDay,syndromic,default,all,all,2024,9,36,2024-09-05,3111,FALSE
infectious_disease,respiratory,acute-respiratory-infection,Nation,England,E92000001,acute-respiratory-infection_syndromic_NHS111triagedcalls_countsByDay,syndromic,default,all,all,2024,9,36,2024-09-06,3349,FALSE
infectious_disease,respiratory,acute-respiratory-infection,Nation,England,E92000001,acute-respiratory-infection_syndromic_NHS111triagedcalls_countsByDay,syndromic,default,all,all,2024,9,36,2024-09-07,6121,FALSE
infectious_disease,respiratory,acute-respiratory-infection,Nation,England,E92000001,acute-respiratory-infection_syndromic_NHS111triagedcalls_countsByDay,syndromic,default,all,all,2024,9,36,2024-09-08,5680,FALSE
infectious_disease,respiratory,acute-respiratory-infection,Nation,England,E92000001,acute-respiratory-infection_syndromic_NHS111triagedcalls_countsByDay,syndromic,default,all,all,2024,9,37,2024-09-09,3753,FALSE
infectious_disease,respiratory,acute-respiratory-infection,Nation,England,E92000001,acute-respiratory-infection_syndromic_NHS111triagedcalls_countsByDay,syndromic,default,all,all,2024,9,37,2024-09-10,3462,FALSE
infectious_disease,respiratory,acute-respiratory-infection,Nation,England,E92000001,acute-respiratory-infection_syndromic_NHS111triagedcalls_countsByDay,syndromic,default,all,all,2024,9,37,2024-09-11,3491,FALSE
infectious_disease,respiratory,acute-respiratory-infection,Nation,England,E92000001,acute-respiratory-infection_syndromic_NHS111triagedcalls_countsByDay,syndromic,default,all,all,2024,9,37,2024-09-12,3416,FALSE
infectious_disease,respiratory,acute-respiratory-infection,Nation,England,E92000001,acute-respiratory-infection_syndromic_NHS111triagedcalls_countsByDay,syndromic,default,all,all,2024,9,37,2024-09-13,3736,FALSE
infectious_disease,respiratory,acute-respiratory-infection,Nation,England,E92000001,acute-respiratory-infection_syndromic_NHS111triagedcalls_countsByDay,syndromic,default,all,all,2024,9,37,2024-09-14,6996,FALSE
infectious_disease,respiratory,acute-respiratory-infection,Nation,England,E92000001,acute-respiratory-infection_syndromic_NHS111triagedcalls_countsByDay,syndromic,default,all,all,2024,9,37,2024-09-15,6701,FALSE
infectious_disease,respiratory,acute-respiratory-infection,Nation,England,E92000001,acute-respiratory-infection_syndromic_NHS111triagedcalls_countsByDay,syndromic,default,all,all,2024,9,38,2024-09-16,4714,FALSE
infectious_disease,respiratory,acute-respiratory-infection,Nation,England,E92000001,acute-respiratory-infection_syndromic_NHS111triagedcalls_countsByDay,syndromic,default,all,all,2024,9,38,2024-09-17,4241,FALSE
infectious_disease,respiratory,acute-respiratory-infection,Nation,England,E92000001,acute-respiratory-infection_syndromic_NHS111triagedcalls_countsByDay,syndromic,default,all,all,2024,9,38,2024-09-18,4448,FALSE
infectious_disease,respiratory,acute-respiratory-infection,Nation,England,E92000001,acute-respiratory-infection_syndromic_NHS111triagedcalls_countsByDay,syndromic,default,all,all,2024,9,38,2024-09-19,4455,FALSE
infectious_disease,respiratory,acute-respiratory-infection,Nation,England,E92000001,acute-respiratory-infection_syndromic_NHS111triagedcalls_countsByDay,syndromic,default,all,all,2024,9,38,2024-09-20,4615,FALSE
infectious_disease,respiratory,acute-respiratory-infection,Nation,England,E92000001,acute-respiratory-infection_syndromic_NHS111triagedcalls_countsByDay,syndromic,default,all,all,2024,9,38,2024-09-21,8386,FALSE
infectious_disease,respiratory,acute-respiratory-infection,Nation,England,E92000001,acute-respiratory-infection_syndromic_NHS111triagedcalls_countsByDay,syndromic,default,all,all,2024,9,38,2024-09-22,7969,FALSE
infectious_disease,respiratory,acute-respiratory-infection,Nation,England,E92000001,acute-respiratory-infection_syndromic_NHS111triagedcalls_countsByDay,syndromic,default,all,all,2024,9,39,2024-09-23,5374,FALSE
infectious_disease,respiratory,acute-respiratory-infection,Nation,England,E92000001,acute-respiratory-infection_syndromic_NHS111triagedcalls_countsByDay,syndromic,default,all,all,2024,9,39,2024-09-24,4519,FALSE
infectious_disease,respiratory,acute-respiratory-infection,Nation,England,E92000001,acute-respiratory-infection_syndromic_NHS111triagedcalls_countsByDay,syndromic,default,all,all,2024,9,39,2024-09-25,4641,FALSE
infectious_disease,respiratory,acute-respiratory-infection,Nation,England,E92000001,acute-respiratory-infection_syndromic_NHS111triagedcalls_countsByDay,syndromic,default,all,all,2024,9,39,2024-09-26,4510,FALSE
infectious_disease,respiratory,acute-respiratory-infection,Nation,England,E92000001,acute-respiratory-infection_syndromic_NHS111triagedcalls_countsByDay,syndromic,default,all,all,2024,9,39,2024-09-27,4524,FALSE
infectious_disease,respiratory,acute-respiratory-infection,Nation,England,E92000001,acute-respiratory-infection_syndromic_NHS111triagedcalls_countsByDay,syndromic,default,all,all,2024,9,39,2024-09-28,8127,FALSE
infectious_disease,respiratory,acute-respiratory-infection,Nation,England,E92000001,acute-respiratory-infection_syndromic_NHS111triagedcalls_countsByDay,syndromic,default,all,all,2024,9,39,2024-09-29,7755,FALSE
infectious_disease,respiratory,acute-respiratory-infection,Nation,England,E92000001,acute-respiratory-infection_syndromic_NHS111triagedcalls_countsByDay,syndromic,default,all,all,2024,9,40,2024-09-30,5529,FALSE
infectious_disease,respiratory,acute-respiratory-infection,Nation,England,E92000001,acute-respiratory-infection_syndromic_NHS111triagedcalls_countsByDay,syndromic,default,all,all,2024,10,40,2024-10-01,4703,FALSE
infectious_disease,respiratory,acute-respiratory-infection,Nation,England,E92000001,acute-respiratory-infection_syndromic_NHS111triagedcalls_countsByDay,syndromic,default,all,all,2024,10,40,2024-10-02,4760,FALSE
infectious_disease,respiratory,acute-respiratory-infection,Nation,England,E92000001,acute-respiratory-infection_syndromic_NHS111triagedcalls_countsByDay,syndromic,default,all,all,2024,10,40,2024-10-03,4760,FALSE
infectious_disease,respiratory,acute-respiratory-infection,Nation,England,E92000001,acute-respiratory-infection_syndromic_NHS111triagedcalls_countsByDay,syndromic,default,all,all,2024,10,40,2024-10-04,4889,FALSE
infectious_disease,respiratory,acute-respiratory-infection,Nation,England,E92000001,acute-respiratory-infection_syndromic_NHS111triagedcalls_countsByDay,syndromic,default,all,all,2024,10,40,2024-10-05,9205,FALSE
infectious_disease,respiratory,acute-respiratory-infection,Nation,England,E92000001,acute-respiratory-infection_syndromic_NHS111triagedcalls_countsByDay,syndromic,default,all,all,2024,10,40,2024-10-06,8716,FALSE
infectious_disease,respiratory,acute-respiratory-infection,Nation,England,E92000001,acute-respiratory-infection_syndromic_NHS111triagedcalls_countsByDay,syndromic,default,all,all,2024,10,41,2024-10-07,6335,FALSE
infectious_disease,respiratory,acute-respiratory-infection,Nation,England,E92000001,acute-respiratory-infection_syndromic_NHS111triagedcalls_countsByDay,syndromic,default,all,all,2024,10,41,2024-10-08,5814,FALSE
infectious_disease,respiratory,acute-respiratory-infection,Nation,England,E92000001,acute-respiratory-infection_syndromic_NHS111triagedcalls_countsByDay,syndromic,default,all,all,2024,10,41,2024-10-09,5405,FALSE
infectious_disease,respiratory,acute-respiratory-infection,Nation,England,E92000001,acute-respiratory-infection_syndromic_NHS111triagedcalls_countsByDay,syndromic,default,all,all,2024,10,41,2024-10-10,5177,FALSE
infectious_disease,respiratory,acute-respiratory-infection,Nation,England,E92000001,acute-respiratory-infection_syndromic_NHS111triagedcalls_countsByDay,syndromic,default,all,all,2024,10,41,2024-10-11,5257,FALSE
infectious_disease,respiratory,acute-respiratory-infection,Nation,England,E92000001,acute-respiratory-infection_syndromic_NHS111triagedcalls_countsByDay,syndromic,default,all,all,2024,10,41,2024-10-12,9846,FALSE
infectious_disease,respiratory,acute-respiratory-infection,Nation,England,E92000001,acute-respiratory-infection_syndromic_NHS111triagedcalls_countsByDay,syndromic,default,all,all,2024,10,41,2024-10-13,8929,FALSE
infectious_disease,respiratory,acute-respiratory-infection,Nation,England,E92000001,acute-respiratory-infection_syndromic_NHS111triagedcalls_countsByDay,syndromic,default,all,all,2024,10,42,2024-10-14,6530,FALSE
infectious_disease,respiratory,acute-respiratory-infection,Nation,England,E92000001,acute-respiratory-infection_syndromic_NHS111triagedcalls_countsByDay,syndromic,default,all,all,2024,10,42,2024-10-15,5859,FALSE
infectious_disease,respiratory,acute-respiratory-infection,Nation,England,E92000001,acute-respiratory-infection_syndromic_NHS111triagedcalls_countsByDay,syndromic,default,all,all,2024,10,42,2024-10-16,6037,FALSE
infectious_disease,respiratory,acute-respiratory-infection,Nation,England,E92000001,acute-respiratory-infection_syndromic_NHS111triagedcalls_countsByDay,syndromic,default,all,all,2024,10,42,2024-10-17,5729,FALSE
infectious_disease,respiratory,acute-respiratory-infection,Nation,England,E92000001,acute-respiratory-infection_syndromic_NHS111triagedcalls_countsByDay,syndromic,default,all,all,2024,10,42,2024-10-18,5704,FALSE
infectious_disease,respiratory,acute-respiratory-infection,Nation,England,E92000001,acute-respiratory-infection_syndromic_NHS111triagedcalls_countsByDay,syndromic,default,all,all,2024,10,42,2024-10-19,10535,FALSE
infectious_disease,respiratory,acute-respiratory-infection,Nation,England,E92000001,acute-respiratory-infection_syndromic_NHS111triagedcalls_countsByDay,syndromic,default,all,all,2024,10,42,2024-10-20,9424,FALSE
infectious_disease,respiratory,acute-respiratory-infection,Nation,England,E92000001,acute-respiratory-infection_syndromic_NHS111triagedcalls_countsByDay,syndromic,default,all,all,2024,10,43,2024-10-21,7034,FALSE
infectious_disease,respiratory,acute-respiratory-infection,Nation,England,E92000001,acute-respiratory-infection_syndromic_NHS111triagedcalls_countsByDay,syndromic,default,all,all,2024,10,43,2024-10-22,6052,FALSE
infectious_disease,respiratory,acute-respiratory-infection,Nation,England,E92000001,acute-respiratory-infection_syndromic_NHS111triagedcalls_countsByDay,syndromic,default,all,all,2024,10,43,2024-10-23,5955,FALSE
infectious_disease,respiratory,acute-respiratory-infection,Nation,England,E92000001,acute-respiratory-infection_syndromic_NHS111triagedcalls_countsByDay,syndromic,default,all,all,2024,10,43,2024-10-24,5460,FALSE
infectious_disease,respiratory,acute-respiratory-infection,Nation,England,E92000001,acute-respiratory-infection_syndromic_NHS111triagedcalls_countsByDay,syndromic,default,all,all,2024,10,43,2024-10-25,5834,FALSE
infectious_disease,respiratory,acute-respiratory-infection,Nation,England,E92000001,acute-respiratory-infection_syndromic_NHS111triagedcalls_countsByDay,syndromic,default,all,all,2024,10,43,2024-10-26,10071,FALSE
infectious_disease,respiratory,acute-respiratory-infection,Nation,England,E92000001,acute-respiratory-infection_syndromic_NHS111triagedcalls_countsByDay,syndromic,default,all,all,2024,10,43,2024-10-27,9326,FALSE
infectious_disease,respiratory,acute-respiratory-infection,Nation,England,E92000001,acute-respiratory-infection_syndromic_NHS111triagedcalls_countsByDay,syndromic,default,all,all,2024,10,44,2024-10-28,6943,FALSE
infectious_disease,respiratory,acute-respiratory-infection,Nation,England,E92000001,acute-respiratory-infection_syndromic_NHS111triagedcalls_countsByDay,syndromic,default,all,all,2024,10,44,2024-10-29,6126,FALSE
infectious_disease,respiratory,acute-respiratory-infection,Nation,England,E92000001,acute-respiratory-infection_syndromic_NHS111triagedcalls_countsByDay,syndromic,default,all,all,2024,10,44,2024-10-30,5892,FALSE
infectious_disease,respiratory,acute-respiratory-infection,Nation,England,E92000001,acute-respiratory-infection_syndromic_NHS111triagedcalls_countsByDay,syndromic,default,all,all,2024,10,44,2024-10-31,5252,FALSE
infectious_disease,respiratory,acute-respiratory-infection,Nation,England,E92000001,acute-respiratory-infection_syndromic_NHS111triagedcalls_countsByDay,syndromic,default,all,all,2024,11,44,2024-11-01,6047,FALSE
infectious_disease,respiratory,acute-respiratory-infection,Nation,England,E92000001,acute-respiratory-infection_syndromic_NHS111triagedcalls_countsByDay,syndromic,default,all,all,2024,11,44,2024-11-02,10457,FALSE
infectious_disease,respiratory,acute-respiratory-infection,Nation,England,E92000001,acute-respiratory-infection_syndromic_NHS111triagedcalls_countsByDay,syndromic,default,all,all,2024,11,44,2024-11-03,10085,FALSE
infectious_disease,respiratory,acute-respiratory-infection,Nation,England,E92000001,acute-respiratory-infection_syndromic_NHS111triagedcalls_countsByDay,syndromic,default,all,all,2024,11,45,2024-11-04,7422,FALSE
infectious_disease,respiratory,acute-respiratory-infection,Nation,England,E92000001,acute-respiratory-infection_syndromic_NHS111triagedcalls_countsByDay,syndromic,default,all,all,2024,11,45,2024-11-05,6140,FALSE
infectious_disease,respiratory,acute-respiratory-infection,Nation,England,E92000001,acute-respiratory-infection_syndromic_NHS111triagedcalls_countsByDay,syndromic,default,all,all,2024,11,45,2024-11-06,6240,FALSE
infectious_disease,respiratory,acute-respiratory-infection,Nation,England,E92000001,acute-respiratory-infection_syndromic_NHS111triagedcalls_countsByDay,syndromic,default,all,all,2024,11,45,2024-11-07,6072,FALSE
infectious_disease,respiratory,acute-respiratory-infection,Nation,England,E92000001,acute-respiratory-infection_syndromic_NHS111triagedcalls_countsByDay,syndromic,default,all,all,2024,11,45,2024-11-08,6298,FALSE
infectious_disease,respiratory,acute-respiratory-infection,Nation,England,E92000001,acute-respiratory-infection_syndromic_NHS111triagedcalls_countsByDay,syndromic,default,all,all,2024,11,45,2024-11-09,11055,FALSE
infectious_disease,respiratory,acute-respiratory-infection,Nation,England,E92000001,acute-respiratory-infection_syndromic_NHS111triagedcalls_countsByDay,syndromic,default,all,all,2024,11,45,2024-11-10,10502,FALSE
infectious_disease,respiratory,acute-respiratory-infection,Nation,England,E92000001,acute-respiratory-infection_syndromic_NHS111triagedcalls_countsByDay,syndromic,default,all,all,2024,11,46,2024-11-11,7623,FALSE
infectious_disease,respiratory,acute-respiratory-infection,Nation,England,E92000001,acute-respiratory-infection_syndromic_NHS111triagedcalls_countsByDay,syndromic,default,all,all,2024,11,46,2024-11-12,6809,FALSE
infectious_disease,respiratory,acute-respiratory-infection,Nation,England,E92000001,acute-respiratory-infection_syndromic_NHS111triagedcalls_countsByDay,syndromic,default,all,all,2024,11,46,2024-11-13,6607,FALSE
infectious_disease,respiratory,acute-respiratory-infection,Nation,England,E92000001,acute-respiratory-infection_syndromic_NHS111triagedcalls_countsByDay,syndromic,default,all,all,2024,11,46,2024-11-14,6571,FALSE
infectious_disease,respiratory,acute-respiratory-infection,Nation,England,E92000001,acute-respiratory-infection_syndromic_NHS111triagedcalls_countsByDay,syndromic,default,all,all,2024,11,46,2024-11-15,6872,FALSE
infectious_disease,respiratory,acute-respiratory-infection,Nation,England,E92000001,acute-respiratory-infection_syndromic_NHS111triagedcalls_countsByDay,syndromic,default,all,all,2024,11,46,2024-11-16,12210,FALSE
infectious_disease,respiratory,acute-respiratory-infection,Nation,England,E92000001,acute-respiratory-infection_syndromic_NHS111triagedcalls_countsByDay,syndromic,default,all,all,2024,11,46,2024-11-17,11590,FALSE
infectious_disease,respiratory,acute-respiratory-infection,Nation,England,E92000001,acute-respiratory-infection_syndromic_NHS111triagedcalls_countsByDay,syndromic,default,all,all,2024,11,47,2024-11-18,8698,FALSE
infectious_disease,respiratory,acute-respiratory-infection,Nation,England,E92000001,acute-respiratory-infection_syndromic_NHS111triagedcalls_countsByDay,syndromic,default,all,all,2024,11,47,2024-11-19,7172,FALSE
infectious_disease,respiratory,acute-respiratory-infection,Nation,England,E92000001,acute-respiratory-infection_syndromic_NHS111triagedcalls_countsByDay,syndromic,default,all,all,2024,11,47,2024-11-20,7184,FALSE
infectious_disease,respiratory,acute-respiratory-infection,Nation,England,E92000001,acute-respiratory-infection_syndromic_NHS111triagedcalls_countsByDay,syndromic,default,all,all,2024,11,47,2024-11-21,6996,FALSE
infectious_disease,respiratory,acute-respiratory-infection,Nation,England,E92000001,acute-respiratory-infection_syndromic_NHS111triagedcalls_countsByDay,syndromic,default,all,all,2024,11,47,2024-11-22,6961,FALSE
infectious_disease,respiratory,acute-respiratory-infection,Nation,England,E92000001,acute-respiratory-infection_syndromic_NHS111triagedcalls_countsByDay,syndromic,default,all,all,2024,11,47,2024-11-23,12867,FALSE
infectious_disease,respiratory,acute-respiratory-infection,Nation,England,E92000001,acute-respiratory-infection_syndromic_NHS111triagedcalls_countsByDay,syndromic,default,all,all,2024,11,47,2024-11-24,12782,FALSE
infectious_disease,respiratory,acute-respiratory-infection,Nation,England,E92000001,acute-respiratory-infection_syndromic_NHS111triagedcalls_countsByDay,syndromic,default,all,all,2024,11,48,2024-11-25,9602,FALSE
infectious_disease,respiratory,acute-respiratory-infection,Nation,England,E92000001,acute-respiratory-infection_syndromic_NHS111triagedcalls_countsByDay,syndromic,default,all,all,2024,11,48,2024-11-26,8234,FALSE
infectious_disease,respiratory,acute-respiratory-infection,Nation,England,E92000001,acute-respiratory-infection_syndromic_NHS111triagedcalls_countsByDay,syndromic,default,all,all,2024,11,48,2024-11-27,7740,FALSE
infectious_disease,respiratory,acute-respiratory-infection,Nation,England,E92000001,acute-respiratory-infection_syndromic_NHS111triagedcalls_countsByDay,syndromic,default,all,all,2024,11,48,2024-11-28,7239,FALSE
infectious_disease,respiratory,acute-respiratory-infection,Nation,England,E92000001,acute-respiratory-infection_syndromic_NHS111triagedcalls_countsByDay,syndromic,default,all,all,2024,11,48,2024-11-29,7669,FALSE
infectious_disease,respiratory,acute-respiratory-infection,Nation,England,E92000001,acute-respiratory-infection_syndromic_NHS111triagedcalls_countsByDay,syndromic,default,all,all,2024,11,48,2024-11-30,13965,FALSE
infectious_disease,respiratory,acute-respiratory-infection,Nation,England,E92000001,acute-respiratory-infection_syndromic_NHS111triagedcalls_countsByDay,syndromic,default,all,all,2024,12,48,2024-12-01,13222,FALSE
infectious_disease,respiratory,acute-respiratory-infection,Nation,England,E92000001,acute-respiratory-infection_syndromic_NHS111triagedcalls_countsByDay,syndromic,default,all,all,2024,12,49,2024-12-02,9512,FALSE
infectious_disease,respiratory,acute-respiratory-infection,Nation,England,E92000001,acute-respiratory-infection_syndromic_NHS111triagedcalls_countsByDay,syndromic,default,all,all,2024,12,49,2024-12-03,8410,FALSE
infectious_disease,respiratory,acute-respiratory-infection,Nation,England,E92000001,acute-respiratory-infection_syndromic_NHS111triagedcalls_countsByDay,syndromic,default,all,all,2024,12,49,2024-12-04,8263,FALSE
infectious_disease,respiratory,acute-respiratory-infection,Nation,England,E92000001,acute-respiratory-infection_syndromic_NHS111triagedcalls_countsByDay,syndromic,default,all,all,2024,12,49,2024-12-05,7857,FALSE
infectious_disease,respiratory,acute-respiratory-infection,Nation,England,E92000001,acute-respiratory-infection_syndromic_NHS111triagedcalls_countsByDay,syndromic,default,all,all,2024,12,49,2024-12-06,8325,FALSE
infectious_disease,respiratory,acute-respiratory-infection,Nation,England,E92000001,acute-respiratory-infection_syndromic_NHS111triagedcalls_countsByDay,syndromic,default,all,all,2024,12,49,2024-12-07,13943,FALSE
infectious_disease,respiratory,acute-respiratory-infection,Nation,England,E92000001,acute-respiratory-infection_syndromic_NHS111triagedcalls_countsByDay,syndromic,default,all,all,2024,12,49,2024-12-08,13587,FALSE
infectious_disease,respiratory,acute-respiratory-infection,Nation,England,E92000001,acute-respiratory-infection_syndromic_NHS111triagedcalls_countsByDay,syndromic,default,all,all,2024,12,50,2024-12-09,9232,FALSE
infectious_disease,respiratory,acute-respiratory-infection,Nation,England,E92000001,acute-respiratory-infection_syndromic_NHS111triagedcalls_countsByDay,syndromic,default,all,all,2024,12,50,2024-12-10,8343,FALSE
infectious_disease,respiratory,acute-respiratory-infection,Nation,England,E92000001,acute-respiratory-infection_syndromic_NHS111triagedcalls_countsByDay,syndromic,default,all,all,2024,12,50,2024-12-11,8616,FALSE
infectious_disease,respiratory,acute-respiratory-infection,Nation,England,E92000001,acute-respiratory-infection_syndromic_NHS111triagedcalls_countsByDay,syndromic,default,all,all,2024,12,50,2024-12-12,8402,FALSE
infectious_disease,respiratory,acute-respiratory-infection,Nation,England,E92000001,acute-respiratory-infection_syndromic_NHS111triagedcalls_countsByDay,syndromic,default,all,all,2024,12,50,2024-12-13,8872,FALSE
infectious_disease,respiratory,acute-respiratory-infection,Nation,England,E92000001,acute-respiratory-infection_syndromic_NHS111triagedcalls_countsByDay,syndromic,default,all,all,2024,12,50,2024-12-14,15733,FALSE
infectious_disease,respiratory,acute-respiratory-infection,Nation,England,E92000001,acute-respiratory-infection_syndromic_NHS111triagedcalls_countsByDay,syndromic,default,all,all,2024,12,50,2024-12-15,15467,FALSE
infectious_disease,respiratory,acute-respiratory-infection,Nation,England,E92000001,acute-respiratory-infection_syndromic_NHS111triagedcalls_countsByDay,syndromic,default,all,all,2024,12,51,2024-12-16,11782,FALSE
infectious_disease,respiratory,acute-respiratory-infection,Nation,England,E92000001,acute-respiratory-infection_syndromic_NHS111triagedcalls_countsByDay,syndromic,default,all,all,2024,12,51,2024-12-17,10097,FALSE
infectious_disease,respiratory,acute-respiratory-infection,Nation,England,E92000001,acute-respiratory-infection_syndromic_NHS111triagedcalls_countsByDay,syndromic,default,all,all,2024,12,51,2024-12-18,9633,FALSE
infectious_disease,respiratory,acute-respiratory-infection,Nation,England,E92000001,acute-respiratory-infection_syndromic_NHS111triagedcalls_countsByDay,syndromic,default,all,all,2024,12,51,2024-12-19,9166,FALSE
infectious_disease,respiratory,acute-respiratory-infection,Nation,England,E92000001,acute-respiratory-infection_syndromic_NHS111triagedcalls_countsByDay,syndromic,default,all,all,2024,12,51,2024-12-20,9856,FALSE
infectious_disease,respiratory,acute-respiratory-infection,Nation,England,E92000001,acute-respiratory-infection_syndromic_NHS111triagedcalls_countsByDay,syndromic,default,all,all,2024,12,51,2024-12-21,18840,FALSE
infectious_disease,respiratory,acute-respiratory-infection,Nation,England,E92000001,acute-respiratory-infection_syndromic_NHS111triagedcalls_countsByDay,syndromic,default,all,all,2024,12,51,2024-12-22,17666,FALSE
infectious_disease,respiratory,acute-respiratory-infection,Nation,England,E92000001,acute-respiratory-infection_syndromic_NHS111triagedcalls_countsByDay,syndromic,default,all,all,2024,12,52,2024-12-23,11310,FALSE
infectious_disease,respiratory,acute-respiratory-infection,Nation,England,E92000001,acute-respiratory-infection_syndromic_NHS111triagedcalls_countsByDay,syndromic,default,all,all,2024,12,52,2024-12-24,8129,FALSE
infectious_disease,respiratory,acute-respiratory-infection,Nation,England,E92000001,acute-respiratory-infection_syndromic_NHS111triagedcalls_countsByDay,syndromic,default,all,all,2024,12,52,2024-12-25,9188,FALSE
infectious_disease,respiratory,acute-respiratory-infection,Nation,England,E92000001,acute-respiratory-infection_syndromic_NHS111triagedcalls_countsByDay,syndromic,default,all,all,2024,12,52,2024-12-26,19379,FALSE
infectious_disease,respiratory,acute-respiratory-infection,Nation,England,E92000001,acute-respiratory-infection_syndromic_NHS111triagedcalls_countsByDay,syndromic,default,all,all,2024,12,52,2024-12-27,12060,FALSE
infectious_disease,respiratory,acute-respiratory-infection,Nation,England,E92000001,acute-respiratory-infection_syndromic_NHS111triagedcalls_countsByDay,syndromic,default,all,all,2024,12,52,2024-12-28,21252,FALSE
infectious_disease,respiratory,acute-respiratory-infection,Nation,England,E92000001,acute-respiratory-infection_syndromic_NHS111triagedcalls_countsByDay,syndromic,default,all,all,2024,12,52,2024-12-29,18363,FALSE
infectious_disease,respiratory,acute-respiratory-infection,Nation,England,E92000001,acute-respiratory-infection_syndromic_NHS111triagedcalls_countsByDay,syndromic,default,all,all,2024,12,1,2024-12-30,12133,FALSE
infectious_disease,respiratory,acute-respiratory-infection,Nation,England,E92000001,acute-respiratory-infection_syndromic_NHS111triagedcalls_countsByDay,syndromic,default,all,all,2024,12,1,2024-12-31,8469,FALSE
infectious_disease,respiratory,acute-respiratory-infection,Nation,England,E92000001,acute-respiratory-infection_syndromic_NHS111triagedcalls_countsByDay,syndromic,default,all,all,2025,1,1,2025-01-01,13151,FALSE
infectious_disease,respiratory,acute-respiratory-infection,Nation,England,E92000001,acute-respiratory-infection_syndromic_NHS111triagedcalls_countsByDay,syndromic,default,all,all,2025,1,1,2025-01-02,9400,FALSE
infectious_disease,respiratory,acute-respiratory-infection,Nation,England,E92000001,acute-respiratory-infection_syndromic_NHS111triagedcalls_countsByDay,syndromic,default,all,all,2025,1,1,2025-01-03,9456,FALSE
infectious_disease,respiratory,acute-respiratory-infection,Nation,England,E92000001,acute-respiratory-infection_syndromic_NHS111triagedcalls_countsByDay,syndromic,default,all,all,2025,1,1,2025-01-04,15814,FALSE
infectious_disease,respiratory,acute-respiratory-infection,Nation,England,E92000001,acute-respiratory-infection_syndromic_NHS111triagedcalls_countsByDay,syndromic,default,all,all,2025,1,1,2025-01-05,13157,FALSE
infectious_disease,respiratory,acute-respiratory-infection,Nation,England,E92000001,acute-respiratory-infection_syndromic_NHS111triagedcalls_countsByDay,syndromic,default,all,all,2025,1,2,2025-01-06,9821,FALSE
infectious_disease,respiratory,acute-respiratory-infection,Nation,England,E92000001,acute-respiratory-infection_syndromic_NHS111triagedcalls_countsByDay,syndromic,default,all,all,2025,1,2,2025-01-07,7666,FALSE
infectious_disease,respiratory,acute-respiratory-infection,Nation,England,E92000001,acute-respiratory-infection_syndromic_NHS111triagedcalls_countsByDay,syndromic,default,all,all,2025,1,2,2025-01-08,7068,FALSE
infectious_disease,respiratory,acute-respiratory-infection,Nation,England,E92000001,acute-respiratory-infection_syndromic_NHS111triagedcalls_countsByDay,syndromic,default,all,all,2025,1,2,2025-01-09,6216,FALSE
infectious_disease,respiratory,acute-respiratory-infection,Nation,England,E92000001,acute-respiratory-infection_syndromic_NHS111triagedcalls_countsByDay,syndromic,default,all,all,2025,1,2,2025-01-10,6431,FALSE
infectious_disease,respiratory,acute-respiratory-infection,Nation,England,E92000001,acute-respiratory-infection_syndromic_NHS111triagedcalls_countsByDay,syndromic,default,all,all,2025,1,2,2025-01-11,10766,FALSE
infectious_disease,respiratory,acute-respiratory-infection,Nation,England,E92000001,acute-respiratory-infection_syndromic_NHS111triagedcalls_countsByDay,syndromic,default,all,all,2025,1,2,2025-01-12,10000,FALSE
infectious_disease,respiratory,acute-respiratory-infection,Nation,England,E92000001,acute-respiratory-infection_syndromic_NHS111triagedcalls_countsByDay,syndromic,default,all,all,2025,1,3,2025-01-13,7111,FALSE
infectious_disease,respiratory,acute-respiratory-infection,Nation,England,E92000001,acute-respiratory-infection_syndromic_NHS111triagedcalls_countsByDay,syndromic,default,all,all,2025,1,3,2025-01-14,6048,FALSE
infectious_disease,respiratory,acute-respiratory-infection,Nation,England,E92000001,acute-respiratory-infection_syndromic_NHS111triagedcalls_countsByDay,syndromic,default,all,all,2025,1,3,2025-01-15,6056,FALSE
infectious_disease,respiratory,acute-respiratory-infection,Nation,England,E92000001,acute-respiratory-infection_syndromic_NHS111triagedcalls_countsByDay,syndromic,default,all,all,2025,1,3,2025-01-16,5645,FALSE
infectious_disease,respiratory,acute-respiratory-infection,Nation,England,E92000001,acute-respiratory-infection_syndromic_NHS111triagedcalls_countsByDay,syndromic,default,all,all,2025,1,3,2025-01-17,6157,FALSE
infectious_disease,respiratory,acute-respiratory-infection,Nation,England,E92000001,acute-respiratory-infection_syndromic_NHS111triagedcalls_countsByDay,syndromic,default,all,all,2025,1,3,2025-01-18,11188,FALSE
infectious_disease,respiratory,acute-respiratory-infection,Nation,England,E92000001,acute-respiratory-infection_syndromic_NHS111triagedcalls_countsByDay,syndromic,default,all,all,2025,1,3,2025-01-19,10025,FALSE
infectious_disease,respiratory,acute-respiratory-infection,Nation,England,E92000001,acute-respiratory-infection_syndromic_NHS111triagedcalls_countsByDay,syndromic,default,all,all,2025,1,4,2025-01-20,7386,FALSE
infectious_disease,respiratory,acute-respiratory-infection,Nation,England,E92000001,acute-respiratory-infection_syndromic_NHS111triagedcalls_countsByDay,syndromic,default,all,all,2025,1,4,2025-01-21,6365,FALSE
infectious_disease,respiratory,acute-respiratory-infection,Nation,England,E92000001,acute-respiratory-infection_syndromic_NHS111triagedcalls_countsByDay,syndromic,default,all,all,2025,1,4,2025-01-22,6179,FALSE
infectious_disease,respiratory,acute-respiratory-infection,Nation,England,E92000001,acute-respiratory-infection_syndromic_NHS111triagedcalls_countsByDay,syndromic,default,all,all,2025,1,4,2025-01-23,5709,FALSE
infectious_disease,respiratory,acute-respiratory-infection,Nation,England,E92000001,acute-respiratory-infection_syndromic_NHS111triagedcalls_countsByDay,syndromic,default,all,all,2025,1,4,2025-01-24,6157,FALSE
infectious_disease,respiratory,acute-respiratory-infection,Nation,England,E92000001,acute-respiratory-infection_syndromic_NHS111triagedcalls_countsByDay,syndromic,default,all,all,2025,1,4,2025-01-25,11351,FALSE
infectious_disease,respiratory,acute-respiratory-infection,Nation,England,E92000001,acute-respiratory-infection_syndromic_NHS111triagedcalls_countsByDay,syndromic,default,all,all,2025,1,4,2025-01-26,10726,FALSE
infectious_disease,respiratory,acute-respiratory-infection,Nation,England,E92000001,acute-respiratory-infection_syndromic_NHS111triagedcalls_countsByDay,syndromic,default,all,all,2025,1,5,2025-01-27,7918,FALSE
infectious_disease,respiratory,acute-respiratory-infection,Nation,England,E92000001,acute-respiratory-infection_syndromic_NHS111triagedcalls_countsByDay,syndromic,default,all,all,2025,1,5,2025-01-28,6816,FALSE
infectious_disease,respiratory,acute-respiratory-infection,Nation,England,E92000001,acute-respiratory-infection_syndromic_NHS111triagedcalls_countsByDay,syndromic,default,all,all,2025,1,5,2025-01-29,6420,FALSE
infectious_disease,respiratory,acute-respiratory-infection,Nation,England,E92000001,acute-respiratory-infection_syndromic_NHS111triagedcalls_countsByDay,syndromic,default,all,all,2025,1,5,2025-01-30,6215,FALSE
infectious_disease,respiratory,acute-respiratory-infection,Nation,England,E92000001,acute-respiratory-infection_syndromic_NHS111triagedcalls_countsByDay,syndromic,default,all,all,2025,1,5,2025-01-31,6433,FALSE
infectious_disease,respiratory,acute-respiratory-infection,Nation,England,E92000001,acute-respiratory-infection_syndromic_NHS111triagedcalls_countsByDay,syndromic,default,all,all,2025,2,5,2025-02-01,11303,FALSE
infectious_disease,respiratory,acute-respiratory-infection,Nation,England,E92000001,acute-respiratory-infection_syndromic_NHS111triagedcalls_countsByDay,syndromic,default,all,all,2025,2,5,2025-02-02,10273,FALSE
infectious_disease,respiratory,acute-respiratory-infection,Nation,England,E92000001,acute-respiratory-infection_syndromic_NHS111triagedcalls_countsByDay,syndromic,default,all,all,2025,2,6,2025-02-03,7681,FALSE
infectious_disease,respiratory,acute-respiratory-infection,Nation,England,E92000001,acute-respiratory-infection_syndromic_NHS111triagedcalls_countsByDay,syndromic,default,all,all,2025,2,6,2025-02-04,6727,FALSE
infectious_disease,respiratory,acute-respiratory-infection,Nation,England,E92000001,acute-respiratory-infection_syndromic_NHS111triagedcalls_countsByDay,syndromic,default,all,all,2025,2,6,2025-02-05,6318,FALSE
infectious_disease,respiratory,acute-respiratory-infection,Nation,England,E92000001,acute-respiratory-infection_syndromic_NHS111triagedcalls_countsByDay,syndromic,default,all,all,2025,2,6,2025-02-06,5909,FALSE
infectious_disease,respiratory,acute-respiratory-infection,Nation,England,E92000001,acute-respiratory-infection_syndromic_NHS111triagedcalls_countsByDay,syndromic,default,all,all,2025,2,6,2025-02-07,6170,FALSE
infectious_disease,respiratory,acute-respiratory-infection,Nation,England,E92000001,acute-respiratory-infection_syndromic_NHS111triagedcalls_countsByDay,syndromic,default,all,all,2025,2,6,2025-02-08,11526,FALSE
infectious_disease,respiratory,acute-respiratory-infection,Nation,England,E92000001,acute-respiratory-infection_syndromic_NHS111triagedcalls_countsByDay,syndromic,default,all,all,2025,2,6,2025-02-09,10428,FALSE
infectious_disease,respiratory,acute-respiratory-infection,Nation,England,E92000001,acute-respiratory-infection_syndromic_NHS111triagedcalls_countsByDay,syndromic,default,all,all,2025,2,7,2025-02-10,7662,FALSE
infectious_disease,respiratory,acute-respiratory-infection,Nation,England,E92000001,acute-respiratory-infection_syndromic_NHS111triagedcalls_countsByDay,syndromic,default,all,all,2025,2,7,2025-02-11,6558,FALSE
infectious_disease,respiratory,acute-respiratory-infection,Nation,England,E92000001,acute-respiratory-infection_syndromic_NHS111triagedcalls_countsByDay,syndromic,default,all,all,2025,2,7,2025-02-12,6531,FALSE
infectious_disease,respiratory,acute-respiratory-infection,Nation,England,E92000001,acute-respiratory-infection_syndromic_NHS111triagedcalls_countsByDay,syndromic,default,all,all,2025,2,7,2025-02-13,6037,FALSE
infectious_disease,respiratory,acute-respiratory-infection,Nation,England,E92000001,acute-respiratory-infection_syndromic_NHS111triagedcalls_countsByDay,syndromic,default,all,all,2025,2,7,2025-02-14,5949,FALSE
infectious_disease,respiratory,acute-respiratory-infection,Nation,England,E92000001,acute-respiratory-infection_syndromic_NHS111triagedcalls_countsByDay,syndromic,default,all,all,2025,2,7,2025-02-15,11331,FALSE
infectious_disease,respiratory,acute-respiratory-infection,Nation,England,E92000001,acute-respiratory-infection_syndromic_NHS111triagedcalls_countsByDay,syndromic,default,all,all,2025,2,7,2025-02-16,10294,FALSE
infectious_disease,respiratory,acute-respiratory-infection,Nation,England,E92000001,acute-respiratory-infection_syndromic_NHS111triagedcalls_countsByDay,syndromic,default,all,all,2025,2,8,2025-02-17,7491,FALSE
infectious_disease,respiratory,acute-respiratory-infection,Nation,England,E92000001,acute-respiratory-infection_syndromic_NHS111triagedcalls_countsByDay,syndromic,default,all,all,2025,2,8,2025-02-18,6359,FALSE
infectious_disease,respiratory,acute-respiratory-infection,Nation,England,E92000001,acute-respiratory-infection_syndromic_NHS111triagedcalls_countsByDay,syndromic,default,all,all,2025,2,8,2025-02-19,6348,FALSE
infectious_disease,respiratory,acute-respiratory-infection,Nation,England,E92000001,acute-respiratory-infection_syndromic_NHS111triagedcalls_countsByDay,syndromic,default,all,all,2025,2,8,2025-02-20,6257,FALSE
infectious_disease,respiratory,acute-respiratory-infection,Nation,England,E92000001,acute-respiratory-infection_syndromic_NHS111triagedcalls_countsByDay,syndromic,default,all,all,2025,2,8,2025-02-21,6616,FALSE
infectious_disease,respiratory,acute-respiratory-infection,Nation,England,E92000001,acute-respiratory-infection_syndromic_NHS111triagedcalls_countsByDay,syndromic,default,all,all,2025,2,8,2025-02-22,11331,FALSE
infectious_disease,respiratory,acute-respiratory-infection,Nation,England,E92000001,acute-respiratory-infection_syndromic_NHS111triagedcalls_countsByDay,syndromic,default,all,all,2025,2,8,2025-02-23,10559,FALSE
infectious_disease,respiratory,acute-respiratory-infection,Nation,England,E92000001,acute-respiratory-infection_syndromic_NHS111triagedcalls_countsByDay,syndromic,default,all,all,2025,2,9,2025-02-24,7405,FALSE
infectious_disease,respiratory,acute-respiratory-infection,Nation,England,E92000001,acute-respiratory-infection_syndromic_NHS111triagedcalls_countsByDay,syndromic,default,all,all,2025,2,9,2025-02-25,6353,FALSE
infectious_disease,respiratory,acute-respiratory-infection,Nation,England,E92000001,acute-respiratory-infection_syndromic_NHS111triagedcalls_countsByDay,syndromic,default,all,all,2025,2,9,2025-02-26,5840,FALSE
infectious_disease,respiratory,acute-respiratory-infection,Nation,England,E92000001,acute-respiratory-infection_syndromic_NHS111triagedcalls_countsByDay,syndromic,default,all,all,2025,2,9,2025-02-27,5440,FALSE
infectious_disease,respiratory,acute-respiratory-infection,Nation,England,E92000001,acute-respiratory-infection_syndromic_NHS111triagedcalls_countsByDay,syndromic,default,all,all,2025,2,9,2025-02-28,5669,FALSE
infectious_disease,respiratory,acute-respiratory-infection,Nation,England,E92000001,acute-respiratory-infection_syndromic_NHS111triagedcalls_countsByDay,syndromic,default,all,all,2025,3,9,2025-03-01,8974,FALSE
infectious_disease,respiratory,acute-respiratory-infection,Nation,England,E92000001,acute-respiratory-infection_syndromic_NHS111triagedcalls_countsByDay,syndromic,default,all,all,2025,3,9,2025-03-02,815,FALSE
infectious_disease,respiratory,acute-respiratory-infection,Nation,England,E92000001,acute-respiratory-infection_syndromic_NHS111triagedcalls_countsByDay,syndromic,default,all,all,2025,3,10,2025-03-03,5875,FALSE
infectious_disease,respiratory,acute-respiratory-infection,Nation,England,E92000001,acute-respiratory-infection_syndromic_NHS111triagedcalls_countsByDay,syndromic,default,all,all,2025,3,10,2025-03-04,5350,FALSE
infectious_disease,respiratory,acute-respiratory-infection,Nation,England,E92000001,acute-respiratory-infection_syndromic_NHS111triagedcalls_countsByDay,syndromic,default,all,all,2025,3,10,2025-03-05,5341,FALSE
infectious_disease,respiratory,acute-respiratory-infection,Nation,England,E92000001,acute-respiratory-infection_syndromic_NHS111triagedcalls_countsByDay,syndromic,default,all,all,2025,3,10,2025-03-06,4795,FALSE
infectious_disease,respiratory,acute-respiratory-infection,Nation,England,E92000001,acute-respiratory-infection_syndromic_NHS111triagedcalls_countsByDay,syndromic,default,all,all,2025,3,10,2025-03-07,5659,FALSE
infectious_disease,respiratory,acute-respiratory-infection,Nation,England,E92000001,acute-respiratory-infection_syndromic_NHS111triagedcalls_countsByDay,syndromic,default,all,all,2025,3,10,2025-03-08,9606,FALSE
infectious_disease,respiratory,acute-respiratory-infection,Nation,England,E92000001,acute-respiratory-infection_syndromic_NHS111triagedcalls_countsByDay,syndromic,default,all,all,2025,3,10,2025-03-09,9240,FALSE
infectious_disease,respiratory,acute-respiratory-infection,Nation,England,E92000001,acute-respiratory-infection_syndromic_NHS111triagedcalls_countsByDay,syndromic,default,all,all,2025,3,11,2025-03-10,6818,FALSE
infectious_disease,respiratory,acute-respiratory-infection,Nation,England,E92000001,acute-respiratory-infection_syndromic_NHS111triagedcalls_countsByDay,syndromic,default,all,all,2025,3,11,2025-03-11,5417,FALSE
infectious_disease,respiratory,acute-respiratory-infection,Nation,England,E92000001,acute-respiratory-infection_syndromic_NHS111triagedcalls_countsByDay,syndromic,default,all,all,2025,3,11,2025-03-12,5573,FALSE
infectious_disease,respiratory,acute-respiratory-infection,Nation,England,E92000001,acute-respiratory-infection_syndromic_NHS111triagedcalls_countsByDay,syndromic,default,all,all,2025,3,11,2025-03-13,4965,FALSE
infectious_disease,respiratory,acute-respiratory-infection,Nation,England,E92000001,acute-respiratory-infection_syndromic_NHS111triagedcalls_countsByDay,syndromic,default,all,all,2025,3,11,2025-03-14,5348,FALSE
infectious_disease,respiratory,acute-respiratory-infection,Nation,England,E92000001,acute-respiratory-infection_syndromic_NHS111triagedcalls_countsByDay,syndromic,default,all,all,2025,3,11,2025-03-15,9325,FALSE
infectious_disease,respiratory,acute-respiratory-infection,Nation,England,E92000001,acute-respiratory-infection_syndromic_NHS111triagedcalls_countsByDay,syndromic,default,all,all,2025,3,11,2025-03-16,8993,FALSE
infectious_disease,respiratory,acute-respiratory-infection,Nation,England,E92000001,acute-respiratory-infection_syndromic_NHS111triagedcalls_countsByDay,syndromic,default,all,all,2025,3,12,2025-03-17,6614,FALSE
infectious_disease,respiratory,acute-respiratory-infection,Nation,England,E92000001,acute-respiratory-infection_syndromic_NHS111triagedcalls_countsByDay,syndromic,default,all,all,2025,3,12,2025-03-18,5569,FALSE
infectious_disease,respiratory,acute-respiratory-infection,Nation,England,E92000001,acute-respiratory-infection_syndromic_NHS111triagedcalls_countsByDay,syndromic,default,all,all,2025,3,12,2025-03-19,5735,FALSE
infectious_disease,respiratory,acute-respiratory-infection,Nation,England,E92000001,acute-respiratory-infection_syndromic_NHS111triagedcalls_countsByDay,syndromic,default,all,all,2025,3,12,2025-03-20,5258,FALSE
infectious_disease,respiratory,acute-respiratory-infection,Nation,England,E92000001,acute-respiratory-infection_syndromic_NHS111triagedcalls_countsByDay,syndromic,default,all,all,2025,3,12,2025-03-21,5858,FALSE
infectious_disease,respiratory,acute-respiratory-infection,Nation,England,E92000001,acute-respiratory-infection_syndromic_NHS111triagedcalls_countsByDay,syndromic,default,all,all,2025,3,12,2025-03-22,10646,FALSE
infectious_disease,respiratory,acute-respiratory-infection,Nation,England,E92000001,acute-respiratory-infection_syndromic_NHS111triagedcalls_countsByDay,syndromic,default,all,all,2025,3,12,2025-03-23,9668,FALSE
infectious_disease,respiratory,acute-respiratory-infection,Nation,England,E92000001,acute-respiratory-infection_syndromic_NHS111triagedcalls_countsByDay,syndromic,default,all,all,2025,3,13,2025-03-24,7000,FALSE
infectious_disease,respiratory,acute-respiratory-infection,Nation,England,E92000001,acute-respiratory-infection_syndromic_NHS111triagedcalls_countsByDay,syndromic,default,all,all,2025,3,13,2025-03-25,5448,FALSE
infectious_disease,respiratory,acute-respiratory-infection,Nation,England,E92000001,acute-respiratory-infection_syndromic_NHS111triagedcalls_countsByDay,syndromic,default,all,all,2025,3,13,2025-03-26,5709,FALSE
infectious_disease,respiratory,acute-respiratory-infection,Nation,England,E92000001,acute-respiratory-infection_syndromic_NHS111triagedcalls_countsByDay,syndromic,default,all,all,2025,3,13,2025-03-27,5264,FALSE
infectious_disease,respiratory,acute-respiratory-infection,Nation,England,E92000001,acute-respiratory-infection_syndromic_NHS111triagedcalls_countsByDay,syndromic,default,all,all,2025,3,13,2025-03-28,5373,FALSE
infectious_disease,respiratory,acute-respiratory-infection,Nation,England,E92000001,acute-respiratory-infection_syndromic_NHS111triagedcalls_countsByDay,syndromic,default,all,all,2025,3,13,2025-03-29,9570,FALSE
infectious_disease,respiratory,acute-respiratory-infection,Nation,England,E92000001,acute-respiratory-infection_syndromic_NHS111triagedcalls_countsByDay,syndromic,default,all,all,2025,3,13,2025-03-30,7859,FALSE
infectious_disease,respiratory,acute-respiratory-infection,Nation,England,E92000001,acute-respiratory-infection_syndromic_NHS111triagedcalls_countsByDay,syndromic,default,all,all,2025,3,14,2025-03-31,6579,FALSE
infectious_disease,respiratory,acute-respiratory-infection,Nation,England,E92000001,acute-respiratory-infection_syndromic_NHS111triagedcalls_countsByDay,syndromic,default,all,all,2025,4,14,2025-04-01,5527,FALSE
infectious_disease,respiratory,acute-respiratory-infection,Nation,England,E92000001,acute-respiratory-infection_syndromic_NHS111triagedcalls_countsByDay,syndromic,default,all,all,2025,4,14,2025-04-02,5340,FALSE
infectious_disease,respiratory,acute-respiratory-infection,Nation,England,E92000001,acute-respiratory-infection_syndromic_NHS111triagedcalls_countsByDay,syndromic,default,all,all,2025,4,14,2025-04-03,5272,FALSE
infectious_disease,respiratory,acute-respiratory-infection,Nation,England,E92000001,acute-respiratory-infection_syndromic_NHS111triagedcalls_countsByDay,syndromic,default,all,all,2025,4,14,2025-04-04,5686,FALSE
infectious_disease,respiratory,acute-respiratory-infection,Nation,England,E92000001,acute-respiratory-infection_syndromic_NHS111triagedcalls_countsByDay,syndromic,default,all,all,2025,4,14,2025-04-05,9553,FALSE
infectious_disease,respiratory,acute-respiratory-infection,Nation,England,E92000001,acute-respiratory-infection_syndromic_NHS111triagedcalls_countsByDay,syndromic,default,all,all,2025,4,14,2025-04-06,8654,FALSE
infectious_disease,respiratory,acute-respiratory-infection,Nation,England,E92000001,acute-respiratory-infection_syndromic_NHS111triagedcalls_countsByDay,syndromic,default,all,all,2025,4,15,2025-04-07,6447,FALSE
infectious_disease,respiratory,acute-respiratory-infection,Nation,England,E92000001,acute-respiratory-infection_syndromic_NHS111triagedcalls_countsByDay,syndromic,default,all,all,2025,4,15,2025-04-08,5426,FALSE
infectious_disease,respiratory,acute-respiratory-infection,Nation,England,E92000001,acute-respiratory-infection_syndromic_NHS111triagedcalls_countsByDay,syndromic,default,all,all,2025,4,15,2025-04-09,5279,FALSE
infectious_disease,respiratory,acute-respiratory-infection,Nation,England,E92000001,acute-respiratory-infection_syndromic_NHS111triagedcalls_countsByDay,syndromic,default,all,all,2025,4,15,2025-04-10,4953,FALSE
infectious_disease,respiratory,acute-respiratory-infection,Nation,England,E92000001,acute-respiratory-infection_syndromic_NHS111triagedcalls_countsByDay,syndromic,default,all,all,2025,4,15,2025-04-11,5086,FALSE
infectious_disease,respiratory,acute-respiratory-infection,Nation,England,E92000001,acute-respiratory-infection_syndromic_NHS111triagedcalls_countsByDay,syndromic,default,all,all,2025,4,15,2025-04-12,8970,FALSE
infectious_disease,respiratory,acute-respiratory-infection,Nation,England,E92000001,acute-respiratory-infection_syndromic_NHS111triagedcalls_countsByDay,syndromic,default,all,all,2025,4,15,2025-04-13,8439,FALSE
infectious_disease,respiratory,acute-respiratory-infection,Nation,England,E92000001,acute-respiratory-infection_syndromic_NHS111triagedcalls_countsByDay,syndromic,default,all,all,2025,4,16,2025-04-14,6182,FALSE
infectious_disease,respiratory,acute-respiratory-infection,Nation,England,E92000001,acute-respiratory-infection_syndromic_NHS111triagedcalls_countsByDay,syndromic,default,all,all,2025,4,16,2025-04-15,5407,FALSE
infectious_disease,respiratory,acute-respiratory-infection,Nation,England,E92000001,acute-respiratory-infection_syndromic_NHS111triagedcalls_countsByDay,syndromic,default,all,all,2025,4,16,2025-04-16,4880,FALSE
infectious_disease,respiratory,acute-respiratory-infection,Nation,England,E92000001,acute-respiratory-infection_syndromic_NHS111triagedcalls_countsByDay,syndromic,default,all,all,2025,4,16,2025-04-17,5040,FALSE
infectious_disease,respiratory,acute-respiratory-infection,Nation,England,E92000001,acute-respiratory-infection_syndromic_NHS111triagedcalls_countsByDay,syndromic,default,all,all,2025,4,16,2025-04-18,9748,FALSE
infectious_disease,respiratory,acute-respiratory-infection,Nation,England,E92000001,acute-respiratory-infection_syndromic_NHS111triagedcalls_countsByDay,syndromic,default,all,all,2025,4,16,2025-04-19,10224,FALSE
infectious_disease,respiratory,acute-respiratory-infection,Nation,England,E92000001,acute-respiratory-infection_syndromic_NHS111triagedcalls_countsByDay,syndromic,default,all,all,2025,4,16,2025-04-20,8155,FALSE
infectious_disease,respiratory,acute-respiratory-infection,Nation,England,E92000001,acute-respiratory-infection_syndromic_NHS111triagedcalls_countsByDay,syndromic,default,all,all,2025,4,17,2025-04-21,10306,FALSE
infectious_disease,respiratory,acute-respiratory-infection,Nation,England,E92000001,acute-respiratory-infection_syndromic_NHS111triagedcalls_countsByDay,syndromic,default,all,all,2025,4,17,2025-04-22,5733,FALSE
infectious_disease,respiratory,acute-respiratory-infection,Nation,England,E92000001,acute-respiratory-infection_syndromic_NHS111triagedcalls_countsByDay,syndromic,default,all,all,2025,4,17,2025-04-23,4882,FALSE
infectious_disease,respiratory,acute-respiratory-infection,Nation,England,E92000001,acute-respiratory-infection_syndromic_NHS111triagedcalls_countsByDay,syndromic,default,all,all,2025,4,17,2025-04-24,4495,FALSE
infectious_disease,respiratory,acute-respiratory-infection,Nation,England,E92000001,acute-respiratory-infection_syndromic_NHS111triagedcalls_countsByDay,syndromic,default,all,all,2025,4,17,2025-04-25,4634,FALSE
infectious_disease,respiratory,acute-respiratory-infection,Nation,England,E92000001,acute-respiratory-infection_syndromic_NHS111triagedcalls_countsByDay,syndromic,default,all,all,2025,4,17,2025-04-26,7388,FALSE
infectious_disease,respiratory,acute-respiratory-infection,Nation,England,E92000001,acute-respiratory-infection_syndromic_NHS111triagedcalls_countsByDay,syndromic,default,all,all,2025,4,17,2025-04-27,6409,FALSE
infectious_disease,respiratory,acute-respiratory-infection,Nation,England,E92000001,acute-respiratory-infection_syndromic_NHS111triagedcalls_countsByDay,syndromic,default,all,all,2025,4,18,2025-04-28,4741,FALSE
infectious_disease,respiratory,acute-respiratory-infection,Nation,England,E92000001,acute-respiratory-infection_syndromic_NHS111triagedcalls_countsByDay,syndromic,default,all,all,2025,4,18,2025-04-29,4019,FALSE
infectious_disease,respiratory,acute-respiratory-infection,Nation,England,E92000001,acute-respiratory-infection_syndromic_NHS111triagedcalls_countsByDay,syndromic,default,all,all,2025,4,18,2025-04-30,3746,FALSE
infectious_disease,respiratory,acute-respiratory-infection,Nation,England,E92000001,acute-respiratory-infection_syndromic_NHS111triagedcalls_countsByDay,syndromic,default,all,all,2025,5,18,2025-05-01,3547,FALSE
infectious_disease,respiratory,acute-respiratory-infection,Nation,England,E92000001,acute-respiratory-infection_syndromic_NHS111triagedcalls_countsByDay,syndromic,default,all,all,2025,5,18,2025-05-02,3927,FALSE
infectious_disease,respiratory,acute-respiratory-infection,Nation,England,E92000001,acute-respiratory-infection_syndromic_NHS111triagedcalls_countsByDay,syndromic,default,all,all,2025,5,18,2025-05-03,7376,FALSE
infectious_disease,respiratory,acute-respiratory-infection,Nation,England,E92000001,acute-respiratory-infection_syndromic_NHS111triagedcalls_countsByDay,syndromic,default,all,all,2025,5,18,2025-05-04,7564,FALSE
infectious_disease,respiratory,acute-respiratory-infection,Nation,England,E92000001,acute-respiratory-infection_syndromic_NHS111triagedcalls_countsByDay,syndromic,default,all,all,2025,5,19,2025-05-05,8470,FALSE
infectious_disease,respiratory,acute-respiratory-infection,Nation,England,E92000001,acute-respiratory-infection_syndromic_NHS111triagedcalls_countsByDay,syndromic,default,all,all,2025,5,19,2025-05-06,4630,FALSE
infectious_disease,respiratory,acute-respiratory-infection,Nation,England,E92000001,acute-respiratory-infection_syndromic_NHS111triagedcalls_countsByDay,syndromic,default,all,all,2025,5,19,2025-05-07,4094,FALSE
infectious_disease,respiratory,acute-respiratory-infection,Nation,England,E92000001,acute-respiratory-infection_syndromic_NHS111triagedcalls_countsByDay,syndromic,default,all,all,2025,5,19,2025-05-08,3840,FALSE
infectious_disease,respiratory,acute-respiratory-infection,Nation,England,E92000001,acute-respiratory-infection_syndromic_NHS111triagedcalls_countsByDay,syndromic,default,all,all,2025,5,19,2025-05-09,4027,FALSE
infectious_disease,respiratory,acute-respiratory-infection,Nation,England,E92000001,acute-respiratory-infection_syndromic_NHS111triagedcalls_countsByDay,syndromic,default,all,all,2025,5,19,2025-05-10,6640,FALSE
infectious_disease,respiratory,acute-respiratory-infection,Nation,England,E92000001,acute-respiratory-infection_syndromic_NHS111triagedcalls_countsByDay,syndromic,default,all,all,2025,5,19,2025-05-11,6169,FALSE
infectious_disease,respiratory,acute-respiratory-infection,Nation,England,E92000001,acute-respiratory-infection_syndromic_NHS111triagedcalls_countsByDay,syndromic,default,all,all,2025,5,20,2025-05-12,4763,FALSE
infectious_disease,respiratory,acute-respiratory-infection,Nation,England,E92000001,acute-respiratory-infection_syndromic_NHS111triagedcalls_countsByDay,syndromic,default,all,all,2025,5,20,2025-05-13,4067,FALSE
infectious_disease,respiratory,acute-respiratory-infection,Nation,England,E92000001,acute-respiratory-infection_syndromic_NHS111triagedcalls_countsByDay,syndromic,default,all,all,2025,5,20,2025-05-14,3911,FALSE
infectious_disease,respiratory,acute-respiratory-infection,Nation,England,E92000001,acute-respiratory-infection_syndromic_NHS111triagedcalls_countsByDay,syndromic,default,all,all,2025,5,20,2025-05-15,3949,FALSE
infectious_disease,respiratory,acute-respiratory-infection,Nation,England,E92000001,acute-respiratory-infection_syndromic_NHS111triagedcalls_countsByDay,syndromic,default,all,all,2025,5,20,2025-05-16,3570,FALSE
infectious_disease,respiratory,acute-respiratory-infection,Nation,England,E92000001,acute-respiratory-infection_syndromic_NHS111triagedcalls_countsByDay,syndromic,default,all,all,2025,5,20,2025-05-17,6844,FALSE
infectious_disease,respiratory,acute-respiratory-infection,Nation,England,E92000001,acute-respiratory-infection_syndromic_NHS111triagedcalls_countsByDay,syndromic,default,all,all,2025,5,20,2025-05-18,6288,FALSE
infectious_disease,respiratory,acute-respiratory-infection,Nation,England,E92000001,acute-respiratory-infection_syndromic_NHS111triagedcalls_countsByDay,syndromic,default,all,all,2025,5,21,2025-05-19,4524,FALSE
infectious_disease,respiratory,acute-respiratory-infection,Nation,England,E92000001,acute-respiratory-infection_syndromic_NHS111triagedcalls_countsByDay,syndromic,default,all,all,2025,5,21,2025-05-20,3978,FALSE
infectious_disease,respiratory,acute-respiratory-infection,Nation,England,E92000001,acute-respiratory-infection_syndromic_NHS111triagedcalls_countsByDay,syndromic,default,all,all,2025,5,21,2025-05-21,3759,FALSE
infectious_disease,respiratory,acute-respiratory-infection,Nation,England,E92000001,acute-respiratory-infection_syndromic_NHS111triagedcalls_countsByDay,syndromic,default,all,all,2025,5,21,2025-05-22,3730,FALSE
infectious_disease,respiratory,acute-respiratory-infection,Nation,England,E92000001,acute-respiratory-infection_syndromic_NHS111triagedcalls_countsByDay,syndromic,default,all,all,2025,5,21,2025-05-23,3954,FALSE
infectious_disease,respiratory,acute-respiratory-infection,Nation,England,E92000001,acute-respiratory-infection_syndromic_NHS111triagedcalls_countsByDay,syndromic,default,all,all,2025,5,21,2025-05-24,7544,FALSE
infectious_disease,respiratory,acute-respiratory-infection,Nation,England,E92000001,acute-respiratory-infection_syndromic_NHS111triagedcalls_countsByDay,syndromic,default,all,all,2025,5,21,2025-05-25,7561,FALSE
infectious_disease,respiratory,acute-respiratory-infection,Nation,England,E92000001,acute-respiratory-infection_syndromic_NHS111triagedcalls_countsByDay,syndromic,default,all,all,2025,5,22,2025-05-26,8189,FALSE
infectious_disease,respiratory,acute-respiratory-infection,Nation,England,E92000001,acute-respiratory-infection_syndromic_NHS111triagedcalls_countsByDay,syndromic,default,all,all,2025,5,22,2025-05-27,4754,FALSE
infectious_disease,respiratory,acute-respiratory-infection,Nation,England,E92000001,acute-respiratory-infection_syndromic_NHS111triagedcalls_countsByDay,syndromic,default,all,all,2025,5,22,2025-05-28,4119,FALSE
infectious_disease,respiratory,acute-respiratory-infection,Nation,England,E92000001,acute-respiratory-infection_syndromic_NHS111triagedcalls_countsByDay,syndromic,default,all,all,2025,5,22,2025-05-29,3989,FALSE
infectious_disease,respiratory,acute-respiratory-infection,Nation,England,E92000001,acute-respiratory-infection_syndromic_NHS111triagedcalls_countsByDay,syndromic,default,all,all,2025,5,22,2025-05-30,4026,FALSE
infectious_disease,respiratory,acute-respiratory-infection,Nation,England,E92000001,acute-respiratory-infection_syndromic_NHS111triagedcalls_countsByDay,syndromic,default,all,all,2025,5,22,2025-05-31,6718,FALSE
infectious_disease,respiratory,acute-respiratory-infection,Nation,England,E92000001,acute-respiratory-infection_syndromic_NHS111triagedcalls_countsByDay,syndromic,default,all,all,2025,6,22,2025-06-01,6054,FALSE
infectious_disease,respiratory,acute-respiratory-infection,Nation,England,E92000001,acute-respiratory-infection_syndromic_NHS111triagedcalls_countsByDay,syndromic,default,all,all,2025,6,23,2025-06-02,4332,FALSE
infectious_disease,respiratory,acute-respiratory-infection,Nation,England,E92000001,acute-respiratory-infection_syndromic_NHS111triagedcalls_countsByDay,syndromic,default,all,all,2025,6,23,2025-06-03,3830,FALSE
infectious_disease,respiratory,acute-respiratory-infection,Nation,England,E92000001,acute-respiratory-infection_syndromic_NHS111triagedcalls_countsByDay,syndromic,default,all,all,2025,6,23,2025-06-04,3652,FALSE
infectious_disease,respiratory,acute-respiratory-infection,Nation,England,E92000001,acute-respiratory-infection_syndromic_NHS111triagedcalls_countsByDay,syndromic,default,all,all,2025,6,23,2025-06-05,3750,FALSE
infectious_disease,respiratory,acute-respiratory-infection,Nation,England,E92000001,acute-respiratory-infection_syndromic_NHS111triagedcalls_countsByDay,syndromic,default,all,all,2025,6,23,2025-06-06,3466,FALSE
infectious_disease,respiratory,acute-respiratory-infection,Nation,England,E92000001,acute-respiratory-infection_syndromic_NHS111triagedcalls_countsByDay,syndromic,default,all,all,2025,6,23,2025-06-07,5689,FALSE
infectious_disease,respiratory,acute-respiratory-infection,Nation,England,E92000001,acute-respiratory-infection_syndromic_NHS111triagedcalls_countsByDay,syndromic,default,all,all,2025,6,23,2025-06-08,5672,FALSE
infectious_disease,respiratory,acute-respiratory-infection,Nation,England,E92000001,acute-respiratory-infection_syndromic_NHS111triagedcalls_countsByDay,syndromic,default,all,all,2025,6,24,2025-06-09,4307,FALSE
infectious_disease,respiratory,acute-respiratory-infection,Nation,England,E92000001,acute-respiratory-infection_syndromic_NHS111triagedcalls_countsByDay,syndromic,default,all,all,2025,6,24,2025-06-10,3722,FALSE
infectious_disease,respiratory,acute-respiratory-infection,Nation,England,E92000001,acute-respiratory-infection_syndromic_NHS111triagedcalls_countsByDay,syndromic,default,all,all,2025,6,24,2025-06-11,3609,FALSE
infectious_disease,respiratory,acute-respiratory-infection,Nation,England,E92000001,acute-respiratory-infection_syndromic_NHS111triagedcalls_countsByDay,syndromic,default,all,all,2025,6,24,2025-06-12,3611,FALSE
infectious_disease,respiratory,acute-respiratory-infection,Nation,England,E92000001,acute-respiratory-infection_syndromic_NHS111triagedcalls_countsByDay,syndromic,default,all,all,2025,6,24,2025-06-13,3564,FALSE
infectious_disease,respiratory,acute-respiratory-infection,Nation,England,E92000001,acute-respiratory-infection_syndromic_NHS111triagedcalls_countsByDay,syndromic,default,all,all,2025,6,24,2025-06-14,6413,FALSE
infectious_disease,respiratory,acute-respiratory-infection,Nation,England,E92000001,acute-respiratory-infection_syndromic_NHS111triagedcalls_countsByDay,syndromic,default,all,all,2025,6,24,2025-06-15,5647,FALSE
infectious_disease,respiratory,acute-respiratory-infection,Nation,England,E92000001,acute-respiratory-infection_syndromic_NHS111triagedcalls_countsByDay,syndromic,default,all,all,2025,6,25,2025-06-16,4217,FALSE
infectious_disease,respiratory,acute-respiratory-infection,Nation,England,E92000001,acute-respiratory-infection_syndromic_NHS111triagedcalls_countsByDay,syndromic,default,all,all,2025,6,25,2025-06-17,3440,FALSE
infectious_disease,respiratory,acute-respiratory-infection,Nation,England,E92000001,acute-respiratory-infection_syndromic_NHS111triagedcalls_countsByDay,syndromic,default,all,all,2025,6,25,2025-06-18,3496,FALSE
infectious_disease,respiratory,acute-respiratory-infection,Nation,England,E92000001,acute-respiratory-infection_syndromic_NHS111triagedcalls_countsByDay,syndromic,default,all,all,2025,6,25,2025-06-19,3233,FALSE
infectious_disease,respiratory,acute-respiratory-infection,Nation,England,E92000001,acute-respiratory-infection_syndromic_NHS111triagedcalls_countsByDay,syndromic,default,all,all,2025,6,25,2025-06-20,3495,FALSE
infectious_disease,respiratory,acute-respiratory-infection,Nation,England,E92000001,acute-respiratory-infection_syndromic_NHS111triagedcalls_countsByDay,syndromic,default,all,all,2025,6,25,2025-06-21,5911,FALSE
infectious_disease,respiratory,acute-respiratory-infection,Nation,England,E92000001,acute-respiratory-infection_syndromic_NHS111triagedcalls_countsByDay,syndromic,default,all,all,2025,6,25,2025-06-22,5525,FALSE
infectious_disease,respiratory,acute-respiratory-infection,Nation,England,E92000001,acute-respiratory-infection_syndromic_NHS111triagedcalls_countsByDay,syndromic,default,all,all,2025,6,26,2025-06-23,4071,FALSE
infectious_disease,respiratory,acute-respiratory-infection,Nation,England,E92000001,acute-respiratory-infection_syndromic_NHS111triagedcalls_countsByDay,syndromic,default,all,all,2025,6,26,2025-06-24,3777,FALSE
infectious_disease,respiratory,acute-respiratory-infection,Nation,England,E92000001,acute-respiratory-infection_syndromic_NHS111triagedcalls_countsByDay,syndromic,default,all,all,2025,6,26,2025-06-25,3387,FALSE
infectious_disease,respiratory,acute-respiratory-infection,Nation,England,E92000001,acute-respiratory-infection_syndromic_NHS111triagedcalls_countsByDay,syndromic,default,all,all,2025,6,26,2025-06-26,3263,FALSE
infectious_disease,respiratory,acute-respiratory-infection,Nation,England,E92000001,acute-respiratory-infection_syndromic_NHS111triagedcalls_countsByDay,syndromic,default,all,all,2025,6,26,2025-06-27,3445,FALSE
infectious_disease,respiratory,acute-respiratory-infection,Nation,England,E92000001,acute-respiratory-infection_syndromic_NHS111triagedcalls_countsByDay,syndromic,default,all,all,2025,6,26,2025-06-28,5619,FALSE
infectious_disease,respiratory,acute-respiratory-infection,Nation,England,E92000001,acute-respiratory-infection_syndromic_NHS111triagedcalls_countsByDay,syndromic,default,all,all,2025,6,26,2025-06-29,4973,FALSE
infectious_disease,respiratory,acute-respiratory-infection,Nation,England,E92000001,acute-respiratory-infection_syndromic_NHS111triagedcalls_countsByDay,syndromic,default,all,all,2025,6,27,2025-06-30,3479,FALSE
infectious_disease,respiratory,acute-respiratory-infection,Nation,England,E92000001,acute-respiratory-infection_syndromic_NHS111triagedcalls_countsByDay,syndromic,default,all,all,2025,7,27,2025-07-01,3084,FALSE
infectious_disease,respiratory,acute-respiratory-infection,Nation,England,E92000001,acute-respiratory-infection_syndromic_NHS111triagedcalls_countsByDay,syndromic,default,all,all,2025,7,27,2025-07-02,3047,FALSE
infectious_disease,respiratory,acute-respiratory-infection,Nation,England,E92000001,acute-respiratory-infection_syndromic_NHS111triagedcalls_countsByDay,syndromic,default,all,all,2025,7,27,2025-07-03,2977,FALSE
infectious_disease,respiratory,acute-respiratory-infection,Nation,England,E92000001,acute-respiratory-infection_syndromic_NHS111triagedcalls_countsByDay,syndromic,default,all,all,2025,7,27,2025-07-04,3173,FALSE
infectious_disease,respiratory,acute-respiratory-infection,Nation,England,E92000001,acute-respiratory-infection_syndromic_NHS111triagedcalls_countsByDay,syndromic,default,all,all,2025,7,27,2025-07-05,5811,FALSE
infectious_disease,respiratory,acute-respiratory-infection,Nation,England,E92000001,acute-respiratory-infection_syndromic_NHS111triagedcalls_countsByDay,syndromic,default,all,all,2025,7,27,2025-07-06,5292,FALSE
infectious_disease,respiratory,acute-respiratory-infection,Nation,England,E92000001,acute-respiratory-infection_syndromic_NHS111triagedcalls_countsByDay,syndromic,default,all,all,2025,7,28,2025-07-07,3680,FALSE
infectious_disease,respiratory,acute-respiratory-infection,Nation,England,E92000001,acute-respiratory-infection_syndromic_NHS111triagedcalls_countsByDay,syndromic,default,all,all,2025,7,28,2025-07-08,3322,FALSE
infectious_disease,respiratory,acute-respiratory-infection,Nation,England,E92000001,acute-respiratory-infection_syndromic_NHS111triagedcalls_countsByDay,syndromic,default,all,all,2025,7,28,2025-07-09,3230,FALSE
infectious_disease,respiratory,acute-respiratory-infection,Nation,England,E92000001,acute-respiratory-infection_syndromic_NHS111triagedcalls_countsByDay,syndromic,default,all,all,2025,7,28,2025-07-10,3007,FALSE
infectious_disease,respiratory,acute-respiratory-infection,Nation,England,E92000001,acute-respiratory-infection_syndromic_NHS111triagedcalls_countsByDay,syndromic,default,all,all,2025,7,28,2025-07-11,2950,FALSE
infectious_disease,respiratory,acute-respiratory-infection,Nation,England,E92000001,acute-respiratory-infection_syndromic_NHS111triagedcalls_countsByDay,syndromic,default,all,all,2025,7,28,2025-07-12,5111,FALSE
infectious_disease,respiratory,acute-respiratory-infection,Nation,England,E92000001,acute-respiratory-infection_syndromic_NHS111triagedcalls_countsByDay,syndromic,default,all,all,2025,7,28,2025-07-13,4954,FALSE
infectious_disease,respiratory,acute-respiratory-infection,Nation,England,E92000001,acute-respiratory-infection_syndromic_NHS111triagedcalls_countsByDay,syndromic,default,all,all,2025,7,29,2025-07-14,3682,FALSE
infectious_disease,respiratory,acute-respiratory-infection,Nation,England,E92000001,acute-respiratory-infection_syndromic_NHS111triagedcalls_countsByDay,syndromic,default,all,all,2025,7,29,2025-07-15,3319,FALSE
infectious_disease,respiratory,acute-respiratory-infection,Nation,England,E92000001,acute-respiratory-infection_syndromic_NHS111triagedcalls_countsByDay,syndromic,default,all,all,2025,7,29,2025-07-16,3211,FALSE
infectious_disease,respiratory,acute-respiratory-infection,Nation,England,E92000001,acute-respiratory-infection_syndromic_NHS111triagedcalls_countsByDay,syndromic,default,all,all,2025,7,29,2025-07-17,3138,FALSE
infectious_disease,respiratory,acute-respiratory-infection,Nation,England,E92000001,acute-respiratory-infection_syndromic_NHS111triagedcalls_countsByDay,syndromic,default,all,all,2025,7,29,2025-07-18,3243,FALSE
infectious_disease,respiratory,acute-respiratory-infection,Nation,England,E92000001,acute-respiratory-infection_syndromic_NHS111triagedcalls_countsByDay,syndromic,default,all,all,2025,7,29,2025-07-19,5962,FALSE
infectious_disease,respiratory,acute-respiratory-infection,Nation,England,E92000001,acute-respiratory-infection_syndromic_NHS111triagedcalls_countsByDay,syndromic,default,all,all,2025,7,29,2025-07-20,5241,FALSE
infectious_disease,respiratory,acute-respiratory-infection,Nation,England,E92000001,acute-respiratory-infection_syndromic_NHS111triagedcalls_countsByDay,syndromic,default,all,all,2025,7,30,2025-07-21,3799,FALSE
infectious_disease,respiratory,acute-respiratory-infection,Nation,England,E92000001,acute-respiratory-infection_syndromic_NHS111triagedcalls_countsByDay,syndromic,default,all,all,2025,7,30,2025-07-22,3317,FALSE
infectious_disease,respiratory,acute-respiratory-infection,Nation,England,E92000001,acute-respiratory-infection_syndromic_NHS111triagedcalls_countsByDay,syndromic,default,all,all,2025,7,30,2025-07-23,3051,FALSE
infectious_disease,respiratory,acute-respiratory-infection,Nation,England,E92000001,acute-respiratory-infection_syndromic_NHS111triagedcalls_countsByDay,syndromic,default,all,all,2025,7,30,2025-07-24,2961,FALSE
infectious_disease,respiratory,acute-respiratory-infection,Nation,England,E92000001,acute-respiratory-infection_syndromic_NHS111triagedcalls_countsByDay,syndromic,default,all,all,2025,7,30,2025-07-25,3050,FALSE
infectious_disease,respiratory,acute-respiratory-infection,Nation,England,E92000001,acute-respiratory-infection_syndromic_NHS111triagedcalls_countsByDay,syndromic,default,all,all,2025,7,30,2025-07-26,5654,FALSE
infectious_disease,respiratory,acute-respiratory-infection,Nation,England,E92000001,acute-respiratory-infection_syndromic_NHS111triagedcalls_countsByDay,syndromic,default,all,all,2025,7,30,2025-07-27,4811,FALSE
infectious_disease,respiratory,acute-respiratory-infection,Nation,England,E92000001,acute-respiratory-infection_syndromic_NHS111triagedcalls_countsByDay,syndromic,default,all,all,2025,7,31,2025-07-28,3525,FALSE
infectious_disease,respiratory,acute-respiratory-infection,Nation,England,E92000001,acute-respiratory-infection_syndromic_NHS111triagedcalls_countsByDay,syndromic,default,all,all,2025,7,31,2025-07-29,3129,FALSE
infectious_disease,respiratory,acute-respiratory-infection,Nation,England,E92000001,acute-respiratory-infection_syndromic_NHS111triagedcalls_countsByDay,syndromic,default,all,all,2025,7,31,2025-07-30,3084,FALSE
infectious_disease,respiratory,acute-respiratory-infection,Nation,England,E92000001,acute-respiratory-infection_syndromic_NHS111triagedcalls_countsByDay,syndromic,default,all,all,2025,7,31,2025-07-31,2957,FALSE
infectious_disease,respiratory,acute-respiratory-infection,Nation,England,E92000001,acute-respiratory-infection_syndromic_NHS111triagedcalls_countsByDay,syndromic,default,all,all,2025,8,31,2025-08-01,3018,FALSE
infectious_disease,respiratory,acute-respiratory-infection,Nation,England,E92000001,acute-respiratory-infection_syndromic_NHS111triagedcalls_countsByDay,syndromic,default,all,all,2025,8,31,2025-08-02,5494,FALSE
infectious_disease,respiratory,acute-respiratory-infection,Nation,England,E92000001,acute-respiratory-infection_syndromic_NHS111triagedcalls_countsByDay,syndromic,default,all,all,2025,8,31,2025-08-03,5080,FALSE
infectious_disease,respiratory,acute-respiratory-infection,Nation,England,E92000001,acute-respiratory-infection_syndromic_NHS111triagedcalls_countsByDay,syndromic,default,all,all,2025,8,32,2025-08-04,3560,FALSE
infectious_disease,respiratory,acute-respiratory-infection,Nation,England,E92000001,acute-respiratory-infection_syndromic_NHS111triagedcalls_countsByDay,syndromic,default,all,all,2025,8,32,2025-08-05,2937,FALSE
infectious_disease,respiratory,acute-respiratory-infection,Nation,England,E92000001,acute-respiratory-infection_syndromic_NHS111triagedcalls_countsByDay,syndromic,default,all,all,2025,8,32,2025-08-06,2923,FALSE
infectious_disease,respiratory,acute-respiratory-infection,Nation,England,E92000001,acute-respiratory-infection_syndromic_NHS111triagedcalls_countsByDay,syndromic,default,all,all,2025,8,32,2025-08-07,2840,FALSE
infectious_disease,respiratory,acute-respiratory-infection,Nation,England,E92000001,acute-respiratory-infection_syndromic_NHS111triagedcalls_countsByDay,syndromic,default,all,all,2025,8,32,2025-08-08,3095,FALSE
infectious_disease,respiratory,acute-respiratory-infection,Nation,England,E92000001,acute-respiratory-infection_syndromic_NHS111triagedcalls_countsByDay,syndromic,default,all,all,2025,8,32,2025-08-09,5236,FALSE
infectious_disease,respiratory,acute-respiratory-infection,Nation,England,E92000001,acute-respiratory-infection_syndromic_NHS111triagedcalls_countsByDay,syndromic,default,all,all,2025,8,32,2025-08-10,4812,FALSE
infectious_disease,respiratory,acute-respiratory-infection,Nation,England,E92000001,acute-respiratory-infection_syndromic_NHS111triagedcalls_countsByDay,syndromic,default,all,all,2025,8,33,2025-08-11,3495,FALSE
infectious_disease,respiratory,acute-respiratory-infection,Nation,England,E92000001,acute-respiratory-infection_syndromic_NHS111triagedcalls_countsByDay,syndromic,default,all,all,2025,8,33,2025-08-12,3019,FALSE
infectious_disease,respiratory,acute-respiratory-infection,Nation,England,E92000001,acute-respiratory-infection_syndromic_NHS111triagedcalls_countsByDay,syndromic,default,all,all,2025,8,33,2025-08-13,2951,FALSE
infectious_disease,respiratory,acute-respiratory-infection,Nation,England,E92000001,acute-respiratory-infection_syndromic_NHS111triagedcalls_countsByDay,syndromic,default,all,all,2025,8,33,2025-08-14,2915,FALSE
infectious_disease,respiratory,acute-respiratory-infection,Nation,England,E92000001,acute-respiratory-infection_syndromic_NHS111triagedcalls_countsByDay,syndromic,default,all,all,2025,8,33,2025-08-15,2911,FALSE
infectious_disease,respiratory,acute-respiratory-infection,Nation,England,E92000001,acute-respiratory-infection_syndromic_NHS111triagedcalls_countsByDay,syndromic,default,all,all,2025,8,33,2025-08-16,5083,FALSE
infectious_disease,respiratory,acute-respiratory-infection,Nation,England,E92000001,acute-respiratory-infection_syndromic_NHS111triagedcalls_countsByDay,syndromic,default,all,all,2025,8,33,2025-08-17,4743,FALSE
infectious_disease,respiratory,acute-respiratory-infection,Nation,England,E92000001,acute-respiratory-infection_syndromic_NHS111triagedcalls_countsByDay,syndromic,default,all,all,2025,8,34,2025-08-18,3311,FALSE
infectious_disease,respiratory,acute-respiratory-infection,Nation,England,E92000001,acute-respiratory-infection_syndromic_NHS111triagedcalls_countsByDay,syndromic,default,all,all,2025,8,34,2025-08-19,2930,FALSE
infectious_disease,respiratory,acute-respiratory-infection,Nation,England,E92000001,acute-respiratory-infection_syndromic_NHS111triagedcalls_countsByDay,syndromic,default,all,all,2025,8,34,2025-08-20,2902,FALSE
infectious_disease,respiratory,acute-respiratory-infection,Nation,England,E92000001,acute-respiratory-infection_syndromic_NHS111triagedcalls_countsByDay,syndromic,default,all,all,2025,8,34,2025-08-21,2771,FALSE
infectious_disease,respiratory,acute-respiratory-infection,Nation,England,E92000001,acute-respiratory-infection_syndromic_NHS111triagedcalls_countsByDay,syndromic,default,all,all,2025,8,34,2025-08-22,2954,FALSE
infectious_disease,respiratory,acute-respiratory-infection,Nation,England,E92000001,acute-respiratory-infection_syndromic_NHS111triagedcalls_countsByDay,syndromic,default,all,all,2025,8,34,2025-08-23,5264,FALSE
infectious_disease,respiratory,acute-respiratory-infection,Nation,England,E92000001,acute-respiratory-infection_syndromic_NHS111triagedcalls_countsByDay,syndromic,default,all,all,2025,8,34,2025-08-24,5444,FALSE
infectious_disease,respiratory,acute-respiratory-infection,Nation,England,E92000001,acute-respiratory-infection_syndromic_NHS111triagedcalls_countsByDay,syndromic,default,all,all,2025,8,35,2025-08-25,5870,FALSE
infectious_disease,respiratory,acute-respiratory-infection,Nation,England,E92000001,acute-respiratory-infection_syndromic_NHS111triagedcalls_countsByDay,syndromic,default,all,all,2025,8,35,2025-08-26,3495,FALSE
infectious_disease,respiratory,acute-respiratory-infection,Nation,England,E92000001,acute-respiratory-infection_syndromic_NHS111triagedcalls_countsByDay,syndromic,default,all,all,2025,8,35,2025-08-27,3176,FALSE
infectious_disease,respiratory,acute-respiratory-infection,Nation,England,E92000001,acute-respiratory-infection_syndromic_NHS111triagedcalls_countsByDay,syndromic,default,all,all,2025,8,35,2025-08-28,3028,FALSE
infectious_disease,respiratory,acute-respiratory-infection,Nation,England,E92000001,acute-respiratory-infection_syndromic_NHS111triagedcalls_countsByDay,syndromic,default,all,all,2025,8,35,2025-08-29,3174,FALSE
infectious_disease,respiratory,acute-respiratory-infection,Nation,England,E92000001,acute-respiratory-infection_syndromic_NHS111triagedcalls_countsByDay,syndromic,default,all,all,2025,8,35,2025-08-30,5240,FALSE
infectious_disease,respiratory,acute-respiratory-infection,Nation,England,E92000001,acute-respiratory-infection_syndromic_NHS111triagedcalls_countsByDay,syndromic,default,all,all,2025,8,35,2025-08-31,4636,FALSE
infectious_disease,respiratory,acute-respiratory-infection,Nation,England,E92000001,acute-respiratory-infection_syndromic_NHS111triagedcalls_countsByDay,syndromic,default,all,all,2025,9,36,2025-09-01,3335,FALSE
infectious_disease,respiratory,acute-respiratory-infection,Nation,England,E92000001,acute-respiratory-infection_syndromic_NHS111triagedcalls_countsByDay,syndromic,default,all,all,2025,9,36,2025-09-02,3055,FALSE
infectious_disease,respiratory,acute-respiratory-infection,Nation,England,E92000001,acute-respiratory-infection_syndromic_NHS111triagedcalls_countsByDay,syndromic,default,all,all,2025,9,36,2025-09-03,2914,FALSE
infectious_disease,respiratory,acute-respiratory-infection,Nation,England,E92000001,acute-respiratory-infection_syndromic_NHS111triagedcalls_countsByDay,syndromic,default,all,all,2025,9,36,2025-09-04,2842,FALSE
infectious_disease,respiratory,acute-respiratory-infection,Nation,England,E92000001,acute-respiratory-infection_syndromic_NHS111triagedcalls_countsByDay,syndromic,default,all,all,2025,9,36,2025-09-05,3153,FALSE
infectious_disease,respiratory,acute-respiratory-infection,Nation,England,E92000001,acute-respiratory-infection_syndromic_NHS111triagedcalls_countsByDay,syndromic,default,all,all,2025,9,36,2025-09-06,5624,FALSE
infectious_disease,respiratory,acute-respiratory-infection,Nation,England,E92000001,acute-respiratory-infection_syndromic_NHS111triagedcalls_countsByDay,syndromic,default,all,all,2025,9,36,2025-09-07,5351,FALSE
infectious_disease,respiratory,acute-respiratory-infection,Nation,England,E92000001,acute-respiratory-infection_syndromic_NHS111triagedcalls_countsByDay,syndromic,default,all,all,2025,9,37,2025-09-08,3659,FALSE
infectious_disease,respiratory,acute-respiratory-infection,Nation,England,E92000001,acute-respiratory-infection_syndromic_NHS111triagedcalls_countsByDay,syndromic,default,all,all,2025,9,37,2025-09-09,3096,FALSE
infectious_disease,respiratory,acute-respiratory-infection,Nation,England,E92000001,acute-respiratory-infection_syndromic_NHS111triagedcalls_countsByDay,syndromic,default,all,all,2025,9,37,2025-09-10,3207,FALSE
infectious_disease,respiratory,acute-respiratory-infection,Nation,England,E92000001,acute-respiratory-infection_syndromic_NHS111triagedcalls_countsByDay,syndromic,default,all,all,2025,9,37,2025-09-11,3203,FALSE
infectious_disease,respiratory,acute-respiratory-infection,Nation,England,E92000001,acute-respiratory-infection_syndromic_NHS111triagedcalls_countsByDay,syndromic,default,all,all,2025,9,37,2025-09-12,3486,FALSE
infectious_disease,respiratory,acute-respiratory-infection,Nation,England,E92000001,acute-respiratory-infection_syndromic_NHS111triagedcalls_countsByDay,syndromic,default,all,all,2025,9,37,2025-09-13,6305,FALSE
infectious_disease,respiratory,acute-respiratory-infection,Nation,England,E92000001,acute-respiratory-infection_syndromic_NHS111triagedcalls_countsByDay,syndromic,default,all,all,2025,9,37,2025-09-14,5956,FALSE
infectious_disease,respiratory,acute-respiratory-infection,Nation,England,E92000001,acute-respiratory-infection_syndromic_NHS111triagedcalls_countsByDay,syndromic,default,all,all,2025,9,38,2025-09-15,4009,FALSE
infectious_disease,respiratory,acute-respiratory-infection,Nation,England,E92000001,acute-respiratory-infection_syndromic_NHS111triagedcalls_countsByDay,syndromic,default,all,all,2025,9,38,2025-09-16,3667,FALSE
infectious_disease,respiratory,acute-respiratory-infection,Nation,England,E92000001,acute-respiratory-infection_syndromic_NHS111triagedcalls_countsByDay,syndromic,default,all,all,2025,9,38,2025-09-17,4028,FALSE
infectious_disease,respiratory,acute-respiratory-infection,Nation,England,E92000001,acute-respiratory-infection_syndromic_NHS111triagedcalls_countsByDay,syndromic,default,all,all,2025,9,38,2025-09-18,3843,FALSE
infectious_disease,respiratory,acute-respiratory-infection,Nation,England,E92000001,acute-respiratory-infection_syndromic_NHS111triagedcalls_countsByDay,syndromic,default,all,all,2025,9,38,2025-09-19,4344,FALSE
infectious_disease,respiratory,acute-respiratory-infection,Nation,England,E92000001,acute-respiratory-infection_syndromic_NHS111triagedcalls_countsByDay,syndromic,default,all,all,2025,9,38,2025-09-20,7608,FALSE
infectious_disease,respiratory,acute-respiratory-infection,Nation,England,E92000001,acute-respiratory-infection_syndromic_NHS111triagedcalls_countsByDay,syndromic,default,all,all,2025,9,38,2025-09-21,6809,FALSE
infectious_disease,respiratory,acute-respiratory-infection,Nation,England,E92000001,acute-respiratory-infection_syndromic_NHS111triagedcalls_countsByDay,syndromic,default,all,all,2025,9,39,2025-09-22,4672,FALSE
infectious_disease,respiratory,acute-respiratory-infection,Nation,England,E92000001,acute-respiratory-infection_syndromic_NHS111triagedcalls_countsByDay,syndromic,default,all,all,2025,9,39,2025-09-23,4344,FALSE
infectious_disease,respiratory,acute-respiratory-infection,Nation,England,E92000001,acute-respiratory-infection_syndromic_NHS111triagedcalls_countsByDay,syndromic,default,all,all,2025,9,39,2025-09-24,4305,FALSE
infectious_disease,respiratory,acute-respiratory-infection,Nation,England,E92000001,acute-respiratory-infection_syndromic_NHS111triagedcalls_countsByDay,syndromic,default,all,all,2025,9,39,2025-09-25,4085,FALSE
infectious_disease,respiratory,acute-respiratory-infection,Nation,England,E92000001,acute-respiratory-infection_syndromic_NHS111triagedcalls_countsByDay,syndromic,default,all,all,2025,9,39,2025-09-26,4309,FALSE
infectious_disease,respiratory,acute-respiratory-infection,Nation,England,E92000001,acute-respiratory-infection_syndromic_NHS111triagedcalls_countsByDay,syndromic,default,all,all,2025,9,39,2025-09-27,8169,FALSE
infectious_disease,respiratory,acute-respiratory-infection,Nation,England,E92000001,acute-respiratory-infection_syndromic_NHS111triagedcalls_countsByDay,syndromic,default,all,all,2025,9,39,2025-09-28,7617,FALSE
infectious_disease,respiratory,acute-respiratory-infection,Nation,England,E92000001,acute-respiratory-infection_syndromic_NHS111triagedcalls_countsByDay,syndromic,default,all,all,2025,9,40,2025-09-29,5214,FALSE
infectious_disease,respiratory,acute-respiratory-infection,Nation,England,E92000001,acute-respiratory-infection_syndromic_NHS111triagedcalls_countsByDay,syndromic,default,all,all,2025,9,40,2025-09-30,4687,FALSE
infectious_disease,respiratory,acute-respiratory-infection,Nation,England,E92000001,acute-respiratory-infection_syndromic_NHS111triagedcalls_countsByDay,syndromic,default,all,all,2025,10,40,2025-10-01,4670,FALSE
infectious_disease,respiratory,acute-respiratory-infection,Nation,England,E92000001,acute-respiratory-infection_syndromic_NHS111triagedcalls_countsByDay,syndromic,default,all,all,2025,10,40,2025-10-02,4768,FALSE
infectious_disease,respiratory,acute-respiratory-infection,Nation,England,E92000001,acute-respiratory-infection_syndromic_NHS111triagedcalls_countsByDay,syndromic,default,all,all,2025,10,40,2025-10-03,4735,FALSE
infectious_disease,respiratory,acute-respiratory-infection,Nation,England,E92000001,acute-respiratory-infection_syndromic_NHS111triagedcalls_countsByDay,syndromic,default,all,all,2025,10,40,2025-10-04,8627,FALSE
infectious_disease,respiratory,acute-respiratory-infection,Nation,England,E92000001,acute-respiratory-infection_syndromic_NHS111triagedcalls_countsByDay,syndromic,default,all,all,2025,10,40,2025-10-05,8143,FALSE
infectious_disease,respiratory,acute-respiratory-infection,Nation,England,E92000001,acute-respiratory-infection_syndromic_NHS111triagedcalls_countsByDay,syndromic,default,all,all,2025,10,41,2025-10-06,5645,FALSE
infectious_disease,respiratory,acute-respiratory-infection,Nation,England,E92000001,acute-respiratory-infection_syndromic_NHS111triagedcalls_countsByDay,syndromic,default,all,all,2025,10,41,2025-10-07,5090,FALSE
infectious_disease,respiratory,acute-respiratory-infection,Nation,England,E92000001,acute-respiratory-infection_syndromic_NHS111triagedcalls_countsByDay,syndromic,default,all,all,2025,10,41,2025-10-08,5117,FALSE
infectious_disease,respiratory,acute-respiratory-infection,Nation,England,E92000001,acute-respiratory-infection_syndromic_NHS111triagedcalls_countsByDay,syndromic,default,all,all,2025,10,41,2025-10-09,4722,FALSE
infectious_disease,respiratory,acute-respiratory-infection,Nation,England,E92000001,acute-respiratory-infection_syndromic_NHS111triagedcalls_countsByDay,syndromic,default,all,all,2025,10,41,2025-10-10,4957,FALSE
infectious_disease,respiratory,acute-respiratory-infection,Nation,England,E92000001,acute-respiratory-infection_syndromic_NHS111triagedcalls_countsByDay,syndromic,default,all,all,2025,10,41,2025-10-11,9004,FALSE
infectious_disease,respiratory,acute-respiratory-infection,Nation,England,E92000001,acute-respiratory-infection_syndromic_NHS111triagedcalls_countsByDay,syndromic,default,all,all,2025,10,41,2025-10-12,8411,FALSE
infectious_disease,respiratory,acute-respiratory-infection,Nation,England,E92000001,acute-respiratory-infection_syndromic_NHS111triagedcalls_countsByDay,syndromic,default,all,all,2025,10,42,2025-10-13,6075,FALSE
infectious_disease,respiratory,acute-respiratory-infection,Nation,England,E92000001,acute-respiratory-infection_syndromic_NHS111triagedcalls_countsByDay,syndromic,default,all,all,2025,10,42,2025-10-14,5250,FALSE
infectious_disease,respiratory,acute-respiratory-infection,Nation,England,E92000001,acute-respiratory-infection_syndromic_NHS111triagedcalls_countsByDay,syndromic,default,all,all,2025,10,42,2025-10-15,5038,FALSE
infectious_disease,respiratory,acute-respiratory-infection,Nation,England,E92000001,acute-respiratory-infection_syndromic_NHS111triagedcalls_countsByDay,syndromic,default,all,all,2025,10,42,2025-10-16,4929,FALSE
infectious_disease,respiratory,acute-respiratory-infection,Nation,England,E92000001,acute-respiratory-infection_syndromic_NHS111triagedcalls_countsByDay,syndromic,default,all,all,2025,10,42,2025-10-17,5284,FALSE
infectious_disease,respiratory,acute-respiratory-infection,Nation,England,E92000001,acute-respiratory-infection_syndromic_NHS111triagedcalls_countsByDay,syndromic,default,all,all,2025,10,42,2025-10-18,9418,FALSE
infectious_disease,respiratory,acute-respiratory-infection,Nation,England,E92000001,acute-respiratory-infection_syndromic_NHS111triagedcalls_countsByDay,syndromic,default,all,all,2025,10,42,2025-10-19,8770,FALSE
infectious_disease,respiratory,acute-respiratory-infection,Nation,England,E92000001,acute-respiratory-infection_syndromic_NHS111triagedcalls_countsByDay,syndromic,default,all,all,2025,10,43,2025-10-20,6415,FALSE
infectious_disease,respiratory,acute-respiratory-infection,Nation,England,E92000001,acute-respiratory-infection_syndromic_NHS111triagedcalls_countsByDay,syndromic,default,all,all,2025,10,43,2025-10-21,5493,FALSE
infectious_disease,respiratory,acute-respiratory-infection,Nation,England,E92000001,acute-respiratory-infection_syndromic_NHS111triagedcalls_countsByDay,syndromic,default,all,all,2025,10,43,2025-10-22,5362,FALSE
infectious_disease,respiratory,acute-respiratory-infection,Nation,England,E92000001,acute-respiratory-infection_syndromic_NHS111triagedcalls_countsByDay,syndromic,default,all,all,2025,10,43,2025-10-23,5021,FALSE
infectious_disease,respiratory,acute-respiratory-infection,Nation,England,E92000001,acute-respiratory-infection_syndromic_NHS111triagedcalls_countsByDay,syndromic,default,all,all,2025,10,43,2025-10-24,5075,FALSE
infectious_disease,respiratory,acute-respiratory-infection,Nation,England,E92000001,acute-respiratory-infection_syndromic_NHS111triagedcalls_countsByDay,syndromic,default,all,all,2025,10,43,2025-10-25,9568,FALSE
infectious_disease,respiratory,acute-respiratory-infection,Nation,England,E92000001,acute-respiratory-infection_syndromic_NHS111triagedcalls_countsByDay,syndromic,default,all,all,2025,10,43,2025-10-26,8736,FALSE
infectious_disease,respiratory,acute-respiratory-infection,Nation,England,E92000001,acute-respiratory-infection_syndromic_NHS111triagedcalls_countsByDay,syndromic,default,all,all,2025,10,44,2025-10-27,6234,FALSE
infectious_disease,respiratory,acute-respiratory-infection,Nation,England,E92000001,acute-respiratory-infection_syndromic_NHS111triagedcalls_countsByDay,syndromic,default,all,all,2025,10,44,2025-10-28,5458,FALSE
infectious_disease,respiratory,acute-respiratory-infection,Nation,England,E92000001,acute-respiratory-infection_syndromic_NHS111triagedcalls_countsByDay,syndromic,default,all,all,2025,10,44,2025-10-29,5388,FALSE
infectious_disease,respiratory,acute-respiratory-infection,Nation,England,E92000001,acute-respiratory-infection_syndromic_NHS111triagedcalls_countsByDay,syndromic,default,all,all,2025,10,44,2025-10-30,5025,FALSE
infectious_disease,respiratory,acute-respiratory-infection,Nation,England,E92000001,acute-respiratory-infection_syndromic_NHS111triagedcalls_countsByDay,syndromic,default,all,all,2025,10,44,2025-10-31,5045,FALSE
infectious_disease,respiratory,acute-respiratory-infection,Nation,England,E92000001,acute-respiratory-infection_syndromic_NHS111triagedcalls_countsByDay,syndromic,default,all,all,2025,11,44,2025-11-01,9577,FALSE
infectious_disease,respiratory,acute-respiratory-infection,Nation,England,E92000001,acute-respiratory-infection_syndromic_NHS111triagedcalls_countsByDay,syndromic,default,all,all,2025,11,44,2025-11-02,9038,FALSE
infectious_disease,respiratory,acute-respiratory-infection,Nation,England,E92000001,acute-respiratory-infection_syndromic_NHS111triagedcalls_countsByDay,syndromic,default,all,all,2025,11,45,2025-11-03,6261,FALSE
infectious_disease,respiratory,acute-respiratory-infection,Nation,England,E92000001,acute-respiratory-infection_syndromic_NHS111triagedcalls_countsByDay,syndromic,default,all,all,2025,11,45,2025-11-04,5624,FALSE
infectious_disease,respiratory,acute-respiratory-infection,Nation,England,E92000001,acute-respiratory-infection_syndromic_NHS111triagedcalls_countsByDay,syndromic,default,all,all,2025,11,45,2025-11-05,5308,FALSE
infectious_disease,respiratory,acute-respiratory-infection,Nation,England,E92000001,acute-respiratory-infection_syndromic_NHS111triagedcalls_countsByDay,syndromic,default,all,all,2025,11,45,2025-11-06,5315,FALSE
infectious_disease,respiratory,acute-respiratory-infection,Nation,England,E92000001,acute-respiratory-infection_syndromic_NHS111triagedcalls_countsByDay,syndromic,default,all,all,2025,11,45,2025-11-07,5559,FALSE
infectious_disease,respiratory,acute-respiratory-infection,Nation,England,E92000001,acute-respiratory-infection_syndromic_NHS111triagedcalls_countsByDay,syndromic,default,all,all,2025,11,45,2025-11-08,9777,FALSE
infectious_disease,respiratory,acute-respiratory-infection,Nation,England,E92000001,acute-respiratory-infection_syndromic_NHS111triagedcalls_countsByDay,syndromic,default,all,all,2025,11,45,2025-11-09,9125,FALSE
infectious_disease,respiratory,acute-respiratory-infection,Nation,England,E92000001,acute-respiratory-infection_syndromic_NHS111triagedcalls_countsByDay,syndromic,default,all,all,2025,11,46,2025-11-10,6464,FALSE
infectious_disease,respiratory,acute-respiratory-infection,Nation,England,E92000001,acute-respiratory-infection_syndromic_NHS111triagedcalls_countsByDay,syndromic,default,all,all,2025,11,46,2025-11-11,5707,FALSE
infectious_disease,respiratory,acute-respiratory-infection,Nation,England,E92000001,acute-respiratory-infection_syndromic_NHS111triagedcalls_countsByDay,syndromic,default,all,all,2025,11,46,2025-11-12,5818,FALSE
infectious_disease,respiratory,acute-respiratory-infection,Nation,England,E92000001,acute-respiratory-infection_syndromic_NHS111triagedcalls_countsByDay,syndromic,default,all,all,2025,11,46,2025-11-13,5499,FALSE
infectious_disease,respiratory,acute-respiratory-infection,Nation,England,E92000001,acute-respiratory-infection_syndromic_NHS111triagedcalls_countsByDay,syndromic,default,all,all,2025,11,46,2025-11-14,5565,FALSE
infectious_disease,respiratory,acute-respiratory-infection,Nation,England,E92000001,acute-respiratory-infection_syndromic_NHS111triagedcalls_countsByDay,syndromic,default,all,all,2025,11,46,2025-11-15,10659,FALSE
infectious_disease,respiratory,acute-respiratory-infection,Nation,England,E92000001,acute-respiratory-infection_syndromic_NHS111triagedcalls_countsByDay,syndromic,default,all,all,2025,11,46,2025-11-16,10413,FALSE
infectious_disease,respiratory,acute-respiratory-infection,Nation,England,E92000001,acute-respiratory-infection_syndromic_NHS111triagedcalls_countsByDay,syndromic,default,all,all,2025,11,47,2025-11-17,6961,FALSE
infectious_disease,respiratory,acute-respiratory-infection,Nation,England,E92000001,acute-respiratory-infection_syndromic_NHS111triagedcalls_countsByDay,syndromic,default,all,all,2025,11,47,2025-11-18,6020,FALSE
infectious_disease,respiratory,acute-respiratory-infection,Nation,England,E92000001,acute-respiratory-infection_syndromic_NHS111triagedcalls_countsByDay,syndromic,default,all,all,2025,11,47,2025-11-19,5744,FALSE
infectious_disease,respiratory,acute-respiratory-infection,Nation,England,E92000001,acute-respiratory-infection_syndromic_NHS111triagedcalls_countsByDay,syndromic,default,all,all,2025,11,47,2025-11-20,5726,FALSE
infectious_disease,respiratory,acute-respiratory-infection,Nation,England,E92000001,acute-respiratory-infection_syndromic_NHS111triagedcalls_countsByDay,syndromic,default,all,all,2025,11,47,2025-11-21,6032,FALSE
infectious_disease,respiratory,acute-respiratory-infection,Nation,England,E92000001,acute-respiratory-infection_syndromic_NHS111triagedcalls_countsByDay,syndromic,default,all,all,2025,11,47,2025-11-22,12034,FALSE
infectious_disease,respiratory,acute-respiratory-infection,Nation,England,E92000001,acute-respiratory-infection_syndromic_NHS111triagedcalls_countsByDay,syndromic,default,all,all,2025,11,47,2025-11-23,12505,FALSE
infectious_disease,respiratory,acute-respiratory-infection,Nation,England,E92000001,acute-respiratory-infection_syndromic_NHS111triagedcalls_countsByDay,syndromic,default,all,all,2025,11,48,2025-11-24,8534,FALSE
infectious_disease,respiratory,acute-respiratory-infection,Nation,England,E92000001,acute-respiratory-infection_syndromic_NHS111triagedcalls_countsByDay,syndromic,default,all,all,2025,11,48,2025-11-25,7559,FALSE
infectious_disease,respiratory,acute-respiratory-infection,Nation,England,E92000001,acute-respiratory-infection_syndromic_NHS111triagedcalls_countsByDay,syndromic,default,all,all,2025,11,48,2025-11-26,7437,FALSE
infectious_disease,respiratory,acute-respiratory-infection,Nation,England,E92000001,acute-respiratory-infection_syndromic_NHS111triagedcalls_countsByDay,syndromic,default,all,all,2025,11,48,2025-11-27,7683,FALSE
infectious_disease,respiratory,acute-respiratory-infection,Nation,England,E92000001,acute-respiratory-infection_syndromic_NHS111triagedcalls_countsByDay,syndromic,default,all,all,2025,11,48,2025-11-28,7786,FALSE
infectious_disease,respiratory,acute-respiratory-infection,Nation,England,E92000001,acute-respiratory-infection_syndromic_NHS111triagedcalls_countsByDay,syndromic,default,all,all,2025,11,48,2025-11-29,14636,FALSE
infectious_disease,respiratory,acute-respiratory-infection,Nation,England,E92000001,acute-respiratory-infection_syndromic_NHS111triagedcalls_countsByDay,syndromic,default,all,all,2025,11,48,2025-11-30,14137,FALSE
infectious_disease,respiratory,acute-respiratory-infection,Nation,England,E92000001,acute-respiratory-infection_syndromic_NHS111triagedcalls_countsByDay,syndromic,default,all,all,2025,12,49,2025-12-01,9832,FALSE
infectious_disease,respiratory,acute-respiratory-infection,Nation,England,E92000001,acute-respiratory-infection_syndromic_NHS111triagedcalls_countsByDay,syndromic,default,all,all,2025,12,49,2025-12-02,8675,FALSE
infectious_disease,respiratory,acute-respiratory-infection,Nation,England,E92000001,acute-respiratory-infection_syndromic_NHS111triagedcalls_countsByDay,syndromic,default,all,all,2025,12,49,2025-12-03,8621,FALSE
infectious_disease,respiratory,acute-respiratory-infection,Nation,England,E92000001,acute-respiratory-infection_syndromic_NHS111triagedcalls_countsByDay,syndromic,default,all,all,2025,12,49,2025-12-04,8251,FALSE
infectious_disease,respiratory,acute-respiratory-infection,Nation,England,E92000001,acute-respiratory-infection_syndromic_NHS111triagedcalls_countsByDay,syndromic,default,all,all,2025,12,49,2025-12-05,8290,FALSE
infectious_disease,respiratory,acute-respiratory-infection,Nation,England,E92000001,acute-respiratory-infection_syndromic_NHS111triagedcalls_countsByDay,syndromic,default,all,all,2025,12,49,2025-12-06,15582,FALSE
infectious_disease,respiratory,acute-respiratory-infection,Nation,England,E92000001,acute-respiratory-infection_syndromic_NHS111triagedcalls_countsByDay,syndromic,default,all,all,2025,12,49,2025-12-07,15227,FALSE
infectious_disease,respiratory,acute-respiratory-infection,Nation,England,E92000001,acute-respiratory-infection_syndromic_NHS111triagedcalls_countsByDay,syndromic,default,all,all,2025,12,50,2025-12-08,10655,FALSE
infectious_disease,respiratory,acute-respiratory-infection,Nation,England,E92000001,acute-respiratory-infection_syndromic_NHS111triagedcalls_countsByDay,syndromic,default,all,all,2025,12,50,2025-12-09,9117,FALSE
infectious_disease,respiratory,acute-respiratory-infection,Nation,England,E92000001,acute-respiratory-infection_syndromic_NHS111triagedcalls_countsByDay,syndromic,default,all,all,2025,12,50,2025-12-10,8510,FALSE
infectious_disease,respiratory,acute-respiratory-infection,Nation,England,E92000001,acute-respiratory-infection_syndromic_NHS111triagedcalls_countsByDay,syndromic,default,all,all,2025,12,50,2025-12-11,8212,FALSE
infectious_disease,respiratory,acute-respiratory-infection,Nation,England,E92000001,acute-respiratory-infection_syndromic_NHS111triagedcalls_countsByDay,syndromic,default,all,all,2025,12,50,2025-12-12,8291,FALSE
infectious_disease,respiratory,acute-respiratory-infection,Nation,England,E92000001,acute-respiratory-infection_syndromic_NHS111triagedcalls_countsByDay,syndromic,default,all,all,2025,12,50,2025-12-13,14492,FALSE
infectious_disease,respiratory,acute-respiratory-infection,Nation,England,E92000001,acute-respiratory-infection_syndromic_NHS111triagedcalls_countsByDay,syndromic,default,all,all,2025,12,50,2025-12-14,14310,FALSE
infectious_disease,respiratory,acute-respiratory-infection,Nation,England,E92000001,acute-respiratory-infection_syndromic_NHS111triagedcalls_countsByDay,syndromic,default,all,all,2025,12,51,2025-12-15,9733,FALSE
infectious_disease,respiratory,acute-respiratory-infection,Nation,England,E92000001,acute-respiratory-infection_syndromic_NHS111triagedcalls_countsByDay,syndromic,default,all,all,2025,12,51,2025-12-16,8509,FALSE
infectious_disease,respiratory,acute-respiratory-infection,Nation,England,E92000001,acute-respiratory-infection_syndromic_NHS111triagedcalls_countsByDay,syndromic,default,all,all,2025,12,51,2025-12-17,7627,FALSE
infectious_disease,respiratory,acute-respiratory-infection,Nation,England,E92000001,acute-respiratory-infection_syndromic_NHS111triagedcalls_countsByDay,syndromic,default,all,all,2025,12,51,2025-12-18,7468,FALSE
infectious_disease,respiratory,acute-respiratory-infection,Nation,England,E92000001,acute-respiratory-infection_syndromic_NHS111triagedcalls_countsByDay,syndromic,default,all,all,2025,12,51,2025-12-19,7631,FALSE
infectious_disease,respiratory,acute-respiratory-infection,Nation,England,E92000001,acute-respiratory-infection_syndromic_NHS111triagedcalls_countsByDay,syndromic,default,all,all,2025,12,51,2025-12-20,15302,FALSE
infectious_disease,respiratory,acute-respiratory-infection,Nation,England,E92000001,acute-respiratory-infection_syndromic_NHS111triagedcalls_countsByDay,syndromic,default,all,all,2025,12,51,2025-12-21,14837,FALSE
infectious_disease,respiratory,acute-respiratory-infection,Nation,England,E92000001,acute-respiratory-infection_syndromic_NHS111triagedcalls_countsByDay,syndromic,default,all,all,2025,12,52,2025-12-22,9694,FALSE
infectious_disease,respiratory,acute-respiratory-infection,Nation,England,E92000001,acute-respiratory-infection_syndromic_NHS111triagedcalls_countsByDay,syndromic,default,all,all,2025,12,52,2025-12-23,7802,FALSE
infectious_disease,respiratory,acute-respiratory-infection,Nation,England,E92000001,acute-respiratory-infection_syndromic_NHS111triagedcalls_countsByDay,syndromic,default,all,all,2025,12,52,2025-12-24,6388,FALSE
infectious_disease,respiratory,acute-respiratory-infection,Nation,England,E92000001,acute-respiratory-infection_syndromic_NHS111triagedcalls_countsByDay,syndromic,default,all,all,2025,12,52,2025-12-25,7676,FALSE
infectious_disease,respiratory,acute-respiratory-infection,Nation,England,E92000001,acute-respiratory-infection_syndromic_NHS111triagedcalls_countsByDay,syndromic,default,all,all,2025,12,52,2025-12-26,17716,FALSE
infectious_disease,respiratory,acute-respiratory-infection,Nation,England,E92000001,acute-respiratory-infection_syndromic_NHS111triagedcalls_countsByDay,syndromic,default,all,all,2025,12,52,2025-12-27,20191,FALSE
infectious_disease,respiratory,acute-respiratory-infection,Nation,England,E92000001,acute-respiratory-infection_syndromic_NHS111triagedcalls_countsByDay,syndromic,default,all,all,2025,12,52,2025-12-28,16594,FALSE
infectious_disease,respiratory,acute-respiratory-infection,Nation,England,E92000001,acute-respiratory-infection_syndromic_NHS111triagedcalls_countsByDay,syndromic,default,all,all,2025,12,1,2025-12-29,9706,FALSE
infectious_disease,respiratory,acute-respiratory-infection,Nation,England,E92000001,acute-respiratory-infection_syndromic_NHS111triagedcalls_countsByDay,syndromic,default,all,all,2025,12,1,2025-12-30,7439,FALSE
infectious_disease,respiratory,acute-respiratory-infection,Nation,England,E92000001,acute-respiratory-infection_syndromic_NHS111triagedcalls_countsByDay,syndromic,default,all,all,2025,12,1,2025-12-31,6170,FALSE
infectious_disease,respiratory,acute-respiratory-infection,Nation,England,E92000001,acute-respiratory-infection_syndromic_NHS111triagedcalls_countsByDay,syndromic,default,all,all,2026,1,1,2026-01-01,11226,FALSE
infectious_disease,respiratory,acute-respiratory-infection,Nation,England,E92000001,acute-respiratory-infection_syndromic_NHS111triagedcalls_countsByDay,syndromic,default,all,all,2026,1,1,2026-01-02,8411,FALSE
infectious_disease,respiratory,acute-respiratory-infection,Nation,England,E92000001,acute-respiratory-infection_syndromic_NHS111triagedcalls_countsByDay,syndromic,default,all,all,2026,1,1,2026-01-03,14730,FALSE
infectious_disease,respiratory,acute-respiratory-infection,Nation,England,E92000001,acute-respiratory-infection_syndromic_NHS111triagedcalls_countsByDay,syndromic,default,all,all,2026,1,1,2026-01-04,12673,FALSE
infectious_disease,respiratory,acute-respiratory-infection,Nation,England,E92000001,acute-respiratory-infection_syndromic_NHS111triagedcalls_countsByDay,syndromic,default,all,all,2026,1,2,2026-01-05,7629,FALSE
infectious_disease,respiratory,acute-respiratory-infection,Nation,England,E92000001,acute-respiratory-infection_syndromic_NHS111triagedcalls_countsByDay,syndromic,default,all,all,2026,1,2,2026-01-06,6263,FALSE
infectious_disease,respiratory,acute-respiratory-infection,Nation,England,E92000001,acute-respiratory-infection_syndromic_NHS111triagedcalls_countsByDay,syndromic,default,all,all,2026,1,2,2026-01-07,6212,FALSE
infectious_disease,respiratory,acute-respiratory-infection,Nation,England,E92000001,acute-respiratory-infection_syndromic_NHS111triagedcalls_countsByDay,syndromic,default,all,all,2026,1,2,2026-01-08,5867,FALSE
infectious_disease,respiratory,acute-respiratory-infection,Nation,England,E92000001,acute-respiratory-infection_syndromic_NHS111triagedcalls_countsByDay,syndromic,default,all,all,2026,1,2,2026-01-09,6194,FALSE
infectious_disease,respiratory,acute-respiratory-infection,Nation,England,E92000001,acute-respiratory-infection_syndromic_NHS111triagedcalls_countsByDay,syndromic,default,all,all,2026,1,2,2026-01-10,11362,FALSE
infectious_disease,respiratory,acute-respiratory-infection,Nation,England,E92000001,acute-respiratory-infection_syndromic_NHS111triagedcalls_countsByDay,syndromic,default,all,all,2026,1,2,2026-01-11,10212,FALSE
infectious_disease,respiratory,acute-respiratory-infection,Nation,England,E92000001,acute-respiratory-infection_syndromic_NHS111triagedcalls_countsByDay,syndromic,default,all,all,2026,1,3,2026-01-12,6731,FALSE
infectious_disease,respiratory,acute-respiratory-infection,Nation,England,E92000001,acute-respiratory-infection_syndromic_NHS111triagedcalls_countsByDay,syndromic,default,all,all,2026,1,3,2026-01-13,5717,FALSE
infectious_disease,respiratory,acute-respiratory-infection,Nation,England,E92000001,acute-respiratory-infection_syndromic_NHS111triagedcalls_countsByDay,syndromic,default,all,all,2026,1,3,2026-01-14,5358,FALSE
infectious_disease,respiratory,acute-respiratory-infection,Nation,England,E92000001,acute-respiratory-infection_syndromic_NHS111triagedcalls_countsByDay,syndromic,default,all,all,2026,1,3,2026-01-15,5157,FALSE
infectious_disease,respiratory,acute-respiratory-infection,Nation,England,E92000001,acute-respiratory-infection_syndromic_NHS111triagedcalls_countsByDay,syndromic,default,all,all,2026,1,3,2026-01-16,5578,FALSE
infectious_disease,respiratory,acute-respiratory-infection,Nation,England,E92000001,acute-respiratory-infection_syndromic_NHS111triagedcalls_countsByDay,syndromic,default,all,all,2026,1,3,2026-01-17,10404,FALSE
infectious_disease,respiratory,acute-respiratory-infection,Nation,England,E92000001,acute-respiratory-infection_syndromic_NHS111triagedcalls_countsByDay,syndromic,default,all,all,2026,1,3,2026-01-18,9784,FALSE
infectious_disease,respiratory,acute-respiratory-infection,Nation,England,E92000001,acute-respiratory-infection_syndromic_NHS111triagedcalls_countsByDay,syndromic,default,all,all,2026,1,4,2026-01-19,6760,FALSE
infectious_disease,respiratory,acute-respiratory-infection,Nation,England,E92000001,acute-respiratory-infection_syndromic_NHS111triagedcalls_countsByDay,syndromic,default,all,all,2026,1,4,2026-01-20,5641,FALSE
infectious_disease,respiratory,acute-respiratory-infection,Nation,England,E92000001,acute-respiratory-infection_syndromic_NHS111triagedcalls_countsByDay,syndromic,default,all,all,2026,1,4,2026-01-21,5334,FALSE
infectious_disease,respiratory,acute-respiratory-infection,Nation,England,E92000001,acute-respiratory-infection_syndromic_NHS111triagedcalls_countsByDay,syndromic,default,all,all,2026,1,4,2026-01-22,5198,FALSE
infectious_disease,respiratory,acute-respiratory-infection,Nation,England,E92000001,acute-respiratory-infection_syndromic_NHS111triagedcalls_countsByDay,syndromic,default,all,all,2026,1,4,2026-01-23,5615,FALSE
infectious_disease,respiratory,acute-respiratory-infection,Nation,England,E92000001,acute-respiratory-infection_syndromic_NHS111triagedcalls_countsByDay,syndromic,default,all,all,2026,1,4,2026-01-24,10529,FALSE
infectious_disease,respiratory,acute-respiratory-infection,Nation,England,E92000001,acute-respiratory-infection_syndromic_NHS111triagedcalls_countsByDay,syndromic,default,all,all,2026,1,4,2026-01-25,9837,FALSE
infectious_disease,respiratory,acute-respiratory-infection,Nation,England,E92000001,acute-respiratory-infection_syndromic_NHS111triagedcalls_countsByDay,syndromic,default,all,all,2026,1,5,2026-01-26,6525,FALSE
infectious_disease,respiratory,acute-respiratory-infection,Nation,England,E92000001,acute-respiratory-infection_syndromic_NHS111triagedcalls_countsByDay,syndromic,default,all,all,2026,1,5,2026-01-27,5520,FALSE
infectious_disease,respiratory,acute-respiratory-infection,Nation,England,E92000001,acute-respiratory-infection_syndromic_NHS111triagedcalls_countsByDay,syndromic,default,all,all,2026,1,5,2026-01-28,5414,FALSE
infectious_disease,respiratory,acute-respiratory-infection,Nation,England,E92000001,acute-respiratory-infection_syndromic_NHS111triagedcalls_countsByDay,syndromic,default,all,all,2026,1,5,2026-01-29,5300,FALSE
infectious_disease,respiratory,acute-respiratory-infection,Nation,England,E92000001,acute-respiratory-infection_syndromic_NHS111triagedcalls_countsByDay,syndromic,default,all,all,2026,1,5,2026-01-30,5613,FALSE
infectious_disease,respiratory,acute-respiratory-infection,Nation,England,E92000001,acute-respiratory-infection_syndromic_NHS111triagedcalls_countsByDay,syndromic,default,all,all,2026,1,5,2026-01-31,10340,FALSE
infectious_disease,respiratory,acute-respiratory-infection,Nation,England,E92000001,acute-respiratory-infection_syndromic_NHS111triagedcalls_countsByDay,syndromic,default,all,all,2026,2,5,2026-02-01,9948,FALSE
infectious_disease,respiratory,acute-respiratory-infection,Nation,England,E92000001,acute-respiratory-infection_syndromic_NHS111triagedcalls_countsByDay,syndromic,default,all,all,2026,2,6,2026-02-02,6634,FALSE
infectious_disease,respiratory,acute-respiratory-infection,Nation,England,E92000001,acute-respiratory-infection_syndromic_NHS111triagedcalls_countsByDay,syndromic,default,all,all,2026,2,6,2026-02-03,5662,FALSE
infectious_disease,respiratory,acute-respiratory-infection,Nation,England,E92000001,acute-respiratory-infection_syndromic_NHS111triagedcalls_countsByDay,syndromic,default,all,all,2026,2,6,2026-02-04,5620,FALSE
infectious_disease,respiratory,acute-respiratory-infection,Nation,England,E92000001,acute-respiratory-infection_syndromic_NHS111triagedcalls_countsByDay,syndromic,default,all,all,2026,2,6,2026-02-05,5326,FALSE
infectious_disease,respiratory,acute-respiratory-infection,Nation,England,E92000001,acute-respiratory-infection_syndromic_NHS111triagedcalls_countsByDay,syndromic,default,all,all,2026,2,6,2026-02-06,5627,FALSE
infectious_disease,respiratory,acute-respiratory-infection,Nation,England,E92000001,acute-respiratory-infection_syndromic_NHS111triagedcalls_countsByDay,syndromic,default,all,all,2026,2,6,2026-02-07,10929,FALSE
infectious_disease,respiratory,acute-respiratory-infection,Nation,England,E92000001,acute-respiratory-infection_syndromic_NHS111triagedcalls_countsByDay,syndromic,default,all,all,2026,2,6,2026-02-08,10090,FALSE
infectious_disease,respiratory,acute-respiratory-infection,Nation,England,E92000001,acute-respiratory-infection_syndromic_NHS111triagedcalls_countsByDay,syndromic,default,all,all,2026,2,7,2026-02-09,6682,FALSE
infectious_disease,respiratory,acute-respiratory-infection,Nation,England,E92000001,acute-respiratory-infection_syndromic_NHS111triagedcalls_countsByDay,syndromic,default,all,all,2026,2,7,2026-02-10,5748,FALSE
infectious_disease,respiratory,acute-respiratory-infection,Nation,England,E92000001,acute-respiratory-infection_syndromic_NHS111triagedcalls_countsByDay,syndromic,default,all,all,2026,2,7,2026-02-11,5552,FALSE
infectious_disease,respiratory,acute-respiratory-infection,Nation,England,E92000001,acute-respiratory-infection_syndromic_NHS111triagedcalls_countsByDay,syndromic,default,all,all,2026,2,7,2026-02-12,5098,FALSE
infectious_disease,respiratory,acute-respiratory-infection,Nation,England,E92000001,acute-respiratory-infection_syndromic_NHS111triagedcalls_countsByDay,syndromic,default,all,all,2026,2,7,2026-02-13,5304,FALSE
infectious_disease,respiratory,acute-respiratory-infection,Nation,England,E92000001,acute-respiratory-infection_syndromic_NHS111triagedcalls_countsByDay,syndromic,default,all,all,2026,2,7,2026-02-14,9489,FALSE
infectious_disease,respiratory,acute-respiratory-infection,Nation,England,E92000001,acute-respiratory-infection_syndromic_NHS111triagedcalls_countsByDay,syndromic,default,all,all,2026,2,7,2026-02-15,9245,FALSE
infectious_disease,respiratory,acute-respiratory-infection,Nation,England,E92000001,acute-respiratory-infection_syndromic_NHS111triagedcalls_countsByDay,syndromic,default,all,all,2026,2,8,2026-02-16,6032,FALSE
infectious_disease,respiratory,acute-respiratory-infection,Nation,England,E92000001,acute-respiratory-infection_syndromic_NHS111triagedcalls_countsByDay,syndromic,default,all,all,2026,2,8,2026-02-17,4890,FALSE
infectious_disease,respiratory,acute-respiratory-infection,Nation,England,E92000001,acute-respiratory-infection_syndromic_NHS111triagedcalls_countsByDay,syndromic,default,all,all,2026,2,8,2026-02-18,4941,FALSE
infectious_disease,respiratory,acute-respiratory-infection,Nation,England,E92000001,acute-respiratory-infection_syndromic_NHS111triagedcalls_countsByDay,syndromic,default,all,all,2026,2,8,2026-02-19,4757,FALSE
infectious_disease,respiratory,acute-respiratory-infection,Nation,England,E92000001,acute-respiratory-infection_syndromic_NHS111triagedcalls_countsByDay,syndromic,default,all,all,2026,2,8,2026-02-20,5304,FALSE
infectious_disease,respiratory,acute-respiratory-infection,Nation,England,E92000001,acute-respiratory-infection_syndromic_NHS111triagedcalls_countsByDay,syndromic,default,all,all,2026,2,8,2026-02-21,9959,FALSE
infectious_disease,respiratory,acute-respiratory-infection,Nation,England,E92000001,acute-respiratory-infection_syndromic_NHS111triagedcalls_countsByDay,syndromic,default,all,all,2026,2,8,2026-02-22,9040,FALSE
infectious_disease,respiratory,acute-respiratory-infection,Nation,England,E92000001,acute-respiratory-infection_syndromic_NHS111triagedcalls_countsByDay,syndromic,default,all,all,2026,2,9,2026-02-23,5729,FALSE
infectious_disease,respiratory,acute-respiratory-infection,Nation,England,E92000001,acute-respiratory-infection_syndromic_NHS111triagedcalls_countsByDay,syndromic,default,all,all,2026,2,9,2026-02-24,5045,FALSE
infectious_disease,respiratory,acute-respiratory-infection,Nation,England,E92000001,acute-respiratory-infection_syndromic_NHS111triagedcalls_countsByDay,syndromic,default,all,all,2026,2,9,2026-02-25,4834,FALSE
infectious_disease,respiratory,acute-respiratory-infection,Nation,England,E92000001,acute-respiratory-infection_syndromic_NHS111triagedcalls_countsByDay,syndromic,default,all,all,2026,2,9,2026-02-26,4684,FALSE
infectious_disease,respiratory,acute-respiratory-infection,Nation,England,E92000001,acute-respiratory-infection_syndromic_NHS111triagedcalls_countsByDay,syndromic,default,all,all,2026,2,9,2026-02-27,4726,FALSE
infectious_disease,respiratory,acute-respiratory-infection,Nation,England,E92000001,acute-respiratory-infection_syndromic_NHS111triagedcalls_countsByDay,syndromic,default,all,all,2026,2,9,2026-02-28,9068,FALSE
infectious_disease,respiratory,acute-respiratory-infection,Nation,England,E92000001,acute-respiratory-infection_syndromic_NHS111triagedcalls_countsByDay,syndromic,default,all,all,2026,3,9,2026-03-01,8278,FALSE
infectious_disease,respiratory,acute-respiratory-infection,Nation,England,E92000001,acute-respiratory-infection_syndromic_NHS111triagedcalls_countsByDay,syndromic,default,all,all,2026,3,10,2026-03-02,5319,FALSE
infectious_disease,respiratory,acute-respiratory-infection,Nation,England,E92000001,acute-respiratory-infection_syndromic_NHS111triagedcalls_countsByDay,syndromic,default,all,all,2026,3,10,2026-03-03,4629,FALSE
infectious_disease,respiratory,acute-respiratory-infection,Nation,England,E92000001,acute-respiratory-infection_syndromic_NHS111triagedcalls_countsByDay,syndromic,default,all,all,2026,3,10,2026-03-04,4475,FALSE
infectious_disease,respiratory,acute-respiratory-infection,Nation,England,E92000001,acute-respiratory-infection_syndromic_NHS111triagedcalls_countsByDay,syndromic,default,all,all,2026,3,10,2026-03-05,4043,FALSE
infectious_disease,respiratory,acute-respiratory-infection,Nation,England,E92000001,acute-respiratory-infection_syndromic_NHS111triagedcalls_countsByDay,syndromic,default,all,all,2026,3,10,2026-03-06,4628,FALSE
infectious_disease,respiratory,acute-respiratory-infection,Nation,England,E92000001,acute-respiratory-infection_syndromic_NHS111triagedcalls_countsByDay,syndromic,default,all,all,2026,3,10,2026-03-07,8751,FALSE
infectious_disease,respiratory,acute-respiratory-infection,Nation,England,E92000001,acute-respiratory-infection_syndromic_NHS111triagedcalls_countsByDay,syndromic,default,all,all,2026,3,10,2026-03-08,8229,FALSE
infectious_disease,respiratory,acute-respiratory-infection,Nation,England,E92000001,acute-respiratory-infection_syndromic_NHS111triagedcalls_countsByDay,syndromic,default,all,all,2026,3,11,2026-03-09,5501,FALSE
infectious_disease,respiratory,acute-respiratory-infection,Nation,England,E92000001,acute-respiratory-infection_syndromic_NHS111triagedcalls_countsByDay,syndromic,default,all,all,2026,3,11,2026-03-10,4749,FALSE
infectious_disease,respiratory,acute-respiratory-infection,Nation,England,E92000001,acute-respiratory-infection_syndromic_NHS111triagedcalls_countsByDay,syndromic,default,all,all,2026,3,11,2026-03-11,4545,FALSE
infectious_disease,respiratory,acute-respiratory-infection,Nation,England,E92000001,acute-respiratory-infection_syndromic_NHS111triagedcalls_countsByDay,syndromic,default,all,all,2026,3,11,2026-03-12,4468,FALSE
infectious_disease,respiratory,acute-respiratory-infection,Nation,England,E92000001,acute-respiratory-infection_syndromic_NHS111triagedcalls_countsByDay,syndromic,default,all,all,2026,3,11,2026-03-13,4636,FALSE
infectious_disease,respiratory,acute-respiratory-infection,Nation,England,E92000001,acute-respiratory-infection_syndromic_NHS111triagedcalls_countsByDay,syndromic,default,all,all,2026,3,11,2026-03-14,8984,FALSE
infectious_disease,respiratory,acute-respiratory-infection,Nation,England,E92000001,acute-respiratory-infection_syndromic_NHS111triagedcalls_countsByDay,syndromic,default,all,all,2026,3,11,2026-03-15,7907,FALSE
infectious_disease,respiratory,acute-respiratory-infection,Nation,England,E92000001,acute-respiratory-infection_syndromic_NHS111triagedcalls_countsByDay,syndromic,default,all,all,2026,3,12,2026-03-16,6265,FALSE
infectious_disease,respiratory,acute-respiratory-infection,Nation,England,E92000001,acute-respiratory-infection_syndromic_NHS111triagedcalls_countsByDay,syndromic,default,all,all,2026,3,12,2026-03-17,5681,FALSE
infectious_disease,respiratory,acute-respiratory-infection,Nation,England,E92000001,acute-respiratory-infection_syndromic_NHS111triagedcalls_countsByDay,syndromic,default,all,all,2026,3,12,2026-03-18,5611,FALSE
infectious_disease,respiratory,acute-respiratory-infection,Nation,England,E92000001,acute-respiratory-infection_syndromic_NHS111triagedcalls_countsByDay,syndromic,default,all,all,2026,3,12,2026-03-19,5396,FALSE
infectious_disease,respiratory,acute-respiratory-infection,Nation,England,E92000001,acute-respiratory-infection_syndromic_NHS111triagedcalls_countsByDay,syndromic,default,all,all,2026,3,12,2026-03-20,5628,FALSE
infectious_disease,respiratory,acute-respiratory-infection,Nation,England,E92000001,acute-respiratory-infection_syndromic_NHS111triagedcalls_countsByDay,syndromic,default,all,all,2026,3,12,2026-03-21,10075,FALSE
infectious_disease,respiratory,acute-respiratory-infection,Nation,England,E92000001,acute-respiratory-infection_syndromic_NHS111triagedcalls_countsByDay,syndromic,default,all,all,2026,3,12,2026-03-22,9805,FALSE
infectious_disease,respiratory,acute-respiratory-infection,Nation,England,E92000001,acute-respiratory-infection_syndromic_NHS111triagedcalls_countsByDay,syndromic,default,all,all,2026,3,13,2026-03-23,6935,FALSE
infectious_disease,respiratory,acute-respiratory-infection,Nation,England,E92000001,acute-respiratory-infection_syndromic_NHS111triagedcalls_countsByDay,syndromic,default,all,all,2026,3,13,2026-03-24,5748,FALSE
infectious_disease,respiratory,acute-respiratory-infection,Nation,England,E92000001,acute-respiratory-infection_syndromic_NHS111triagedcalls_countsByDay,syndromic,default,all,all,2026,3,13,2026-03-25,5435,FALSE
infectious_disease,respiratory,acute-respiratory-infection,Nation,England,E92000001,acute-respiratory-infection_syndromic_NHS111triagedcalls_countsByDay,syndromic,default,all,all,2026,3,13,2026-03-26,5042,FALSE
infectious_disease,respiratory,acute-respiratory-infection,Nation,England,E92000001,acute-respiratory-infection_syndromic_NHS111triagedcalls_countsByDay,syndromic,default,all,all,2026,3,13,2026-03-27,5583,FALSE
infectious_disease,respiratory,acute-respiratory-infection,Nation,England,E92000001,acute-respiratory-infection_syndromic_NHS111triagedcalls_countsByDay,syndromic,default,all,all,2026,3,13,2026-03-28,9491,FALSE
infectious_disease,respiratory,acute-respiratory-infection,Nation,England,E92000001,acute-respiratory-infection_syndromic_NHS111triagedcalls_countsByDay,syndromic,default,all,all,2026,3,13,2026-03-29,8697,FALSE
infectious_disease,respiratory,acute-respiratory-infection,Nation,England,E92000001,acute-respiratory-infection_syndromic_NHS111triagedcalls_countsByDay,syndromic,default,all,all,2026,3,14,2026-03-30,5864,FALSE
infectious_disease,respiratory,acute-respiratory-infection,Nation,England,E92000001,acute-respiratory-infection_syndromic_NHS111triagedcalls_countsByDay,syndromic,default,all,all,2026,3,14,2026-03-31,5155,FALSE
infectious_disease,respiratory,acute-respiratory-infection,Nation,England,E92000001,acute-respiratory-infection_syndromic_NHS111triagedcalls_countsByDay,syndromic,default,all,all,2026,4,14,2026-04-01,5052,FALSE
infectious_disease,respiratory,acute-respiratory-infection,Nation,England,E92000001,acute-respiratory-infection_syndromic_NHS111triagedcalls_countsByDay,syndromic,default,all,all,2026,4,14,2026-04-02,5279,FALSE
infectious_disease,respiratory,acute-respiratory-infection,Nation,England,E92000001,acute-respiratory-infection_syndromic_NHS111triagedcalls_countsByDay,syndromic,default,all,all,2026,4,14,2026-04-03,11080,FALSE
infectious_disease,respiratory,acute-respiratory-infection,Nation,England,E92000001,acute-respiratory-infection_syndromic_NHS111triagedcalls_countsByDay,syndromic,default,all,all,2026,4,14,2026-04-04,11505,FALSE
infectious_disease,respiratory,acute-respiratory-infection,Nation,England,E92000001,acute-respiratory-infection_syndromic_NHS111triagedcalls_countsByDay,syndromic,default,all,all,2026,4,14,2026-04-05,9503,FALSE
infectious_disease,respiratory,acute-respiratory-infection,Nation,England,E92000001,acute-respiratory-infection_syndromic_NHS111triagedcalls_countsByDay,syndromic,default,all,all,2026,4,15,2026-04-06,10916,FALSE
infectious_disease,respiratory,acute-respiratory-infection,Nation,England,E92000001,acute-respiratory-infection_syndromic_NHS111triagedcalls_countsByDay,syndromic,default,all,all,2026,4,15,2026-04-07,5817,FALSE
infectious_disease,respiratory,acute-respiratory-infection,Nation,England,E92000001,acute-respiratory-infection_syndromic_NHS111triagedcalls_countsByDay,syndromic,default,all,all,2026,4,15,2026-04-08,4768,FALSE
infectious_disease,respiratory,acute-respiratory-infection,Nation,England,E92000001,acute-respiratory-infection_syndromic_NHS111triagedcalls_countsByDay,syndromic,default,all,all,2026,4,15,2026-04-09,4613,FALSE
infectious_disease,respiratory,acute-respiratory-infection,Nation,England,E92000001,acute-respiratory-infection_syndromic_NHS111triagedcalls_countsByDay,syndromic,default,all,all,2026,4,15,2026-04-10,4720,FALSE
infectious_disease,respiratory,acute-respiratory-infection,Nation,England,E92000001,acute-respiratory-infection_syndromic_NHS111triagedcalls_countsByDay,syndromic,default,all,all,2026,4,15,2026-04-11,8405,FALSE
infectious_disease,respiratory,acute-respiratory-infection,Nation,England,E92000001,acute-respiratory-infection_syndromic_NHS111triagedcalls_countsByDay,syndromic,default,all,all,2026,4,15,2026-04-12,7389,FALSE
infectious_disease,respiratory,acute-respiratory-infection,Nation,England,E92000001,acute-respiratory-infection_syndromic_NHS111triagedcalls_countsByDay,syndromic,default,all,all,2026,4,16,2026-04-13,5094,FALSE
infectious_disease,respiratory,acute-respiratory-infection,Nation,England,E92000001,acute-respiratory-infection_syndromic_NHS111triagedcalls_countsByDay,syndromic,default,all,all,2026,4,16,2026-04-14,4199,FALSE
infectious_disease,respiratory,acute-respiratory-infection,Nation,England,E92000001,acute-respiratory-infection_syndromic_NHS111triagedcalls_countsByDay,syndromic,default,all,all,2026,4,16,2026-04-15,4430,FALSE
infectious_disease,respiratory,acute-respiratory-infection,Nation,England,E92000001,acute-respiratory-infection_syndromic_NHS111triagedcalls_countsByDay,syndromic,default,all,all,2026,4,16,2026-04-16,4066,FALSE
infectious_disease,respiratory,acute-respiratory-infection,Nation,England,E92000001,acute-respiratory-infection_syndromic_NHS111triagedcalls_countsByDay,syndromic,default,all,all,2026,4,16,2026-04-17,4268,FALSE
infectious_disease,respiratory,acute-respiratory-infection,Nation,England,E92000001,acute-respiratory-infection_syndromic_NHS111triagedcalls_countsByDay,syndromic,default,all,all,2026,4,16,2026-04-18,7268,FALSE
infectious_disease,respiratory,acute-respiratory-infection,Nation,England,E92000001,acute-respiratory-infection_syndromic_NHS111triagedcalls_countsByDay,syndromic,default,all,all,2026,4,16,2026-04-19,6705,FALSE
infectious_disease,respiratory,acute-respiratory-infection,Nation,England,E92000001,acute-respiratory-infection_syndromic_NHS111triagedcalls_countsByDay,syndromic,default,all,all,2026,4,17,2026-04-20,4564,FALSE
infectious_disease,respiratory,acute-respiratory-infection,Nation,England,E92000001,acute-respiratory-infection_syndromic_NHS111triagedcalls_countsByDay,syndromic,default,all,all,2026,4,17,2026-04-21,3923,FALSE
infectious_disease,respiratory,acute-respiratory-infection,Nation,England,E92000001,acute-respiratory-infection_syndromic_NHS111triagedcalls_countsByDay,syndromic,default,all,all,2026,4,17,2026-04-22,3695,FALSE
infectious_disease,respiratory,acute-respiratory-infection,Nation,England,E92000001,acute-respiratory-infection_syndromic_NHS111triagedcalls_countsByDay,syndromic,default,all,all,2026,4,17,2026-04-23,3548,FALSE
infectious_disease,respiratory,acute-respiratory-infection,Nation,England,E92000001,acute-respiratory-infection_syndromic_NHS111triagedcalls_countsByDay,syndromic,default,all,all,2026,4,17,2026-04-24,3599,FALSE
infectious_disease,respiratory,acute-respiratory-infection,Nation,England,E92000001,acute-respiratory-infection_syndromic_NHS111triagedcalls_countsByDay,syndromic,default,all,all,2026,4,17,2026-04-25,6908,FALSE
infectious_disease,respiratory,acute-respiratory-infection,Nation,England,E92000001,acute-respiratory-infection_syndromic_NHS111triagedcalls_countsByDay,syndromic,default,all,all,2026,4,17,2026-04-26,6616,FALSE
infectious_disease,respiratory,acute-respiratory-infection,Nation,England,E92000001,acute-respiratory-infection_syndromic_NHS111triagedcalls_countsByDay,syndromic,default,all,all,2026,4,18,2026-04-27,4387,FALSE
infectious_disease,respiratory,acute-respiratory-infection,Nation,England,E92000001,acute-respiratory-infection_syndromic_NHS111triagedcalls_countsByDay,syndromic,default,all,all,2026,4,18,2026-04-28,3953,FALSE
infectious_disease,respiratory,acute-respiratory-infection,Nation,England,E92000001,acute-respiratory-infection_syndromic_NHS111triagedcalls_countsByDay,syndromic,default,all,all,2026,4,18,2026-04-29,3652,FALSE
infectious_disease,respiratory,acute-respiratory-infection,Nation,England,E92000001,acute-respiratory-infection_syndromic_NHS111triagedcalls_countsByDay,syndromic,default,all,all,2026,4,18,2026-04-30,3536,FALSE
infectious_disease,respiratory,acute-respiratory-infection,Nation,England,E92000001,acute-respiratory-infection_syndromic_NHS111triagedcalls_countsByDay,syndromic,default,all,all,2026,5,18,2026-05-01,3860,FALSE
infectious_disease,respiratory,acute-respiratory-infection,Nation,England,E92000001,acute-respiratory-infection_syndromic_NHS111triagedcalls_countsByDay,syndromic,default,all,all,2026,5,18,2026-05-02,7632,FALSE
infectious_disease,respiratory,acute-respiratory-infection,Nation,England,E92000001,acute-respiratory-infection_syndromic_NHS111triagedcalls_countsByDay,syndromic,default,all,all,2026,5,18,2026-05-03,8289,FALSE
infectious_disease,respiratory,acute-respiratory-infection,Nation,England,E92000001,acute-respiratory-infection_syndromic_NHS111triagedcalls_countsByDay,syndromic,default,all,all,2026,5,19,2026-05-04,9080,FALSE
infectious_disease,respiratory,acute-respiratory-infection,Nation,England,E92000001,acute-respiratory-infection_syndromic_NHS111triagedcalls_countsByDay,syndromic,default,all,all,2026,5,19,2026-05-05,4825,FALSE
infectious_disease,respiratory,acute-respiratory-infection,Nation,England,E92000001,acute-respiratory-infection_syndromic_NHS111triagedcalls_countsByDay,syndromic,default,all,all,2026,5,19,2026-05-06,4095,FALSE
infectious_disease,respiratory,acute-respiratory-infection,Nation,England,E92000001,acute-respiratory-infection_syndromic_NHS111triagedcalls_countsByDay,syndromic,default,all,all,2026,5,19,2026-05-07,3840,FALSE
infectious_disease,respiratory,acute-respiratory-infection,Nation,England,E92000001,acute-respiratory-infection_syndromic_NHS111triagedcalls_countsByDay,syndromic,default,all,all,2026,5,19,2026-05-08,4062,FALSE
infectious_disease,respiratory,acute-respiratory-infection,Nation,England,E92000001,acute-respiratory-infection_syndromic_NHS111triagedcalls_countsByDay,syndromic,default,all,all,2026,5,19,2026-05-09,7293,FALSE
infectious_disease,respiratory,acute-respiratory-infection,Nation,England,E92000001,acute-respiratory-infection_syndromic_NHS111triagedcalls_countsByDay,syndromic,default,all,all,2026,5,19,2026-05-10,6949,FALSE
infectious_disease,respiratory,acute-respiratory-infection,Nation,England,E92000001,acute-respiratory-infection_syndromic_NHS111triagedcalls_countsByDay,syndromic,default,all,all,2026,5,20,2026-05-11,4384,FALSE
infectious_disease,respiratory,acute-respiratory-infection,Nation,England,E92000001,acute-respiratory-infection_syndromic_NHS111triagedcalls_countsByDay,syndromic,default,all,all,2026,5,20,2026-05-12,3933,FALSE
infectious_disease,respiratory,acute-respiratory-infection,Nation,England,E92000001,acute-respiratory-infection_syndromic_NHS111triagedcalls_countsByDay,syndromic,default,all,all,2026,5,20,2026-05-13,3912,FALSE
infectious_disease,respiratory,acute-respiratory-infection,Nation,England,E92000001,acute-respiratory-infection_syndromic_NHS111triagedcalls_countsByDay,syndromic,default,all,all,2026,5,20,2026-05-14,3838,FALSE
infectious_disease,respiratory,acute-respiratory-infection,Nation,England,E92000001,acute-respiratory-infection_syndromic_NHS111triagedcalls_countsByDay,syndromic,default,all,all,2026,5,20,2026-05-15,4100,FALSE
infectious_disease,respiratory,acute-respiratory-infection,Nation,England,E92000001,acute-respiratory-infection_syndromic_NHS111triagedcalls_countsByDay,syndromic,default,all,all,2026,5,20,2026-05-16,7636,FALSE
infectious_disease,respiratory,acute-respiratory-infection,Nation,England,E92000001,acute-respiratory-infection_syndromic_NHS111triagedcalls_countsByDay,syndromic,default,all,all,2026,5,20,2026-05-17,7019,FALSE
infectious_disease,respiratory,acute-respiratory-infection,Nation,England,E92000001,acute-respiratory-infection_syndromic_NHS111triagedcalls_countsByDay,syndromic,default,all,all,2026,5,21,2026-05-18,4592,FALSE
infectious_disease,respiratory,acute-respiratory-infection,Nation,England,E92000001,acute-respiratory-infection_syndromic_NHS111triagedcalls_countsByDay,syndromic,default,all,all,2026,5,21,2026-05-19,4236,FALSE
infectious_disease,respiratory,acute-respiratory-infection,Nation,England,E92000001,acute-respiratory-infection_syndromic_NHS111triagedcalls_countsByDay,syndromic,default,all,all,2026,5,21,2026-05-20,4006,FALSE
infectious_disease,respiratory,acute-respiratory-infection,Nation,England,E92000001,acute-respiratory-infection_syndromic_NHS111triagedcalls_countsByDay,syndromic,default,all,all,2026,5,21,2026-05-21,3917,FALSE
infectious_disease,respiratory,acute-respiratory-infection,Nation,England,E92000001,acute-respiratory-infection_syndromic_NHS111triagedcalls_countsByDay,syndromic,default,all,all,2026,5,21,2026-05-22,3929,FALSE
infectious_disease,respiratory,acute-respiratory-infection,Nation,England,E92000001,acute-respiratory-infection_syndromic_NHS111triagedcalls_countsByDay,syndromic,default,all,all,2026,5,21,2026-05-23,7353,FALSE
infectious_disease,respiratory,acute-respiratory-infection,Nation,England,E92000001,acute-respiratory-infection_syndromic_NHS111triagedcalls_countsByDay,syndromic,default,all,all,2026,5,21,2026-05-24,7571,FALSE
infectious_disease,respiratory,acute-respiratory-infection,Nation,England,E92000001,acute-respiratory-infection_syndromic_NHS111triagedcalls_countsByDay,syndromic,default,all,all,2026,5,22,2026-05-25,7972,FALSE
infectious_disease,respiratory,acute-respiratory-infection,Nation,England,E92000001,acute-respiratory-infection_syndromic_NHS111triagedcalls_countsByDay,syndromic,default,all,all,2026,5,22,2026-05-26,4046,FALSE
infectious_disease,respiratory,acute-respiratory-infection,Nation,England,E92000001,acute-respiratory-infection_syndromic_NHS111triagedcalls_countsByDay,syndromic,default,all,all,2026,5,22,2026-05-27,3624,FALSE
infectious_disease,respiratory,acute-respiratory-infection,Nation,England,E92000001,acute-respiratory-infection_syndromic_NHS111triagedcalls_countsByDay,syndromic,default,all,all,2026,5,22,2026-05-28,3940,FALSE
infectious_disease,respiratory,acute-respiratory-infection,Nation,England,E92000001,acute-respiratory-infection_syndromic_NHS111triagedcalls_countsByDay,syndromic,default,all,all,2026,5,22,2026-05-29,3926,FALSE
infectious_disease,respiratory,acute-respiratory-infection,Nation,England,E92000001,acute-respiratory-infection_syndromic_NHS111triagedcalls_countsByDay,syndromic,default,all,all,2026,5,22,2026-05-30,6931,FALSE
infectious_disease,respiratory,acute-respiratory-infection,Nation,England,E92000001,acute-respiratory-infection_syndromic_NHS111triagedcalls_countsByDay,syndromic,default,all,all,2026,5,22,2026-05-31,6577,FALSE
infectious_disease,respiratory,acute-respiratory-infection,Nation,England,E92000001,acute-respiratory-infection_syndromic_NHS111triagedcalls_countsByDay,syndromic,default,all,all,2026,6,23,2026-06-01,4423,FALSE
infectious_disease,respiratory,acute-respiratory-infection,Nation,England,E92000001,acute-respiratory-infection_syndromic_NHS111triagedcalls_countsByDay,syndromic,default,all,all,2026,6,23,2026-06-02,3938,FALSE
infectious_disease,respiratory,acute-respiratory-infection,Nation,England,E92000001,acute-respiratory-infection_syndromic_NHS111triagedcalls_countsByDay,syndromic,default,all,all,2026,6,23,2026-06-03,3612,FALSE
infectious_disease,respiratory,acute-respiratory-infection,Nation,England,E92000001,acute-respiratory-infection_syndromic_NHS111triagedcalls_countsByDay,syndromic,default,all,all,2026,6,23,2026-06-04,3478,FALSE
infectious_disease,respiratory,acute-respiratory-infection,Nation,England,E92000001,acute-respiratory-infection_syndromic_NHS111triagedcalls_countsByDay,syndromic,default,all,all,2026,6,23,2026-06-05,3601,FALSE
infectious_disease,respiratory,acute-respiratory-infection,Nation,England,E92000001,acute-respiratory-infection_syndromic_NHS111triagedcalls_countsByDay,syndromic,default,all,all,2026,6,23,2026-06-06,6518,FALSE
infectious_disease,respiratory,acute-respiratory-infection,Nation,England,E92000001,acute-respiratory-infection_syndromic_NHS111triagedcalls_countsByDay,syndromic,default,all,all,2026,6,23,2026-06-07,5788,FALSE
infectious_disease,respiratory,acute-respiratory-infection,Nation,England,E92000001,acute-respiratory-infection_syndromic_NHS111triagedcalls_countsByDay,syndromic,default,all,all,2026,6,24,2026-06-08,3932,FALSE
infectious_disease,respiratory,acute-respiratory-infection,Nation,England,E92000001,acute-respiratory-infection_syndromic_NHS111triagedcalls_countsByDay,syndromic,default,all,all,2026,6,24,2026-06-09,3393,FALSE
infectious_disease,respiratory,acute-respiratory-infection,Nation,England,E92000001,acute-respiratory-infection_syndromic_NHS111triagedcalls_countsByDay,syndromic,default,all,all,2026,6,24,2026-06-10,3298,FALSE
infectious_disease,respiratory,acute-respiratory-infection,Nation,England,E92000001,acute-respiratory-infection_syndromic_NHS111triagedcalls_countsByDay,syndromic,default,all,all,2026,6,24,2026-06-11,3215,FALSE
infectious_disease,respiratory,acute-respiratory-infection,Nation,England,E92000001,acute-respiratory-infection_syndromic_NHS111triagedcalls_countsByDay,syndromic,default,all,all,2026,6,24,2026-06-12,3332,FALSE
infectious_disease,respiratory,acute-respiratory-infection,Nation,England,E92000001,acute-respiratory-infection_syndromic_NHS111triagedcalls_countsByDay,syndromic,default,all,all,2026,6,24,2026-06-13,6307,FALSE
infectious_disease,respiratory,acute-respiratory-infection,Nation,England,E92000001,acute-respiratory-infection_syndromic_NHS111triagedcalls_countsByDay,syndromic,default,all,all,2026,6,24,2026-06-14,6158,FALSE
infectious_disease,respiratory,acute-respiratory-infection,Nation,England,E92000001,acute-respiratory-infection_syndromic_NHS111triagedcalls_countsByDay,syndromic,default,all,all,2026,6,25,2026-06-15,4098,FALSE
infectious_disease,respiratory,acute-respiratory-infection,Nation,England,E92000001,acute-respiratory-infection_syndromic_NHS111triagedcalls_countsByDay,syndromic,default,all,all,2026,6,25,2026-06-16,3686,FALSE
infectious_disease,respiratory,acute-respiratory-infection,Nation,England,E92000001,acute-respiratory-infection_syndromic_NHS111triagedcalls_countsByDay,syndromic,default,all,all,2026,6,25,2026-06-17,3568,FALSE
infectious_disease,respiratory,acute-respiratory-infection,Nation,England,E92000001,acute-respiratory-infection_syndromic_NHS111triagedcalls_countsByDay,syndromic,default,all,all,2026,6,25,2026-06-18,3562,FALSE
infectious_disease,respiratory,acute-respiratory-infection,Nation,England,E92000001,acute-respiratory-infection_syndromic_NHS111triagedcalls_countsByDay,syndromic,default,all,all,2026,6,25,2026-06-19,3603,FALSE
infectious_disease,respiratory,acute-respiratory-infection,Nation,England,E92000001,acute-respiratory-infection_syndromic_NHS111triagedcalls_countsByDay,syndromic,default,all,all,2026,6,25,2026-06-20,6646,FALSE
infectious_disease,respiratory,acute-respiratory-infection,Nation,England,E92000001,acute-respiratory-infection_syndromic_NHS111triagedcalls_countsByDay,syndromic,default,all,all,2026,6,25,2026-06-21,5802,FALSE
infectious_disease,respiratory,acute-respiratory-infection,Nation,England,E92000001,acute-respiratory-infection_syndromic_NHS111triagedcalls_countsByDay,syndromic,default,all,all,2026,6,26,2026-06-22,3943,FALSE
infectious_disease,respiratory,acute-respiratory-infection,Nation,England,E92000001,acute-respiratory-infection_syndromic_NHS111triagedcalls_countsByDay,syndromic,default,all,all,2026,6,26,2026-06-23,3343,FALSE
infectious_disease,respiratory,acute-respiratory-infection,Nation,England,E92000001,acute-respiratory-infection_syndromic_NHS111triagedcalls_countsByDay,syndromic,default,all,all,2026,6,26,2026-06-24,3362,FALSE
infectious_disease,respiratory,acute-respiratory-infection,Nation,England,E92000001,acute-respiratory-infection_syndromic_NHS111triagedcalls_countsByDay,syndromic,default,all,all,2026,6,26,2026-06-25,3163,FALSE
infectious_disease,respiratory,acute-respiratory-infection,Nation,England,E92000001,acute-respiratory-infection_syndromic_NHS111triagedcalls_countsByDay,syndromic,default,all,all,2026,6,26,2026-06-26,3590,FALSE
infectious_disease,respiratory,acute-respiratory-infection,Nation,England,E92000001,acute-respiratory-infection_syndromic_NHS111triagedcalls_countsByDay,syndromic,default,all,all,2026,6,26,2026-06-27,6449,FALSE
infectious_disease,respiratory,acute-respiratory-infection,Nation,England,E92000001,acute-respiratory-infection_syndromic_NHS111triagedcalls_countsByDay,syndromic,default,all,all,2026,6,26,2026-06-28,6750,FALSE
infectious_disease,respiratory,acute-respiratory-infection,Nation,England,E92000001,acute-respiratory-infection_syndromic_NHS111triagedcalls_countsByDay,syndromic,default,all,all,2026,6,27,2026-06-29,4417,FALSE
infectious_disease,respiratory,acute-respiratory-infection,Nation,England,E92000001,acute-respiratory-infection_syndromic_NHS111triagedcalls_countsByDay,syndromic,default,all,all,2026,6,27,2026-06-30,3813,FALSE
infectious_disease,respiratory,acute-respiratory-infection,Nation,England,E92000001,acute-respiratory-infection_syndromic_NHS111triagedcalls_countsByDay,syndromic,default,all,all,2026,7,27,2026-07-01,3541,FALSE
infectious_disease,respiratory,acute-respiratory-infection,Nation,England,E92000001,acute-respiratory-infection_syndromic_NHS111triagedcalls_countsByDay,syndromic,default,all,all,2026,7,27,2026-07-02,3141,FALSE
infectious_disease,respiratory,acute-respiratory-infection,Nation,England,E92000001,acute-respiratory-infection_syndromic_NHS111triagedcalls_countsByDay,syndromic,default,all,all,2026,7,27,2026-07-03,3290,FALSE
infectious_disease,respiratory,acute-respiratory-infection,Nation,England,E92000001,acute-respiratory-infection_syndromic_NHS111triagedcalls_countsByDay,syndromic,default,all,all,2026,7,27,2026-07-04,6244,FALSE
infectious_disease,respiratory,acute-respiratory-infection,Nation,England,E92000001,acute-respiratory-infection_syndromic_NHS111triagedcalls_countsByDay,syndromic,default,all,all,2026,7,27,2026-07-05,5823,FALSE
infectious_disease,respiratory,acute-respiratory-infection,Nation,England,E92000001,acute-respiratory-infection_syndromic_NHS111triagedcalls_countsByDay,syndromic,default,all,all,2026,7,28,2026-07-06,3580,FALSE
infectious_disease,respiratory,acute-respiratory-infection,Nation,England,E92000001,acute-respiratory-infection_syndromic_NHS111triagedcalls_countsByDay,syndromic,default,all,all,2026,7,28,2026-07-07,3428,FALSE
infectious_disease,respiratory,acute-respiratory-infection,Nation,England,E92000001,acute-respiratory-infection_syndromic_NHS111triagedcalls_countsByDay,syndromic,default,all,all,2026,7,28,2026-07-08,3158,FALSE
infectious_disease,respiratory,acute-respiratory-infection,Nation,England,E92000001,acute-respiratory-infection_syndromic_NHS111triagedcalls_countsByDay,syndromic,default,all,all,2026,7,28,2026-07-09,2932,FALSE
infectious_disease,respiratory,acute-respiratory-infection,Nation,England,E92000001,acute-respiratory-infection_syndromic_NHS111triagedcalls_countsByDay,syndromic,default,all,all,2026,7,28,2026-07-10,3132,FALSE
infectious_disease,respiratory,acute-respiratory-infection,Nation,England,E92000001,acute-respiratory-infection_syndromic_NHS111triagedcalls_countsByDay,syndromic,default,all,all,2026,7,28,2026-07-11,5547,FALSE
infectious_disease,respiratory,acute-respiratory-infection,Nation,England,E92000001,acute-respiratory-infection_syndromic_NHS111triagedcalls_countsByDay,syndromic,default,all,all,2026,7,28,2026-07-12,5436,FALSE
infectious_disease,respiratory,acute-respiratory-infection,Nation,England,E92000001,acute-respiratory-infection_syndromic_NHS111triagedcalls_countsByDay,syndromic,default,all,all,2026,7,29,2026-07-13,3626,FALSE
infectious_disease,respiratory,acute-respiratory-infection,Nation,England,E92000001,acute-respiratory-infection_syndromic_NHS111triagedcalls_countsByDay,syndromic,default,all,all,2026,7,29,2026-07-14,3171,FALSE
infectious_disease,respiratory,acute-respiratory-infection,Nation,England,E92000001,acute-respiratory-infection_syndromic_NHS111triagedcalls_countsByDay,syndromic,default,all,all,2026,7,29,2026-07-15,2981,FALSE
infectious_disease,respiratory,acute-respiratory-infection,Nation,England,E92000001,acute-respiratory-infection_syndromic_NHS111triagedcalls_countsByDay,syndromic,default,all,all,2026,7,29,2026-07-16,3036,FALSE
infectious_disease,respiratory,acute-respiratory-infection,Nation,England,E92000001,acute-respiratory-infection_syndromic_NHS111triagedcalls_countsByDay,syndromic,default,all,all,2026,7,29,2026-07-17,3193,FALSE
infectious_disease,respiratory,acute-respiratory-infection,Nation,England,E92000001,acute-respiratory-infection_syndromic_NHS111triagedcalls_countsByDay,syndromic,default,all,all,2026,7,29,2026-07-18,5876,FALSE
infectious_disease,respiratory,acute-respiratory-infection,Nation,England,E92000001,acute-respiratory-infection_syndromic_NHS111triagedcalls_countsByDay,syndromic,default,all,all,2026,7,29,2026-07-19,5570,FALSE
infectious_disease,respiratory,acute-respiratory-infection,Nation,England,E92000001,acute-respiratory-infection_syndromic_NHS111triagedcalls_countsByDay,syndromic,default,all,all,2026,7,30,2026-07-20,3516,FALSE
infectious_disease,respiratory,acute-respiratory-infection,Nation,England,E92000001,acute-respiratory-infection_syndromic_NHS111triagedcalls_countsByDay,syndromic,default,all,all,2026,7,30,2026-07-21,3212,FALSE
infectious_disease,respiratory,acute-respiratory-infection,Nation,England,E92000001,acute-respiratory-infection_syndromic_NHS111triagedcalls_countsByDay,syndromic,default,all,all,2026,7,30,2026-07-22,3007,FALSE
infectious_disease,respiratory,acute-respiratory-infection,Nation,England,E92000001,acute-respiratory-infection_syndromic_NHS111triagedcalls_countsByDay,syndromic,default,all,all,2026,7,30,2026-07-23,3018,FALSE
infectious_disease,respiratory,acute-respiratory-infection,Nation,England,E92000001,acute-respiratory-infection_syndromic_NHS111triagedcalls_countsByDay,syndromic,default,all,all,2026,7,30,2026-07-24,3101,FALSE
infectious_disease,respiratory,acute-respiratory-infection,Nation,England,E92000001,acute-respiratory-infection_syndromic_NHS111triagedcalls_countsByDay,syndromic,default,all,all,2026,7,30,2026-07-25,6006,FALSE
infectious_disease,respiratory,acute-respiratory-infection,Nation,England,E92000001,acute-respiratory-infection_syndromic_NHS111triagedcalls_countsByDay,syndromic,default,all,all,2026,7,30,2026-07-26,5476,FALSE
infectious_disease,respiratory,acute-respiratory-infection,Nation,England,E92000001,acute-respiratory-infection_syndromic_NHS111triagedcalls_countsByDay,syndromic,default,all,all,2026,7,31,2026-07-27,3607,FALSE
infectious_disease,respiratory,acute-respiratory-infection,Nation,England,E92000001,acute-respiratory-infection_syndromic_NHS111triagedcalls_countsByDay,syndromic,default,all,all,2026,7,31,2026-07-28,3147,FALSE
infectious_disease,respiratory,acute-respiratory-infection,Nation,England,E92000001,acute-respiratory-infection_syndromic_NHS111triagedcalls_countsByDay,syndromic,default,all,all,2026,7,31,2026-07-29,2928,FALSE
infectious_disease,respiratory,acute-respiratory-infection,Nation,England,E92000001,acute-respiratory-infection_syndromic_NHS111triagedcalls_countsByDay,syndromic,default,all,all,2026,7,31,2026-07-30,2834,FALSE
infectious_disease,respiratory,acute-respiratory-infection,Nation,England,E92000001,acute-respiratory-infection_syndromic_NHS111triagedcalls_countsByDay,syndromic,default,all,all,2026,7,31,2026-07-31,2905,FALSE
infectious_disease,respiratory,acute-respiratory-infection,Nation,England,E92000001,acute-respiratory-infection_syndromic_NHS111triagedcalls_countsByDay,syndromic,default,all,all,2026,8,31,2026-08-01,5558,FALSE
infectious_disease,respiratory,acute-respiratory-infection,Nation,England,E92000001,acute-respiratory-infection_syndromic_NHS111triagedcalls_countsByDay,syndromic,default,all,all,2026,8,31,2026-08-02,5124,FALSE
infectious_disease,respiratory,acute-respiratory-infection,Nation,England,E92000001,acute-respiratory-infection_syndromic_NHS111triagedcalls_countsByDay,syndromic,default,all,all,2026,8,32,2026-08-03,3400,FALSE
infectious_disease,respiratory,acute-respiratory-infection,Nation,England,E92000001,acute-respiratory-infection_syndromic_NHS111triagedcalls_countsByDay,syndromic,default,all,all,2026,8,32,2026-08-04,3022,FALSE
infectious_disease,respiratory,acute-respiratory-infection,Nation,England,E92000001,acute-respiratory-infection_syndromic_NHS111triagedcalls_countsByDay,syndromic,default,all,all,2026,8,32,2026-08-05,2773,FALSE
infectious_disease,respiratory,acute-respiratory-infection,Nation,England,E92000001,acute-respiratory-infection_syndromic_NHS111triagedcalls_countsByDay,syndromic,default,all,all,2026,8,32,2026-08-06,2723,FALSE
infectious_disease,respiratory,acute-respiratory-infection,Nation,England,E92000001,acute-respiratory-infection_syndromic_NHS111triagedcalls_countsByDay,syndromic,default,all,all,2026,8,32,2026-08-07,3108,FALSE
infectious_disease,respiratory,acute-respiratory-infection,Nation,England,E92000001,acute-respiratory-infection_syndromic_NHS111triagedcalls_countsByDay,syndromic,default,all,all,2026,8,32,2026-08-08,5458,FALSE
infectious_disease,respiratory,acute-respiratory-infection,Nation,England,E92000001,acute-respiratory-infection_syndromic_NHS111triagedcalls_countsByDay,syndromic,default,all,all,2026,8,32,2026-08-09,5056,FALSE
infectious_disease,respiratory,acute-respiratory-infection,Nation,England,E92000001,acute-respiratory-infection_syndromic_NHS111triagedcalls_countsByDay,syndromic,default,all,all,2026,8,33,2026-08-10,3315,FALSE
infectious_disease,respiratory,acute-respiratory-infection,Nation,England,E92000001,acute-respiratory-infection_syndromic_NHS111triagedcalls_countsByDay,syndromic,default,all,all,2026,8,33,2026-08-11,2980,FALSE
infectious_disease,respiratory,acute-respiratory-infection,Nation,England,E92000001,acute-respiratory-infection_syndromic_NHS111triagedcalls_countsByDay,syndromic,default,all,all,2026,8,33,2026-08-12,2517,FALSE
infectious_disease,respiratory,acute-respiratory-infection,Nation,England,E92000001,acute-respiratory-infection_syndromic_NHS111triagedcalls_countsByDay,syndromic,default,all,all,2026,8,33,2026-08-13,2631,FALSE
infectious_disease,respiratory,acute-respiratory-infection,Nation,England,E92000001,acute-respiratory-infection_syndromic_NHS111triagedcalls_countsByDay,syndromic,default,all,all,2026,8,33,2026-08-14,2775,FALSE
infectious_disease,respiratory,acute-respiratory-infection,Nation,England,E92000001,acute-respiratory-infection_syndromic_NHS111triagedcalls_countsByDay,syndromic,default,all,all,2026,8,33,2026-08-15,4944,FALSE
infectious_disease,respiratory,acute-respiratory-infection,Nation,England,E92000001,acute-respiratory-infection_syndromic_NHS111triagedcalls_countsByDay,syndromic,default,all,all,2026,8,33,2026-08-16,4715,FALSE
infectious_disease,respiratory,acute-respiratory-infection,Nation,England,E92000001,acute-respiratory-infection_syndromic_NHS111triagedcalls_countsByDay,syndromic,default,all,all,2026,8,34,2026-08-17,3294,FALSE
infectious_disease,respiratory,acute-respiratory-infection,Nation,England,E92000001,acute-respiratory-infection_syndromic_NHS111triagedcalls_countsByDay,syndromic,default,all,all,2026,8,34,2026-08-18,2787,FALSE
infectious_disease,respiratory,acute-respiratory-infection,Nation,England,E92000001,acute-respiratory-infection_syndromic_NHS111triagedcalls_countsByDay,syndromic,default,all,all,2026,8,34,2026-08-19,2739,FALSE
infectious_disease,respiratory,acute-respiratory-infection,Nation,England,E92000001,acute-respiratory-infection_syndromic_NHS111triagedcalls_countsByDay,syndromic,default,all,all,2026,8,34,2026-08-20,2629,FALSE
infectious_disease,respiratory,acute-respiratory-infection,Nation,England,E92000001,acute-respiratory-infection_syndromic_NHS111triagedcalls_countsByDay,syndromic,default,all,all,2026,8,34,2026-08-21,2829,FALSE
infectious_disease,respiratory,acute-respiratory-infection,Nation,England,E92000001,acute-respiratory-infection_syndromic_NHS111triagedcalls_countsByDay,syndromic,default,all,all,2026,8,34,2026-08-22,4918,FALSE
infectious_disease,respiratory,acute-respiratory-infection,Nation,England,E92000001,acute-respiratory-infection_syndromic_NHS111triagedcalls_countsByDay,syndromic,default,all,all,2026,8,34,2026-08-23,4690,FALSE
infectious_disease,respiratory,acute-respiratory-infection,Nation,England,E92000001,acute-respiratory-infection_syndromic_NHS111triagedcalls_countsByDay,syndromic,default,all,all,2026,8,35,2026-08-24,3024,FALSE
infectious_disease,respiratory,acute-respiratory-infection,Nation,England,E92000001,acute-respiratory-infection_syndromic_NHS111triagedcalls_countsByDay,syndromic,default,all,all,2026,8,35,2026-08-25,2731,FALSE
infectious_disease,respiratory,acute-respiratory-infection,Nation,England,E92000001,acute-respiratory-infection_syndromic_NHS111triagedcalls_countsByDay,syndromic,default,all,all,2026,8,35,2026-08-26,2729,FALSE
infectious_disease,respiratory,acute-respiratory-infection,Nation,England,E92000001,acute-respiratory-infection_syndromic_NHS111triagedcalls_countsByDay,syndromic,default,all,all,2026,8,35,2026-08-27,2652,FALSE
infectious_disease,respiratory,acute-respiratory-infection,Nation,England,E92000001,acute-respiratory-infection_syndromic_NHS111triagedcalls_countsByDay,syndromic,default,all,all,2026,8,35,2026-08-28,2883,FALSE
infectious_disease,respiratory,acute-respiratory-infection,Nation,England,E92000001,acute-respiratory-infection_syndromic_NHS111triagedcalls_countsByDay,syndromic,default,all,all,2026,8,35,2026-08-29,5872,FALSE
infectious_disease,respiratory,acute-respiratory-infection,Nation,England,E92000001,acute-respiratory-infection_syndromic_NHS111triagedcalls_countsByDay,syndromic,default,all,all,2026,8,35,2026-08-30,6218,FALSE
infectious_disease,respiratory,acute-respiratory-infection,Nation,England,E92000001,acute-respiratory-infection_syndromic_NHS111triagedcalls_countsByDay,syndromic,default,all,all,2026,8,36,2026-08-31,6911,FALSE
infectious_disease,respiratory,acute-respiratory-infection,Nation,England,E92000001,acute-respiratory-infection_syndromic_NHS111triagedcalls_countsByDay,syndromic,default,all,all,2026,9,36,2026-09-01,3592,FALSE
infectious_disease,respiratory,acute-respiratory-infection,Nation,England,E92000001,acute-respiratory-infection_syndromic_NHS111triagedcalls_countsByDay,syndromic,default,all,all,2026,9,36,2026-09-02,3474,FALSE
infectious_disease,respiratory,acute-respiratory-infection,Nation,England,E92000001,acute-respiratory-infection_syndromic_NHS111triagedcalls_countsByDay,syndromic,default,all,all,2026,9,36,2026-09-03,3292,FALSE
infectious_disease,respiratory,acute-respiratory-infection,Nation,England,E92000001,acute-respiratory-infection_syndromic_NHS111triagedcalls_countsByDay,syndromic,default,all,all,2026,9,36,2026-09-04,3332,FALSE
infectious_disease,respiratory,acute-respiratory-infection,Nation,England,E92000001,acute-respiratory-infection_syndromic_NHS111triagedcalls_countsByDay,syndromic,default,all,all,2026,9,36,2026-09-05,6103,FALSE
infectious_disease,respiratory,acute-respiratory-infection,Nation,England,E92000001,acute-respiratory-infection_syndromic_NHS111triagedcalls_countsByDay,syndromic,default,all,all,2026,9,36,2026-09-06,5954,FALSE
infectious_disease,respiratory,acute-respiratory-infection,Nation,England,E92000001,acute-respiratory-infection_syndromic_NHS111triagedcalls_countsByDay,syndromic,default,all,all,2026,9,37,2026-09-07,3872,FALSE
infectious_disease,respiratory,acute-respiratory-infection,Nation,England,E92000001,acute-respiratory-infection_syndromic_NHS111triagedcalls_countsByDay,syndromic,default,all,all,2026,9,37,2026-09-08,3037,FALSE
infectious_disease,respiratory,acute-respiratory-infection,Nation,England,E92000001,acute-respiratory-infection_syndromic_NHS111triagedcalls_countsByDay,syndromic,default,all,all,2026,9,37,2026-09-09,3435,FALSE
infectious_disease,respiratory,acute-respiratory-infection,Nation,England,E92000001,acute-respiratory-infection_syndromic_NHS111triagedcalls_countsByDay,syndromic,default,all,all,2026,9,37,2026-09-10,3452,FALSE
infectious_disease,respiratory,acute-respiratory-infection,Nation,England,E92000001,acute-respiratory-infection_syndromic_NHS111triagedcalls_countsByDay,syndromic,default,all,all,2026,9,37,2026-09-11,3632,FALSE
infectious_disease,respiratory,acute-respiratory-infection,Nation,England,E92000001,acute-respiratory-infection_syndromic_NHS111triagedcalls_countsByDay,syndromic,default,all,all,2026,9,37,2026-09-12,7075,FALSE
infectious_disease,respiratory,acute-respiratory-infection,Nation,England,E92000001,acute-respiratory-infection_syndromic_NHS111triagedcalls_countsByDay,syndromic,default,all,all,2026,9,37,2026-09-13,6967,FALSE
infectious_disease,respiratory,acute-respiratory-infection,Nation,England,E92000001,acute-respiratory-infection_syndromic_NHS111triagedcalls_countsByDay,syndromic,default,all,all,2026,9,38,2026-09-14,4598,FALSE
infectious_disease,respiratory,acute-respiratory-infection,Nation,England,E92000001,acute-respiratory-infection_syndromic_NHS111triagedcalls_countsByDay,syndromic,default,all,all,2026,9,38,2026-09-15,4054,FALSE
infectious_disease,respiratory,acute-respiratory-infection,Nation,England,E92000001,acute-respiratory-infection_syndromic_NHS111triagedcalls_countsByDay,syndromic,default,all,all,2026,9,38,2026-09-16,4208,FALSE
infectious_disease,respiratory,acute-respiratory-infection,Nation,England,E92000001,acute-respiratory-infection_syndromic_NHS111triagedcalls_countsByDay,syndromic,default,all,all,2026,9,38,2026-09-17,4061,FALSE
infectious_disease,respiratory,acute-respiratory-infection,Nation,England,E92000001,acute-respiratory-infection_syndromic_NHS111triagedcalls_countsByDay,syndromic,default,all,all,2026,9,38,2026-09-18,4357,FALSE
infectious_disease,respiratory,acute-respiratory-infection,Nation,England,E92000001,acute-respiratory-infection_syndromic_NHS111triagedcalls_countsByDay,syndromic,default,all,all,2026,9,38,2026-09-19,8392,FALSE
infectious_disease,respiratory,acute-respiratory-infection,Nation,England,E92000001,acute-respiratory-infection_syndromic_NHS111triagedcalls_countsByDay,syndromic,default,all,all,2026,9,38,2026-09-20,7507,FALSE
